timestamp,date,open,high,low,close,volume,vwap,transactions
1636520400000,2021-11-10,106.75,119.46,95.2,100.73,103679466.0,105.6796,1241380
1636606800000,2021-11-11,114.625,125,108.01,122.99,83668202.0,117.4829,1152711
1636693200000,2021-11-12,128.645,135.2,125.25,129.95,50636796.0,128.8646,696805
1636952400000,2021-11-15,130.8,152.53,127.51,149.36,64982343.0,142.5195,849109
1637038800000,2021-11-16,163.8,179.4699,153.78,172.01,94036577.0,164.9368,1167343
1637125200000,2021-11-17,160.88,163,140.35,146.07,71760890.0,149.2158,1076040
1637211600000,2021-11-18,136.81,138.78,120.15,123.38,63603613.0,126.8202,773896
1637298000000,2021-11-19,129.98,139.9,125.6,128.6,49479449.0,132.3462,615596
1637557200000,2021-11-22,123.88,124.93,106.91,118.11,40993870.0,115.3428,609345
1637643600000,2021-11-23,117.83,124,113,119.85,24967930.0,118.8604,293354
1637730000000,2021-11-24,119.38,120,113.4501,114.85,11539220.0,115.9758,174226
1637902800000,2021-11-26,111,114.4999,106.14,112.13,9871163.0,110.0962,168199
1638162000000,2021-11-29,115.85,122.25,113.6,119.77,13923924.0,117.9975,200048
1638248400000,2021-11-30,119.9,121.49,114.1001,119.76,20204939.0,118.5242,166409
1638334800000,2021-12-01,120.54,126.75,113.1,115.69,13317022.0,119.6115,179758
1638421200000,2021-12-02,114.17,118.45,107.75,110.77,10835537.0,111.1826,169417
1638507600000,2021-12-03,110.49,111.87,100,104.67,13819221.0,103.4214,230968
1638766800000,2021-12-06,106.36,117.48,100.32,116.78,19725442.0,109.8036,259800
1638853200000,2021-12-07,119.52,120.21,112.4,116.18,12173265.0,116.1415,159513
1638939600000,2021-12-08,116.22,123.4,112.82,122.12,12815992.0,119.1201,157170
1639026000000,2021-12-09,119.95,121.32,114.4,115.4,8516690.0,117.722,112327
1639112400000,2021-12-10,115.71,118.01,110.801,114.66,8387504.0,113.1939,115075
1639371600000,2021-12-13,118.14,121.6399,113.95,118.9,14737495.0,118.0189,168202
1639458000000,2021-12-14,114.77,117.9,112.71,117.14,8057732.0,115.3338,101243
1639544400000,2021-12-15,115.47,116.7391,109.21,115,10828610.0,112.8373,137109
1639630800000,2021-12-16,116.76,117,107.06,108.87,13627639.0,109.0685,195359
1639717200000,2021-12-17,99.92,100.6,92.62,97.7,44475030.0,96.4742,537458
1639976400000,2021-12-20,94.8,96.4,88.4,89.98,16072662.0,91.3804,254980
1640062800000,2021-12-21,92.1904,98.42,92.05,96.82,12915065.0,95.593,154796
1640149200000,2021-12-22,96.3876,98.8999,93.3918,96.34,8644060.0,95.8788,116325
1640235600000,2021-12-23,96.3505,97.8219,93.8144,96.84,5670121.0,96.0976,84562
1640581200000,2021-12-27,96.9,107.49,96.8,107.09,15497012.0,104.048,159902
1640667600000,2021-12-28,105.04,106,101,102.87,8827485.0,103.2475,104214
1640754000000,2021-12-29,101.19,102.58,96.62,99.34,8754919.0,98.8027,109927
1640840400000,2021-12-30,98.852,105.29,98.66,103.42,10874677.0,103.4086,105452
1640926800000,2021-12-31,102.44,106.12,102.28,103.69,5814883.0,104.1229,63923
1641186000000,2022-01-03,106.14,106.55,100.25,102.72,8356564.0,103.0441,110137
1641272400000,2022-01-04,102.99,106.8,99.0137,101.39,12152212.0,102.2489,122708
1641358800000,2022-01-05,98.32,99.215,89.28,90.01,18645144.0,93.479,277127
1641445200000,2022-01-06,91.88,92.03,75.13,87.33,39827057.0,83.104,438984
1641531600000,2022-01-07,87.02,89.2699,81.6214,86.28,17512980.0,85.8242,189727
1641790800000,2022-01-10,83.5201,83.75,77.65,81.44,17289838.0,80.1681,211309
1641877200000,2022-01-11,78.94,86.5799,78.12,83.55,19970628.0,83.4712,191777
1641963600000,2022-01-12,84.9,88.07,82.63,86.48,14422790.0,85.59,156754
1642050000000,2022-01-13,86.9404,86.9404,79.89,80.31,13677509.0,82.7434,156022
1642136400000,2022-01-14,79.57,81.69,77.01,79.95,15837984.0,79.2454,167194
1642482000000,2022-01-18,77.525,77.84,72.8554,73.16,16824830.0,74.9019,199801
1642568400000,2022-01-19,74.82,76.32,68.95,69.4,15068410.0,71.4479,178224
1642654800000,2022-01-20,70.8581,72.0799,64.81,65.02,18642718.0,68.1377,215101
1642741200000,2022-01-21,63.865,67.16,60.51,64.51,19344685.0,64.3023,185320
1643000400000,2022-01-24,60.11,64.3,55.1,63.9,24134813.0,58.8282,249198
1643086800000,2022-01-25,61.1053,61.93,58,59.61,16557239.0,59.8169,169432
1643173200000,2022-01-26,62.35,68.07,59.01,60.27,23694075.0,63.2213,229852
1643259600000,2022-01-27,61.33,61.7,53.331,53.94,23416377.0,55.7568,245500
1643346000000,2022-01-28,53.6,57.3,50,57.12,23965079.0,53.8834,234701
1643605200000,2022-01-31,58.65,65.93,57.92,65.74,18684866.0,62.862,201781
1643691600000,2022-02-01,67.28,71.46,62.35,69.62,24476526.0,67.6975,223284
1643778000000,2022-02-02,69.39,69.9,63.55,64.32,15592804.0,65.9361,151580
1643864400000,2022-02-03,60.8268,63.9193,59,60.36,19776330.0,60.6522,188305
1643950800000,2022-02-04,62.065,62.78,59.11,60.87,14588481.0,61.2287,133819
1644210000000,2022-02-07,60.8753,63.83,57.52,58.36,14781985.0,59.7205,145180
1644296400000,2022-02-08,58.08,61.54,56.44,60.95,12079248.0,59.3771,110737
1644382800000,2022-02-09,61.86,65.12,60.75,64.53,13343731.0,63.3068,127429
1644469200000,2022-02-10,61.455,68.98,60.66,64.72,17665374.0,65.6133,148778
1644555600000,2022-02-11,64.5,66.3999,57.7,58.85,15293350.0,60.7487,169119
1644814800000,2022-02-14,60.36,66.3999,59.9,62.65,26874502.0,63.6107,227503
1644901200000,2022-02-15,65.8,67.18,63.88,66.29,16267409.0,65.5304,152099
1644987600000,2022-02-16,65.37,66.43,63.34,66.25,12758287.0,64.9828,107336
1645074000000,2022-02-17,64.685,71.5,64.13,64.74,22387735.0,68.2531,194377
1645160400000,2022-02-18,65.7725,66.8999,63.0101,66.37,14965890.0,65.3977,129459
1645506000000,2022-02-22,65.25,69.1,59.76,62.39,22737010.0,63.4379,213674
1645592400000,2022-02-23,63.427,63.5,57.05,57.53,22637048.0,58.8683,199623
1645678800000,2022-02-24,54.24,64.43,53.5,63.71,24082217.0,59.1729,192295
1645765200000,2022-02-25,63.35,63.99,60.81,63.43,13455160.0,62.6511,111481
1646024400000,2022-02-28,63.49,68.15,62.4,67.56,19270233.0,66.0747,154137
1646110800000,2022-03-01,65.43,66.54,60.8,61.91,17204090.0,62.7214,174930
1646197200000,2022-03-02,59.135,59.14,53.3,53.56,36559845.0,54.9378,426303
1646283600000,2022-03-03,54.36,56,50.02,50.91,28535496.0,51.7643,322451
1646370000000,2022-03-04,51.01,51.41,46.66,47.39,24430480.0,48.4569,289663
1646629200000,2022-03-07,48,49.44,42.28,42.43,22985243.0,45.1259,257378
1646715600000,2022-03-08,41.89,45.06,39.86,42.21,25165008.0,42.7673,242188
1646802000000,2022-03-09,43.39,46.25,42.69,43.95,15784712.0,44.5831,151726
1646888400000,2022-03-10,44.105,44.19,39.77,41.16,31481076.0,40.1578,318089
1646974800000,2022-03-11,38.32,41,37.5,38.05,42597909.0,38.5708,400148
1647230400000,2022-03-14,37.74,37.74,34.9,35.83,20756413.0,35.8517,217423
1647316800000,2022-03-15,35.67,37.32,33.46,37,19671319.0,35.5859,175403
1647403200000,2022-03-16,38.5,42.0998,37.65,41.58,23752157.0,40.2798,190779
1647489600000,2022-03-17,40.84,42.75,38.52,42.13,17167200.0,40.7595,156721
1647576000000,2022-03-18,42.61,45.7,42.3317,45.6,19770637.0,44.5688,160378
1647835200000,2022-03-21,45.64,46.55,42.31,43.56,13226957.0,43.9243,139343
1647921600000,2022-03-22,43.65,48.3,43.13,46.93,13110484.0,46.3131,121957
1648008000000,2022-03-23,46.47,48,44.63,45.87,12025060.0,46.2951,111992
1648094400000,2022-03-24,46.25,48.7,44.6,48.66,12804909.0,46.8907,119610
1648180800000,2022-03-25,48.87,49.1,45.23,46.16,10825092.0,46.6714,116972
1648440000000,2022-03-28,46.835,48.1645,44,45.98,11018363.0,45.6946,109118
1648526400000,2022-03-29,47.36,54.83,46.61,53.88,26325315.0,51.2609,231739
1648612800000,2022-03-30,52.735,56.7599,51.81,52.01,20271746.0,53.7584,169513
1648699200000,2022-03-31,51.895,51.93,49.55,50.24,12740889.0,50.5198,116221
1648785600000,2022-04-01,50.18,50.26,46.21,46.44,15244400.0,47.4762,145370
1649044800000,2022-04-04,46.8,47.6954,45.65,46.53,15558146.0,46.7685,133196
1649131200000,2022-04-05,46.53,46.88,41.89,42.19,19576507.0,43.3946,207102
1649217600000,2022-04-06,43.3,43.35,39.571,40.1,22212706.0,40.7956,201471
1649304000000,2022-04-07,40.36,40.5,37.6,39.98,19405608.0,39.1655,190744
1649390400000,2022-04-08,39.49,41.0411,38.3085,38.8,10675745.0,39.4516,97284
1649649600000,2022-04-11,37.84,41.94,37.15,39.5,14206699.0,39.9567,127242
1649736000000,2022-04-12,40.23,41.99,37.67,38.15,14264471.0,39.6313,146363
1649822400000,2022-04-13,38.305,41.27,37.31,41.15,14068094.0,39.9757,119792
1649908800000,2022-04-14,40.25,41.9,40.21,40.59,9206097.0,40.9688,92001
1650254400000,2022-04-18,40.02,40.64,37.32,38.23,12841634.0,38.3073,119536
1650340800000,2022-04-19,38.19,39.77,36.66,39.15,11382222.0,38.6839,107516
1650427200000,2022-04-20,38.97,39.45,36.12,36.23,12648503.0,37.0095,139376
1650513600000,2022-04-21,37.19,37.99,33.38,33.76,21534458.0,34.5896,222704
1650600000000,2022-04-22,33.78,34.6736,32.4,33.61,12670174.0,33.3365,134133
1650859200000,2022-04-25,33.37,34.85,33.05,33.9,12428346.0,33.9352,124012
1650945600000,2022-04-26,33.51,33.8,30.58,30.68,18829955.0,31.4919,204118
1651032000000,2022-04-27,31.92,32.83,30.75,31.22,15143704.0,31.4301,148876
1651118400000,2022-04-28,31.57,32.335,29.44,32.18,16929312.0,30.8312,157254
1651204800000,2022-04-29,32.27,33.7799,30.1,30.24,12877355.0,31.5587,105329
1651464000000,2022-05-02,29.94,31.88,29.32,31.74,13888911.0,30.9466,106339
1651550400000,2022-05-03,31.45,33.63,31.12,31.99,14738549.0,32.2014,119159
1651636800000,2022-05-04,31.6,34.275,30.55,33.92,16040785.0,32.1034,119631
1651723200000,2022-05-05,33.05,33.27,30.08,30.71,15878256.0,30.8145,143786
1651809600000,2022-05-06,30.87,31.045,28.71,28.79,20691037.0,29.6267,188774
1652068800000,2022-05-09,25,25.829,22.45,22.78,84388353.0,23.9679,530161
1652155200000,2022-05-10,23.87,24.4,21,22.79,33317040.0,22.539,252844
1652241600000,2022-05-11,22.9051,23.5,19.25,20.6,52989862.0,20.9964,346394
1652328000000,2022-05-12,22.19,26.7,21.68,24.3,73921514.0,24.1865,515231
1652414400000,2022-05-13,26.97,27.98,26.17,26.7,42674913.0,26.8558,276797
1652673600000,2022-05-16,26.47,26.9988,24.33,24.86,32135003.0,25.4269,237525
1652760000000,2022-05-17,25.85,27.87,25.719,27.49,26958778.0,26.7701,197034
1652846400000,2022-05-18,27.165,29.22,26.31,27.29,26828144.0,27.7348,188663
1652932800000,2022-05-19,27.825,30.41,27.45,29.61,29571902.0,29.3649,216457
1653019200000,2022-05-20,30.3,30.65,27.28,28.92,22757615.0,28.6065,178880
1653278400000,2022-05-23,28.61,28.61,26.7,27.99,21521781.0,27.5,156924
1653364800000,2022-05-24,27.385,27.5,25.54,26.53,19068396.0,26.3429,136324
1653451200000,2022-05-25,26.39,27.725,25.72,27.25,15742056.0,27.0203,110235
1653537600000,2022-05-26,27.23,29.92,27.081,29.23,14536348.0,29.186,126732
1653624000000,2022-05-27,29.59,31.8214,29.58,30.96,17473183.0,30.975,146279
1653969600000,2022-05-31,32.345,32.6,30.09,31.4,21305702.0,31.4745,155629
1654056000000,2022-06-01,31.65,32.22,29.95,30.25,13533295.0,30.867,116066
1654142400000,2022-06-02,29.39,32.79,29.16,31.94,15079050.0,31.6359,137125
1654228800000,2022-06-03,30.85,31.46,29.8768,30.19,13756048.0,30.3989,133152
1654488000000,2022-06-06,30.85,31,28.675,28.98,14661704.0,29.5948,136030
1654574400000,2022-06-07,28.6,29.76,27.4,29.72,17555140.0,28.5041,149759
1654660800000,2022-06-08,29.69,31.42,29.63,29.8,12660230.0,30.3816,117949
1654747200000,2022-06-09,29.5,30.21,28.73,28.87,10777836.0,29.4189,93288
1654833600000,2022-06-10,28.33,29.64,27.71,28.36,14389065.0,28.3788,128052
1655092800000,2022-06-13,27.16,27.87,26.3713,26.81,19542257.0,26.8653,175826
1655179200000,2022-06-14,26.69,28.68,26.0257,27.3,16104429.0,27.5575,147634
1655265600000,2022-06-15,27.18,29.56,27.14,29.08,18559628.0,28.7434,140530
1655352000000,2022-06-16,27.95,28.9,25.8,26.42,22035084.0,26.711,170258
1655438400000,2022-06-17,26.545,27.17,25.59,26.24,19308383.0,26.276,135997
1655784000000,2022-06-21,26.98,30.36,26.98,29.07,25618102.0,29.418,174413
1655870400000,2022-06-22,28.35,29.98,28.23,28.56,16150709.0,28.897,109579
1655956800000,2022-06-23,28.86,29.65,27.79,29.47,14175608.0,28.8956,123736
1656043200000,2022-06-24,29.68,30.7,28.86,29.5,22063518.0,29.5864,138386
1656302400000,2022-06-27,29.57,30.15,28.01,28.44,11869852.0,28.7176,105187
1656388800000,2022-06-28,28.11,28.815,26.861,26.99,14416817.0,27.5387,104754
1656475200000,2022-06-29,26.53,26.98,25.66,26.27,10857653.0,26.1464,94199
1656561600000,2022-06-30,25.93,26.43,24.83,25.74,11632982.0,25.7323,110631
1656648000000,2022-07-01,25.91,26.78,25.295,25.7,8544350.0,25.7944,87075
1656993600000,2022-07-05,25.18,26.94,24.48,26.86,10470073.0,25.8394,102138
1657080000000,2022-07-06,28,30.6,28,29.66,36729416.0,29.6122,286677
1657166400000,2022-07-07,30,31.77,29.66,31.63,25560928.0,30.8973,181441
1657252800000,2022-07-08,31.425,33.2,30.56,31.99,20009724.0,32.1427,164346
1657512000000,2022-07-11,32.35,32.7,29.47,29.93,18702192.0,30.3869,154987
1657598400000,2022-07-12,29.73,30.59,28.95,30.15,15862038.0,29.8481,123313
1657684800000,2022-07-13,29.5,31.37,29.31,30.76,12542916.0,30.4427,106880
1657771200000,2022-07-14,30.54,30.96,29.4,30.83,10947209.0,30.3057,89246
1657857600000,2022-07-15,31.05,31.63,29.91,31.6,13762650.0,30.876,102321
1658116800000,2022-07-18,32.45,33.58,31.7,31.8,13577026.0,32.8192,121931
1658203200000,2022-07-19,32.22,32.74,31.5819,31.71,16244998.0,32.2047,120690
1658289600000,2022-07-20,31.89,33.3,31.788,32.74,17831389.0,32.7421,135321
1658376000000,2022-07-21,32.78,34.75,32.7,34.13,24446800.0,33.8194,187018
1658462400000,2022-07-22,35.12,35.41,32,32.48,16935816.0,33.1747,144438
1658721600000,2022-07-25,32.7,32.82,31.2,32.17,9878534.0,32.0467,92199
1658808000000,2022-07-26,31.334,31.82,30.86,31.69,7838711.0,31.4096,75800
1658894400000,2022-07-27,32.17,32.365,31.01,32.01,10371207.0,31.6725,95126
1658980800000,2022-07-28,32.8,33.91,31.9,33.845,11384191.0,33.0323,104232
1659067200000,2022-07-29,33.275,34.365,32.94,34.3,12381167.0,33.8819,92614
1659326400000,2022-08-01,34.3,35.48,33.8349,34.81,12399130.0,34.809,106838
1659412800000,2022-08-02,34.18,35.555,34,35.01,13829412.0,34.8821,121510
1659499200000,2022-08-03,35.44,36.79,34.48,36.59,14243849.0,35.891,132261
1659585600000,2022-08-04,36,37.29,35.62,36.18,12410225.0,36.4028,113379
1659672000000,2022-08-05,36.09,36.31,35.105,35.67,12314070.0,35.573,117241
1659931200000,2022-08-08,36.56,39.29,36.06,38.09,16294784.0,38.0959,145123
1660017600000,2022-08-09,37.74,38.09,36.28,36.7,12904483.0,36.8327,120643
1660104000000,2022-08-10,38.19,38.26,36.7705,37.4,15370267.0,37.361,124933
1660190400000,2022-08-11,38.605,39.95,37.75,38.95,35949094.0,38.8158,269925
1660276800000,2022-08-12,39.73,40.56,37.3,38.9,39044033.0,39.2064,252501
1660536000000,2022-08-15,37.24,39.29,36.46,37.28,21310411.0,37.3224,185799
1660622400000,2022-08-16,36.96,38.645,35.85,38.23,17300386.0,37.4335,141882
1660708800000,2022-08-17,37.65,38.13,36.265,36.42,11716052.0,36.8027,108216
1660795200000,2022-08-18,36.46,36.7,35.01,35.9,8882164.0,35.6831,83765
1660881600000,2022-08-19,34.96,35.08,33.77,34.45,10999216.0,34.3799,102830
1661140800000,2022-08-22,33.25,34.065,32.9,33.06,11006307.0,33.3804,105126
1661227200000,2022-08-23,33.18,33.59,31.97,32.21,9766752.0,32.6578,92698
1661313600000,2022-08-24,32.47,33.72,32.43,32.56,9434137.0,33.0206,81939
1661400000000,2022-08-25,32.89,33.37,32.5811,32.9,8968441.0,32.9173,79953
1661486400000,2022-08-26,32.82,33.86,31.44,32.11,10728721.0,32.2774,100264
1661745600000,2022-08-29,31.6,33.26,31.55,32.31,8517328.0,32.4949,85190
1661832000000,2022-08-30,32.74,33.04,31.445,31.89,8541030.0,32.1034,83110
1661918400000,2022-08-31,32.55,33.1397,31.76,32.71,19332764.0,32.6254,97845
1662004800000,2022-09-01,32.28,32.43,30.71,31.95,10468532.0,31.4129,109076
1662091200000,2022-09-02,32.21,32.56,30.9,32.07,8869529.0,31.9892,94543
1662436800000,2022-09-06,32.39,34.99,32.02,33.22,24795668.0,33.6736,193796
1662523200000,2022-09-07,33.28,34.4,32.7,33.25,15105279.0,33.2836,116301
1662609600000,2022-09-08,35.24,36.9,34.6,36.88,44771968.0,35.8585,313096
1662696000000,2022-09-09,36.28,37.88,35.21,37.55,27141322.0,36.6724,189756
1662955200000,2022-09-12,37.82,38.99,37.75,38.74,20862965.0,38.49,171795
1663041600000,2022-09-13,37.02,39.57,36.85,38.76,24593679.0,38.6183,209499
1663128000000,2022-09-14,38.3,40.345,37.7738,40.1,24685825.0,39.4687,181043
1663214400000,2022-09-15,39.8,40.86,38.89,39.69,24201967.0,40.0243,180640
1663300800000,2022-09-16,38.81,39.81,38.17,39.26,70434773.0,39.2581,200820
1663560000000,2022-09-19,38.82,38.89,37.01,37.94,18345512.0,37.9232,130501
1663646400000,2022-09-20,37.71,38.34,35.73,35.75,17513199.0,36.987,128056
1663732800000,2022-09-21,35.65,36.67,34.84,35.1,13975040.0,35.6621,107354
1663819200000,2022-09-22,34.758,35.18,33.1,33.33,13544217.0,33.96,112934
1663905600000,2022-09-23,32.71,33.5827,31.77,33.56,16238460.0,33.0835,135211
1664164800000,2022-09-26,33.42,35.05,33.18,33.85,11315860.0,34.1938,97489
1664251200000,2022-09-27,34.92,35.17,33.18,33.79,11482017.0,33.9595,93895
1664337600000,2022-09-28,33.86,35.25,33.55,35.08,11277359.0,34.5985,84580
1664424000000,2022-09-29,35.34,35.76,32.14,32.31,17029920.0,33.1641,124475
1664510400000,2022-09-30,31.75,34.13,31.641,32.91,12381047.0,33.1919,107860
1664769600000,2022-10-03,32.722,32.85,31.01,31.89,13778448.0,31.9497,118068
1664856000000,2022-10-04,34.17,36.385,33.8,36.3,29058734.0,35.2441,202860
1664942400000,2022-10-05,36.17,36.23,34.65,36.13,15778890.0,35.4886,133903
1665028800000,2022-10-06,36.48,37.3901,35.28,36.76,17266545.0,36.3128,150351
1665115200000,2022-10-07,35.71,36.0082,33.01,33.95,22803555.0,33.811,184865
1665374400000,2022-10-10,32,32.348,30.16,31.48,26171458.0,31.0794,207080
1665460800000,2022-10-11,31.448,33.685,30.81,32.33,20802751.0,32.4832,154875
1665547200000,2022-10-12,32.67,32.9774,31.565,32.35,14040176.0,32.2152,106226
1665633600000,2022-10-13,30.95,33.18,30.33,32.5,16134976.0,31.962,136021
1665720000000,2022-10-14,33.055,33.25,28.615,28.71,22520569.0,29.9981,188306
1665979200000,2022-10-17,29.81,30.84,29.4,30.7,14050613.0,30.4073,104377
1666065600000,2022-10-18,32.0962,32.31,30.9901,31.64,13668133.0,31.6085,110934
1666152000000,2022-10-19,30.91,31.76,30.57,31.5,10644887.0,31.2571,92969
1666238400000,2022-10-20,31.1,32.16,30.37,30.73,10633215.0,31.1701,94318
1666324800000,2022-10-21,30.39,32,30.09,31.92,9941781.0,31.3229,83381
1666584000000,2022-10-24,31.45,31.79,29.45,31.34,11197673.0,30.6958,108645
1666670400000,2022-10-25,31.325,34.75,31.325,34.49,18931425.0,33.7666,156933
1666756800000,2022-10-26,34,35.85,33.9,34.44,11358646.0,34.943,102348
1666843200000,2022-10-27,34.37,35.22,33.9,34.5,8968105.0,34.4518,80546
1666929600000,2022-10-28,34.36,35.07,34.1,34.48,8410865.0,34.4693,77893
1667188800000,2022-10-31,34.28,35.995,33.97,34.97,23372460.0,35.1748,136845
1667275200000,2022-11-01,36.15,36.4464,33.38,33.48,10366136.0,34.2955,100161
1667361600000,2022-11-02,33.51,33.755,31.46,31.52,10788344.0,32.5345,102540
1667448000000,2022-11-03,31.28,33.55,31.01,32.24,8075423.0,32.473,80293
1667534400000,2022-11-04,33.43,33.5,31.1,31.99,8159246.0,32.217,84800
1667797200000,2022-11-07,32.565,32.9276,31.01,31.32,7413963.0,31.6693,76939
1667883600000,2022-11-08,31.45,32.84,30.35,31.85,11768926.0,31.6728,104181
1667970000000,2022-11-09,31.03,31.15,27.3601,28.07,28043285.0,28.7414,231024
1668056400000,2022-11-10,32.885,33.52,31.13,32.96,29299894.0,32.6833,225029
1668142800000,2022-11-11,33.185,34.98,31.92,34.9,21051750.0,33.8338,170900
1668402000000,2022-11-14,34.39,35.15,33.2036,34.38,12608879.0,34.0336,98945
1668488400000,2022-11-15,34.44,35.735,33.92,35.15,19268190.0,34.9202,139372
1668574800000,2022-11-16,34.355,34.49,32.85,33.32,10069213.0,33.4208,92411
1668661200000,2022-11-17,32.24,32.755,31.71,32.07,7890864.0,32.1863,77825
1668747600000,2022-11-18,32.65,32.69,29.81,30.34,13130182.0,30.6652,112086
1669006800000,2022-11-21,29.68,30.15,28.4,28.42,13508577.0,29.1794,126717
1669093200000,2022-11-22,28.58,29.47,27.85,28.94,10770229.0,28.7664,104908
1669179600000,2022-11-23,29.27,30.18,28.95,29.71,9511282.0,29.6399,84703
1669352400000,2022-11-25,29.64,29.64,29.1,29.53,3907611.0,29.4712,40037
1669611600000,2022-11-28,29.1,29.56,28.58,28.64,7764125.0,28.8764,76710
1669698000000,2022-11-29,29.15,29.49,28.6647,28.85,6705719.0,29.0268,62020
1669784400000,2022-11-30,29.05,32.23,29.02,32.04,18375927.0,31.0914,118101
1669870800000,2022-12-01,31.965,32.6,30.3,31.48,12056774.0,31.3525,109147
1669957200000,2022-12-02,30.63,31.6,30.25,31.36,8879126.0,30.9702,85261
1670216400000,2022-12-05,31.01,31.345,29.435,29.53,7560385.0,30.0756,78442
1670302800000,2022-12-06,29.5,29.54,27.425,27.89,13170726.0,28.0981,127443
1670389200000,2022-12-07,27.75,28.2267,27.27,27.94,8877254.0,27.8283,89114
1670475600000,2022-12-08,28.26,28.64,27.59,28.58,9582453.0,28.3018,99471
1670562000000,2022-12-09,28.35,29.2754,27.245,27.29,11334450.0,27.9172,102490
1670821200000,2022-12-12,26.75,26.9,25.52,25.61,19596856.0,26.0615,176096
1670907600000,2022-12-13,27.2,27.96,24.63,24.96,20597281.0,25.8328,179089
1670994000000,2022-12-14,24.92,25.58,24.43,24.54,14213075.0,24.8724,122512
1671080400000,2022-12-15,24.03,25.06,23.86,23.97,13295999.0,24.2733,113570
1671166800000,2022-12-16,23.89,24.31,22.3,22.48,58554643.0,22.6148,172204
1671426000000,2022-12-19,22.53,22.74,21.85,22.03,18825174.0,22.1744,128937
1671512400000,2022-12-20,21.85,22.46,21.29,21.4,15114688.0,21.6887,116564
1671598800000,2022-12-21,21.575,21.61,20.73,21.03,13435043.0,21.2888,98310
1671685200000,2022-12-22,20.66,20.81,18.92,19.73,24271228.0,19.6836,173325
1671771600000,2022-12-23,19.765,19.77,18.5224,19.14,18952016.0,19.1122,133326
1672117200000,2022-12-27,18.65,18.7,17.65,17.74,21662961.0,17.9496,155138
1672203600000,2022-12-28,17.75,18.26,17.45,17.74,20967690.0,17.8087,153220
1672290000000,2022-12-29,18.39,19.025,18.14,18.73,22062974.0,18.6828,137994
1672376400000,2022-12-30,18.25,18.5781,17.915,18.43,17181766.0,18.2392,115536
1672722000000,2023-01-03,18.9,18.99,17.08,17.34,25993921.0,17.5003,185235
1672808400000,2023-01-04,17.2,18.06,16.56,17.71,28730158.0,17.4139,184133
1672894800000,2023-01-05,17.35,17.38,16.53,16.56,24201211.0,16.7533,151005
1672981200000,2023-01-06,16.09,16.655,15.84,16.4,22022294.0,16.3088,138295
1673240400000,2023-01-09,16.62,17.2,16.47,16.62,21567712.0,16.8834,130540
1673326800000,2023-01-10,16.82,17.37,16.02,16.45,26468270.0,16.4705,167602
1673413200000,2023-01-11,16.515,17.695,16.185,17.08,33365060.0,17.0553,192413
1673499600000,2023-01-12,17.25,17.78,16.48,17.58,30584206.0,17.2181,183512
1673586000000,2023-01-13,16.82,16.84,15.82,16.45,42771422.0,16.2733,223374
1673931600000,2023-01-17,16.675,17.28,16.371,16.93,25623633.0,16.8458,140078
1674018000000,2023-01-18,17.39,17.71,16.46,16.5,22158125.0,16.855,127573
1674104400000,2023-01-19,16.232,16.36,15.28,15.79,28441538.0,15.7721,170424
1674190800000,2023-01-20,15.99,16.51,15.545,16.23,23671995.0,16.1152,113761
1674450000000,2023-01-23,16.48,18.38,16.44,18.1,41768315.0,17.8524,202329
1674536400000,2023-01-24,17.93,18.63,17.62,18.05,22660052.0,18.0902,128824
1674622800000,2023-01-25,17.41,18.765,17.1204,18.69,26136530.0,18.0681,146095
1674709200000,2023-01-26,19.68,19.88,18.01,18.31,32276720.0,18.502,168288
1674795600000,2023-01-27,18.22,21.44,18.14,19.83,73907060.0,20.0272,325490
1675054800000,2023-01-30,19.83,19.9485,18.01,18.04,34992523.0,18.675,202947
1675141200000,2023-01-31,18.09,19.43,17.7722,19.4,31614355.0,18.9138,163419
1675227600000,2023-02-01,19.5,20.0697,18.215,19.71,36443883.0,19.0709,197442
1675314000000,2023-02-02,20.44,22.09,20.32,20.88,39026849.0,21.0554,217485
1675400400000,2023-02-03,19.98,21.32,19.745,19.9,27177316.0,20.4026,166307
1675659600000,2023-02-06,19.8,20.36,19.61,20.22,15772565.0,20.0144,105205
1675746000000,2023-02-07,20.17,20.19,18.71,19.91,28566940.0,19.3664,165327
1675832400000,2023-02-08,19.49,20.38,19.45,20.08,18650881.0,19.9941,119805
1675918800000,2023-02-09,20.49,20.885,19.24,19.42,18834417.0,19.9545,125600
1676005200000,2023-02-10,18.94,19.16,18.55,18.85,17148473.0,18.828,118657
1676264400000,2023-02-13,18.65,19.065,18.28,18.92,13538627.0,18.7631,93658
1676350800000,2023-02-14,18.57,19.64,18.18,19.49,17274191.0,19.106,112344
1676437200000,2023-02-15,18.995,21.15,18.96,21.15,28055909.0,20.3191,165568
1676523600000,2023-02-16,20.79,21.68,20.32,20.68,21737691.0,21.1003,137768
1676610000000,2023-02-17,20.4,20.57,19.5,20.22,16589208.0,19.9097,115174
1676955600000,2023-02-21,19.675,19.93,18.97,19.08,13737711.0,19.2513,103836
1677042000000,2023-02-22,19.185,19.535,18.5718,19.02,16786941.0,18.9718,104100
1677128400000,2023-02-23,18.89,18.93,17.5,18.18,25995933.0,18.0549,168968
1677214800000,2023-02-24,17.5,17.63,16.905,17.32,20161550.0,17.2388,144047
1677474000000,2023-02-27,17.76,18.63,17.6,18.45,20042490.0,18.2476,121465
1677560400000,2023-02-28,18.53,19.76,18.53,19.3,36331125.0,19.0193,198189
1677646800000,2023-03-01,17.65,17.68,15.56,15.76,87442050.0,16.1782,459329
1677733200000,2023-03-02,15.565,16.19,15.08,15.72,41770783.0,15.7135,233338
1677819600000,2023-03-03,16.02,17.48,15.72,16.92,48011328.0,16.8222,253860
1678078800000,2023-03-06,17.14,17.74,16.96,17.13,32080027.0,17.2754,190235
1678165200000,2023-03-07,15.925,15.94,14.61,14.64,128728976.0,15.0883,541356
1678251600000,2023-03-08,14.655,15.23,14.21,15.13,76217662.0,14.7855,264956
1678338000000,2023-03-09,14.89,15.26,14.441,14.53,40718829.0,14.8228,178177
1678424400000,2023-03-10,14.72,14.905,14,14.16,42475664.0,14.3913,216249
1678680000000,2023-03-13,13.801,14.11,13.12,13.73,43513022.0,13.7333,244063
1678766400000,2023-03-14,14.09,14.11,13.1,13.21,36173216.0,13.427,208012
1678852800000,2023-03-15,12.911,13.3916,12.795,13.03,43498106.0,13.0638,197982
1678939200000,2023-03-16,13.08,13.5,12.91,13.46,30466266.0,13.2868,140172
1679025600000,2023-03-17,13.21,13.32,12.8,13.01,36718161.0,13.0386,147960
1679284800000,2023-03-20,12.78,13.09,12.58,13.02,30927637.0,12.9015,130947
1679371200000,2023-03-21,13.18,13.74,13.13,13.61,27341297.0,13.5552,121917
1679457600000,2023-03-22,13.81,13.9494,13.235,13.29,23357017.0,13.5548,122429
1679544000000,2023-03-23,13.5,13.99,13.41,13.71,20984224.0,13.7456,114105
1679630400000,2023-03-24,13.59,13.915,13.26,13.62,17813282.0,13.5653,95262
1679889600000,2023-03-27,13.8,13.84,13.21,13.31,16035445.0,13.4709,92121
1679976000000,2023-03-28,13.33,13.435,12.88,12.96,16396744.0,13.0696,87166
1680062400000,2023-03-29,13.32,14.44,13.18,14.24,34237262.0,14.0545,159349
1680148800000,2023-03-30,14.55,14.84,14.2728,14.4,24339718.0,14.5271,126323
1680235200000,2023-03-31,14.54,15.68,14.41,15.48,38244728.0,15.2782,167264
1680494400000,2023-04-03,15.28,15.59,14.63,15.23,26714470.0,15.0532,146827
1680580800000,2023-04-04,15.28,15.795,14.73,15.38,21953047.0,15.1961,104129
1680667200000,2023-04-05,15.18,15.19,14.3801,14.63,19066525.0,14.6827,101802
1680753600000,2023-04-06,14.57,14.81,14.31,14.47,14752505.0,14.5696,90257
1681099200000,2023-04-10,14.32,14.845,14.03,14.81,14468617.0,14.5312,90088
1681185600000,2023-04-11,14.98,15.085,14.65,14.74,14668600.0,14.8087,84515
1681272000000,2023-04-12,15.06,15.24,14.11,14.19,23278037.0,14.4104,123378
1681358400000,2023-04-13,14.4,14.485,14.19,14.37,13000545.0,14.3481,74144
1681444800000,2023-04-14,13.862,13.92,13.1614,13.38,36941144.0,13.4478,202619
1681704000000,2023-04-17,13.39,14.115,13.34,13.73,24478237.0,13.7964,126110
1681790400000,2023-04-18,13.73,13.73,13.31,13.43,19327154.0,13.4622,99896
1681876800000,2023-04-19,13,13.08,12.66,12.82,31590488.0,12.828,156132
1681963200000,2023-04-20,12.32,12.785,12.02,12.35,32712558.0,12.3549,165023
1682049600000,2023-04-21,12.365,12.38,11.88,12.25,20694995.0,12.1749,111094
1682308800000,2023-04-24,12.3,12.48,12.08,12.36,14196556.0,12.2897,78656
1682395200000,2023-04-25,12.19,12.275,11.96,12,17876603.0,12.0762,85734
1682481600000,2023-04-26,12.15,12.33,11.68,12.04,22594505.0,12.0501,111559
1682568000000,2023-04-27,12.17,12.78,12.08,12.67,22583396.0,12.5449,102196
1682654400000,2023-04-28,12.7,12.955,12.47,12.82,18185041.0,12.7888,75250
1682913600000,2023-05-01,12.805,12.83,12.37,12.65,12868703.0,12.5744,79430
1683000000000,2023-05-02,12.58,12.87,12.35,12.68,13130162.0,12.6064,84676
1683086400000,2023-05-03,12.68,13.115,12.56,12.81,14620005.0,12.8801,90169
1683172800000,2023-05-04,12.84,13.15,12.59,12.95,13429003.0,12.9168,82754
1683259200000,2023-05-05,13.14,13.63,13.095,13.41,16793067.0,13.4016,87246
1683518400000,2023-05-08,13.43,14.015,13.23,13.87,23002530.0,13.6862,115240
1683604800000,2023-05-09,13.35,14.085,13.12,13.86,34103263.0,13.8436,176267
1683691200000,2023-05-10,15.085,15.74,14.045,14.11,66713298.0,14.8532,318845
1683777600000,2023-05-11,14.21,14.575,13.72,13.84,26179633.0,14.0527,135101
1683864000000,2023-05-12,13.8,13.97,12.735,12.91,31065647.0,13.0783,163290
1684123200000,2023-05-15,12.59,13.54,12.55,13.44,22534047.0,13.1285,127974
1684209600000,2023-05-16,13.22,13.33,12.93,13.08,13799351.0,13.0923,87826
1684296000000,2023-05-17,13.08,13.455,13,13.41,16167298.0,13.3043,87257
1684382400000,2023-05-18,13.4,13.56,13.05,13.54,13853206.0,13.3589,77103
1684468800000,2023-05-19,13.52,14.2999,13.29,13.47,24278016.0,13.7246,126841
1684728000000,2023-05-22,13.47,14.36,13.38,14.23,20291043.0,14.0881,117828
1684814400000,2023-05-23,14.04,14.76,14,14.2,18442819.0,14.3679,105279
1684900800000,2023-05-24,13.95,14.42,13.6,14.38,19055895.0,14.0483,100542
1684987200000,2023-05-25,14.27,14.66,14.14,14.57,16133247.0,14.4584,91801
1685073600000,2023-05-26,14.65,15.46,14.65,15.14,26621241.0,15.1433,129654
1685419200000,2023-05-30,15.6,15.66,14.435,14.87,29933764.0,14.902,156207
1685505600000,2023-05-31,14.75,15.01,14.38,14.73,49316905.0,14.663,144251
1685592000000,2023-06-01,14.43,14.94,14.02,14.58,25361848.0,14.543,127392
1685678400000,2023-06-02,15,15.07,14.45,14.48,20138881.0,14.6508,110635
1685937600000,2023-06-05,14.59,14.67,14.025,14.34,17602045.0,14.302,106842
1686024000000,2023-06-06,14.2,14.92,14.11,14.5,22214379.0,14.5103,134763
1686110400000,2023-06-07,14.7,14.755,13.81,13.82,30942798.0,14.1669,147986
1686196800000,2023-06-08,13.85,14.165,13.65,14.05,17716653.0,13.9539,103474
1686283200000,2023-06-09,14.26,14.86,13.83,13.87,25896729.0,14.1619,138574
1686542400000,2023-06-12,14.03,14.69,13.61,14,33828264.0,14.1717,161962
1686628800000,2023-06-13,14.22,15.46,14.095,15.25,46597659.0,14.9863,221489
1686715200000,2023-06-14,15.17,15.39,14.52,14.74,34759571.0,14.9261,170439
1686801600000,2023-06-15,14.48,15.575,14.39,15.24,33097506.0,15.1207,166906
1686888000000,2023-06-16,15.3,16.09,14.73,14.88,92230373.0,15.0999,234865
1687233600000,2023-06-20,15.24,15.83,15.06,15.7,39557125.0,15.4798,188132
1687320000000,2023-06-21,15.95,16.32,14.41,14.62,49422020.0,15.0103,255607
1687406400000,2023-06-22,14.4,14.65,14.02,14.15,25705610.0,14.3025,135134
1687492800000,2023-06-23,13.96,14.02,13.5,13.53,23978211.0,13.6708,126739
1687752000000,2023-06-26,13.59,13.97,13.38,13.45,21634504.0,13.5931,123236
1687838400000,2023-06-27,13.72,13.95,13.3,13.94,27593820.0,13.6345,122456
1687924800000,2023-06-28,13.9,14.87,13.82,14.64,32296426.0,14.4945,156505
1688011200000,2023-06-29,14.74,16.01,14.61,16.01,48833726.0,15.5078,197960
1688097600000,2023-06-30,16.22,16.75,15.78,16.66,40422801.0,16.3393,187852
1688356800000,2023-07-03,17.84,19.7,17.8,19.56,79984819.0,18.9214,378124
1688529600000,2023-07-05,20.705,21.05,19.435,20.43,118923443.0,20.1147,529884
1688616000000,2023-07-06,20.05,21.7699,19.64,21.62,99871584.0,20.805,409427
1688702400000,2023-07-07,22.89,25.63,22.6,24.7,232047307.0,24.2916,1027936
1688961600000,2023-07-10,25.52,26.61,23.58,25.51,174169205.0,25.2433,742701
1689048000000,2023-07-11,24.81,25.74,24.31,24.85,94875316.0,24.9188,430049
1689134400000,2023-07-12,25.41,26.261,23.71,25.91,107585839.0,25.0667,470265
1689220800000,2023-07-13,25.82,26.89,25.18,25.52,100021320.0,25.8777,403916
1689307200000,2023-07-14,25.35,25.79,24.54,24.82,55642063.0,25.0512,255489
1689566400000,2023-07-17,24.01,24.58,23.24,23.99,67075976.0,23.8735,322995
1689652800000,2023-07-18,23.89,25.83,23.74,24.69,66479524.0,25.0884,287962
1689739200000,2023-07-19,25.38,26.03,24.645,24.83,56564954.0,25.2753,253585
1689825600000,2023-07-20,24.45,26.14,23.85,25.81,79330342.0,25.271,332547
1689912000000,2023-07-21,26.5,27.16,24.32,25.27,80944766.0,25.3655,354620
1690171200000,2023-07-24,25.29,26.37,24.7406,25.81,59700537.0,25.6597,272409
1690257600000,2023-07-25,25.98,26.56,25.19,25.35,45926598.0,25.8873,213474
1690344000000,2023-07-26,25.5,27.62,25.45,27.15,73715859.0,26.9171,350428
1690430400000,2023-07-27,28.04,28.06,25.885,26.05,66929470.0,27.1335,295788
1690516800000,2023-07-28,26.66,27.4695,26.33,26.94,48754275.0,26.8899,245626
1690776000000,2023-07-31,27.01,27.78,26.61,27.64,37941551.0,27.2102,186639
1690862400000,2023-08-01,27.19,27.6352,26.35,27.3,40332441.0,26.9409,203547
1690948800000,2023-08-02,26.42,26.48,24.84,25.91,48226671.0,25.7714,214045
1691035200000,2023-08-03,25.37,27.01,25.35,26.5,31737386.0,26.3754,167293
1691121600000,2023-08-04,26.83,26.83,25.18,25.26,33547728.0,25.8085,182591
1691380800000,2023-08-07,25.69,25.74,23.63,24.28,38325761.0,24.2761,216413
1691467200000,2023-08-08,23.78,25.2493,23.6,24.8,57613391.0,24.5978,282672
1691553600000,2023-08-09,24.83,25.73,22.26,22.35,84645942.0,23.2682,419330
1691640000000,2023-08-10,22.66,22.9,21.51,21.91,50575833.0,22.0288,252319
1691726400000,2023-08-11,21.98,21.98,21.28,21.57,29788908.0,21.6495,163551
1691985600000,2023-08-14,20.9,21.8,20.52,21.56,33997042.0,21.1465,182264
1692072000000,2023-08-15,21.66,21.86,20.45,20.78,31758229.0,20.862,182724
1692158400000,2023-08-16,20.375,21.45,20.2,21.04,32188432.0,20.9397,150927
1692244800000,2023-08-17,21.06,21.8,20.66,20.95,34911580.0,21.2243,163992
1692331200000,2023-08-18,20.25,21.17,20.18,20.78,25943971.0,20.7983,135561
1692590400000,2023-08-21,20.86,21.32,20.74,21.18,21257495.0,21.0885,109443
1692676800000,2023-08-22,21.38,21.47,19.77,20.08,30521679.0,20.3142,152755
1692763200000,2023-08-23,19.76,20.49,19.61,20.32,17583143.0,20.2532,99734
1692849600000,2023-08-24,20.2,20.265,19.48,19.64,18933997.0,19.7499,119970
1692936000000,2023-08-25,19.92,20.325,19.57,20.07,17059391.0,20.0133,104093
1693195200000,2023-08-28,20.3,20.74,19.98,20.53,14795200.0,20.3448,88304
1693281600000,2023-08-29,20.38,22.33,20.3519,22.31,33698397.0,21.8366,184688
1693368000000,2023-08-30,22.09,22.92,21.98,22.88,22796347.0,22.5592,130086
1693454400000,2023-08-31,23.03,23.455,22.365,22.73,26642541.0,22.8994,120850
1693540800000,2023-09-01,23,23.755,22.46,23.31,26403026.0,23.322,130571
1693886400000,2023-09-05,23.17,23.7101,23.12,23.39,18911841.0,23.4077,108215
1693972800000,2023-09-06,23.25,23.42,22.501,23.26,18103688.0,22.9477,107750
1694059200000,2023-09-07,22.49,23.49,22.43,23.42,18546416.0,23.0495,103908
1694145600000,2023-09-08,23.4,23.74,22.76,23.1,19088323.0,23.1307,109509
1694404800000,2023-09-11,23.5,23.95,22.89,23.41,26320140.0,23.4581,141716
1694491200000,2023-09-12,23.21,24.46,23.06,23.58,23942118.0,23.8621,131669
1694577600000,2023-09-13,23.59,23.76,23.205,23.25,15641909.0,23.4408,87186
1694664000000,2023-09-14,23.25,24.17,23.19,24.11,21598437.0,23.8801,112002
1694750400000,2023-09-15,24.24,24.62,23.68,24.18,38433185.0,24.1307,121104
1695009600000,2023-09-18,24.03,24.4212,23.41,23.71,20517538.0,23.98,110004
1695096000000,2023-09-19,23.5,23.51,21.81,22.74,33672797.0,22.6418,174724
1695182400000,2023-09-20,22.96,23.42,22.38,22.4,19550801.0,22.9565,101666
1695268800000,2023-09-21,21.8,22.2,21.52,21.53,20032778.0,21.819,109813
1695355200000,2023-09-22,21.6,21.93,20.58,20.59,24225664.0,21.2194,133054
1695614400000,2023-09-25,20.4,21.67,20.03,21.13,24476997.0,20.8973,142062
1695700800000,2023-09-26,21.5,22.67,21.1,22.26,37062070.0,22.2433,179073
1695787200000,2023-09-27,22.64,23.33,21.99,23.05,31254141.0,22.6071,147679
1695873600000,2023-09-28,23.02,23.24,22.23,23.08,23054260.0,22.858,120499
1695960000000,2023-09-29,23.45,24.5,23.39,24.28,35885813.0,24.0922,175573
1696219200000,2023-10-02,23.93,24.87,23.37,23.66,49480604.0,24.0653,256879
1696305600000,2023-10-03,23.18,23.4198,21.56,21.69,42257519.0,22.192,198910
1696392000000,2023-10-04,21.73,23.74,21.5827,23.69,48605997.0,22.9463,247958
1696478400000,2023-10-05,21.2,21.39,18.01,18.27,189828387.0,19.1984,752356
1696564800000,2023-10-06,17.725,19,17.65,18.92,120814392.0,18.3255,395536
1696824000000,2023-10-09,18.29,18.97,17.788,18.78,50895945.0,18.435,214231
1696910400000,2023-10-10,19.35,19.98,19.1099,19.64,54126037.0,19.6389,253091
1696996800000,2023-10-11,19.82,20.19,19.1,19.37,41638137.0,19.5242,174602
1697083200000,2023-10-12,19.36,19.89,18.72,19.33,37700432.0,19.4257,161065
1697169600000,2023-10-13,19.27,19.465,18.78,19.3,29332803.0,19.1445,143163
1697428800000,2023-10-16,19.2,19.79,19.13,19.66,21031109.0,19.6228,119895
1697515200000,2023-10-17,19.28,20.22,19.21,19.9,34080269.0,19.8917,180467
1697601600000,2023-10-18,19.71,19.73,17.9,18.09,45912240.0,18.5939,225578
1697688000000,2023-10-19,17.8,17.99,17.07,17.16,41422979.0,17.3955,203025
1697774400000,2023-10-20,17.02,17.39,16.6215,16.72,30832855.0,16.9078,170646
1698033600000,2023-10-23,16.55,17.65,16.09,17.07,30193336.0,17.0837,151974
1698120000000,2023-10-24,17.3,17.65,16.99,17.43,23001770.0,17.3586,134127
1698206400000,2023-10-25,17.31,17.6,16.96,17.02,21145562.0,17.1911,125370
1698292800000,2023-10-26,16.95,17.01,15.88,16.17,29444898.0,16.2429,169976
1698379200000,2023-10-27,16.71,16.81,15.93,16.01,23930276.0,16.2339,133062
1698638400000,2023-10-30,16.06,16.25,15.29,15.72,28495566.0,15.6629,160880
1698724800000,2023-10-31,15.71,16.43,15.45,16.22,42227119.0,16.1569,135550
1698811200000,2023-11-01,16.25,16.299,15.89,16.13,18125358.0,16.0892,108059
1698897600000,2023-11-02,16.68,17.9,16.62,17.59,42418675.0,17.4012,192402
1698984000000,2023-11-03,17.95,18.435,17.63,17.71,31536028.0,17.8952,164397
1699246800000,2023-11-06,18.01,18.15,16.885,17.18,29007946.0,17.2392,165104
1699333200000,2023-11-07,17.13,17.53,16.76,17.42,45393281.0,17.3589,204751
1699419600000,2023-11-08,18.58,18.7699,16.33,17,121273506.0,17.1467,485841
1699506000000,2023-11-09,16.88,17.37,15.325,15.33,66877263.0,16.0655,269042
1699592400000,2023-11-10,15.42,15.7602,15.12,15.4,48631678.0,15.4295,217539
1699851600000,2023-11-13,15.35,16.38,15.28,16.19,38041896.0,16.04,163770
1699938000000,2023-11-14,16.85,17.2181,16.57,16.9,43215646.0,16.8749,187516
1700024400000,2023-11-15,16.57,17.75,16.25,17.24,52207487.0,17.1049,234626
1700110800000,2023-11-16,17.08,17.15,15.93,16.39,36672163.0,16.3111,182380
1700197200000,2023-11-17,16.48,16.95,16.3,16.7,30371173.0,16.64,140434
1700456400000,2023-11-20,16.89,17.16,16.73,16.93,23650201.0,16.9631,113302
1700542800000,2023-11-21,16.7,16.99,15.715,15.72,38697267.0,16.0513,190798
1700629200000,2023-11-22,15.968,16.14,15.73,15.98,20241155.0,15.9671,97348
1700802000000,2023-11-24,15.98,16.47,15.78,16.43,15188386.0,16.2352,70523
1701061200000,2023-11-27,16.38,16.77,16.1,16.66,24763935.0,16.5488,114493
1701147600000,2023-11-28,16.71,17.43,16.17,17.42,37881922.0,16.8912,156932
1701234000000,2023-11-29,17.7,18.27,17.26,17.32,47888050.0,17.727,219025
1701320400000,2023-11-30,17.5,17.59,16.69,16.76,28376631.0,16.9592,127732
1701406800000,2023-12-01,16.805,18.085,16.62,18.03,39709136.0,17.5777,166004
1701666000000,2023-12-04,17.76,18.25,17.51,17.74,31666429.0,17.854,162673
1701752400000,2023-12-05,17.6,18.02,17.2912,17.41,23840354.0,17.622,114185
1701838800000,2023-12-06,17.65,19.42,17.4,18.38,59282768.0,18.7171,263002
1701925200000,2023-12-07,18.95,19.23,18.3,19.19,37582962.0,18.8403,169957
1702011600000,2023-12-08,19.04,19.55,18.62,19.04,34974804.0,19.0223,152660
1702270800000,2023-12-11,19.11,19.29,18.77,18.95,17753041.0,18.9743,101730
1702357200000,2023-12-12,18.91,18.91,17.75,18.21,33865528.0,18.1604,153833
1702443600000,2023-12-13,18.1,19.69,17.94,19.68,46247662.0,18.9541,163262
1702530000000,2023-12-14,20.315,22.535,20.3,22.43,82961234.0,21.6211,371034
1702616400000,2023-12-15,22.75,22.995,21.65,22.83,59191967.0,22.5914,253260
1702875600000,2023-12-18,22.6,24.17,22.52,23.8,46402259.0,23.4391,228373
1702962000000,2023-12-19,23.96,24.52,23.82,24.35,37545485.0,24.2289,171172
1703048400000,2023-12-20,24.05,24.565,23.15,23.18,38421044.0,23.9419,194586
1703134800000,2023-12-21,23.54,24.12,23.4,23.58,27720771.0,23.7378,134188
1703221200000,2023-12-22,23.73,23.7874,22.8,23.21,23996838.0,23.363,126270
1703566800000,2023-12-26,23.47,24.615,23.31,23.59,30450107.0,23.958,144679
1703653200000,2023-12-27,23.8,23.82,23.14,23.73,22593343.0,23.5443,107758
1703739600000,2023-12-28,23.68,24.3,23.5,23.54,25289549.0,23.9434,129313
1703826000000,2023-12-29,23.6,23.93,23.1,23.46,21364479.0,23.4844,110074
1704171600000,2024-01-02,21.855,21.94,20.76,21.1,49626290.0,21.2675,273732
1704258000000,2024-01-03,20.53,20.66,19.66,20.32,35541726.0,20.1993,178240
1704344400000,2024-01-04,19.92,20.295,19.475,19.5,28452981.0,19.8692,149908
1704430800000,2024-01-05,19.38,19.9,19,19.08,27468398.0,19.3521,145545
1704690000000,2024-01-08,19.06,19.58,18.89,19.58,18745509.0,19.3234,105429
1704776400000,2024-01-09,19.58,19.759,19.16,19.25,18402983.0,19.3905,112005
1704862800000,2024-01-10,19.29,19.39,18.88,19.07,14894373.0,19.0907,87608
1704949200000,2024-01-11,18.88,19.12,18.2812,18.79,22677599.0,18.7033,132622
1705035600000,2024-01-12,18.445,18.865,17.78,18.06,29742177.0,18.1214,154589
1705381200000,2024-01-16,17.72,18.02,17.075,17.82,21092762.0,17.7004,125789
1705467600000,2024-01-17,17.05,17.16,16.28,16.76,45047010.0,16.7248,220601
1705554000000,2024-01-18,17,17.01,15.36,15.74,54757073.0,15.8694,256867
1705640400000,2024-01-19,15.74,15.86,15.16,15.48,38881361.0,15.5041,189292
1705899600000,2024-01-22,15.54,16.81,15.4201,16.03,35812441.0,16.1207,182348
1705986000000,2024-01-23,16.625,16.86,15.8427,16.04,32649221.0,16.2298,156095
1706072400000,2024-01-24,16.345,16.49,15.25,15.34,35086721.0,15.5894,182228
1706158800000,2024-01-25,15,15.29,14.59,15,38654033.0,14.894,194913
1706245200000,2024-01-26,15.13,15.48,15.04,15.29,25757067.0,15.2547,128756
1706504400000,2024-01-29,15.43,16.14,15.03,16.12,37754796.0,15.7904,158618
1706590800000,2024-01-30,16,16.31,15.65,15.66,26006310.0,15.9331,129504
1706677200000,2024-01-31,15.6,16.25,15.31,15.31,31526281.0,15.7992,134800
1706763600000,2024-02-01,15.54,15.76,14.97,15.53,24103551.0,15.3947,115517
1706850000000,2024-02-02,15.25,15.66,15,15.6,24617494.0,15.3166,118969
1707109200000,2024-02-05,15.3,15.35,14.73,14.94,29518356.0,14.9825,147676
1707195600000,2024-02-06,15.03,15.53,14.735,15.5,27700659.0,15.2579,122530
1707282000000,2024-02-07,15.64,15.765,15.11,15.17,21062460.0,15.2764,110522
1707368400000,2024-02-08,15.2,16.12,15.15,16.11,58211480.0,15.889,116519
1707454800000,2024-02-09,16.57,16.84,16.27,16.68,41743399.0,16.5993,156754
1707714000000,2024-02-12,15.96,16.8,15.85,16.33,37615611.0,16.3543,172053
1707800400000,2024-02-13,15.56,15.58,15.035,15.38,37078831.0,15.2935,192682
1707886800000,2024-02-14,15.595,15.83,15.37,15.54,23707288.0,15.5331,114998
1707973200000,2024-02-15,15.6,16.55,15.57,16.35,36312642.0,16.158,162980
1708059600000,2024-02-16,16.2,16.73,16.065,16.3,25352535.0,16.2978,132854
1708405200000,2024-02-20,16.198,16.5,15.46,15.89,27029077.0,15.8238,141222
1708491600000,2024-02-21,15.7,16.095,15.18,15.39,52420991.0,14.7546,268403
1708578000000,2024-02-22,11.98,12.25,11.06,11.45,191810436.0,11.498,706359
1708664400000,2024-02-23,10.92,11.02,10.06,10.07,123712640.0,10.3779,453122
1708923600000,2024-02-26,10.21,10.92,10.05,10.7,71793316.0,10.5657,300472
1709010000000,2024-02-27,10.97,11.25,10.56,11.14,62320414.0,10.9949,221710
1709096400000,2024-02-28,11.04,11.54,10.77,11.3,49549927.0,11.2585,173538
1709182800000,2024-02-29,11.51,11.7599,11.01,11.32,48676843.0,11.3268,169690
1709269200000,2024-03-01,11.2,11.59,11.01,11.35,30529400.0,11.3322,121081
1709528400000,2024-03-04,10.89,11.08,10.55,10.91,50173388.0,10.7921,230530
1709614800000,2024-03-05,10.73,11.195,10.64,10.93,35772143.0,10.9017,146624
1709701200000,2024-03-06,10.99,11.125,10.735,11.03,24995412.0,10.9584,115716
1709787600000,2024-03-07,11.58,12.74,11.045,12.51,153631405.0,12.0571,571202
1709874000000,2024-03-08,13.13,13.64,12.425,12.78,108217169.0,12.989,413633
1710129600000,2024-03-11,12.87,13.52,12.555,12.69,57973666.0,13.0717,222995
1710216000000,2024-03-12,12.75,12.88,11.97,12.37,39465864.0,12.3589,171388
1710302400000,2024-03-13,11.95,12.37,11.645,11.71,37043047.0,11.953,153510
1710388800000,2024-03-14,11.52,11.59,10.54,10.69,60056427.0,10.8897,245625
1710475200000,2024-03-15,11.01,11.2888,10.8741,11.04,48372654.0,11.0717,184770
1710734400000,2024-03-18,11.19,11.56,10.76,11.4,39248405.0,11.2614,154752
1710820800000,2024-03-19,11.16,11.38,10.97,11.26,28605137.0,11.1998,114283
1710907200000,2024-03-20,11.2,11.46,10.96,11.36,32066120.0,11.1958,123926
1710993600000,2024-03-21,11.4,11.42,11.08,11.17,25216021.0,11.2666,104435
1711080000000,2024-03-22,11.02,11.07,10.71,10.8,29143119.0,10.8434,119813
1711339200000,2024-03-25,10.66,11.13,10.36,10.65,50616060.0,10.6341,174656
1711425600000,2024-03-26,10.85,11.035,10.5,10.52,33932026.0,10.7276,118420
1711512000000,2024-03-27,10.64,11.07,10.48,10.99,34816175.0,10.8565,125766
1711598400000,2024-03-28,10.88,11.495,10.88,10.95,43231891.0,11.1937,149704
1711944000000,2024-04-01,10.99,11.13,10.78,11.09,23816113.0,10.9625,102550
1712030400000,2024-04-02,10.77,10.8,10.26,10.51,43195031.0,10.5653,166880
1712116800000,2024-04-03,10.46,10.8,10.37,10.54,33463240.0,10.5945,99218
1712203200000,2024-04-04,10.63,10.71,10.13,10.13,42058343.0,10.4044,139908
1712289600000,2024-04-05,10.11,10.365,10.01,10.1,37404440.0,10.1496,133245
1712548800000,2024-04-08,10.19,10.495,10.16,10.44,28700459.0,10.3388,98867
1712635200000,2024-04-09,10.45,10.69,10.39,10.63,27209410.0,10.5735,97494
1712721600000,2024-04-10,10.25,10.42,10.11,10.27,30300749.0,10.2427,111087
1712808000000,2024-04-11,10.25,10.3,9.38,9.57,80132277.0,9.6386,291466
1712894400000,2024-04-12,9.48,9.51,9.08,9.13,57909457.0,9.2304,175571
1713153600000,2024-04-15,9.12,9.17,8.32,8.4,82219168.0,8.5936,258130
1713240000000,2024-04-16,8.365,8.87,8.26,8.71,51527134.0,8.6319,160035
1713326400000,2024-04-17,8.75,9.01,8.73,8.74,32606886.0,8.8422,107610
1713412800000,2024-04-18,8.7,9.08,8.38,8.83,30808445.0,8.8144,108428
1713499200000,2024-04-19,8.66,8.89,8.57,8.63,26728624.0,8.7062,88603
1713758400000,2024-04-22,8.46,8.86,8.315,8.79,35054889.0,8.6366,117710
1713844800000,2024-04-23,8.72,9.24,8.685,9.04,33568591.0,9.0792,105810
1713931200000,2024-04-24,9.16,9.2,8.6933,8.84,34694494.0,8.9119,111380
1714017600000,2024-04-25,8.62,8.71,8.46,8.52,21892061.0,8.5493,92971
1714104000000,2024-04-26,8.55,9.04,8.5,9.04,28226128.0,8.8747,89072
1714363200000,2024-04-29,9.21,9.41,9.02,9.38,30756641.0,9.2642,104742
1714449600000,2024-04-30,9.11,9.2,8.9,8.9,23045093.0,9.0168,80886
1714536000000,2024-05-01,8.85,9.55,8.84,9.21,27707980.0,9.2001,98881
1714622400000,2024-05-02,9.42,10.13,9.215,9.83,54894033.0,9.736,154370
1714708800000,2024-05-03,10.13,10.408,9.9,10.07,47151951.0,10.0843,161390
1714968000000,2024-05-06,10.2,10.495,10.08,10.33,30848943.0,10.2477,115039
1715054400000,2024-05-07,11.14,11.215,10.07,10.25,98119549.0,10.3952,299707
1715140800000,2024-05-08,9.51,10.28,9.25,10.27,67612805.0,9.8571,224466
1715227200000,2024-05-09,10.25,10.47,10.04,10.22,31407533.0,10.2266,111161
1715313600000,2024-05-10,10.2,10.41,9.84,9.99,32543759.0,10.0198,105244
1715572800000,2024-05-13,10.04,11.19,10.025,10.9,65312720.0,10.8905,230665
1715659200000,2024-05-14,11.48,12.1299,11.11,11.19,60966814.0,11.5126,231634
1715745600000,2024-05-15,11.06,11.14,10.14,10.2,64347727.0,10.3822,224184
1715832000000,2024-05-16,10.24,10.41,10.08,10.13,34749741.0,10.2036,102493
1715918400000,2024-05-17,10.07,10.51,9.89,10.5,23884000.0,10.2951,86152
1716177600000,2024-05-20,10.43,10.6,10.21,10.28,21629725.0,10.3874,85488
1716264000000,2024-05-21,10.24,10.35,9.98,10.05,23584306.0,10.1073,84169
1716350400000,2024-05-22,10.02,10.74,9.94,10.7,37629948.0,10.457,119392
1716436800000,2024-05-23,10.55,10.5501,9.89,9.95,37322224.0,10.0779,128115
1716523200000,2024-05-24,10.06,10.46,10.02,10.44,25691347.0,10.2495,87023
1716868800000,2024-05-28,10.44,10.675,10.31,10.42,22960257.0,10.4837,87174
1716955200000,2024-05-29,10.22,10.35,9.97,10.22,19353803.0,10.1895,75819
1717041600000,2024-05-30,10.3,11.2286,10.255,10.97,49178436.0,10.801,151585
1717128000000,2024-05-31,10.84,11.1,10.47,10.92,39955757.0,10.8056,114456
1717387200000,2024-06-03,11.128,11.42,10.64,11.4,35600511.0,11.1203,130272
1717473600000,2024-06-04,11.305,11.55,11.12,11.22,26634685.0,11.2675,103513
1717560000000,2024-06-05,11.26,11.51,11.0912,11.45,24804619.0,11.3202,89714
1717646400000,2024-06-06,11.27,11.81,11.145,11.74,28721395.0,11.5531,107992
1717732800000,2024-06-07,11.51,11.9,11.35,11.52,24524472.0,11.6193,98614
1717992000000,2024-06-10,11.43,11.97,11.3809,11.87,23170502.0,11.7614,97031
1718078400000,2024-06-11,11.76,11.9,11.52,11.83,18333646.0,11.7431,81971
1718164800000,2024-06-12,12.25,12.46,11.73,11.8,35059949.0,12.085,136110
1718251200000,2024-06-13,11.83,11.89,11.07,11.11,28689807.0,11.3903,108884
1718337600000,2024-06-14,10.92,11.235,10.81,10.88,21323744.0,10.966,88920
1718596800000,2024-06-17,10.88,11.105,10.65,10.96,21250291.0,10.8715,86471
1718683200000,2024-06-18,10.83,11.21,10.71,11.02,20047831.0,10.9776,80168
1718856000000,2024-06-20,10.77,10.8684,10.28,10.33,31233703.0,10.4667,118530
1718942400000,2024-06-21,10.33,10.43,10.15,10.32,33064028.0,10.3183,86193
1719201600000,2024-06-24,10.32,11.13,10.31,11.01,31892135.0,10.8835,113977
1719288000000,2024-06-25,11.12,12.04,11.0701,11.96,103089181.0,14.7077,408489
1719374400000,2024-06-26,16.33,16.35,14.17,14.74,261953225.0,15.2755,995486
1719460800000,2024-06-27,13.96,14.668,13.43,14.47,96798082.0,14.1033,406473
1719547200000,2024-06-28,14.49,15.12,13.21,13.42,88110272.0,13.7664,310272
1719806400000,2024-07-01,13.46,14.51,13.31,13.92,74020629.0,14.0403,313315
1719892800000,2024-07-02,14.27,15.18,13.9499,14.89,88608925.0,14.6849,343611
1719979200000,2024-07-03,14.8,15.31,14.53,14.65,52620506.0,14.9417,192864
1720152000000,2024-07-05,14.58,14.86,14.03,14.79,37013127.0,14.5237,158513
1720411200000,2024-07-08,14.82,15.77,14.45,15.49,56415279.0,15.3682,228278
1720497600000,2024-07-09,15.5,16.17,15.35,15.71,49960239.0,15.7964,197514
1720584000000,2024-07-10,15.85,16.74,15.46,16.37,55804567.0,16.2056,227115
1720670400000,2024-07-11,16.76,17.23,16.3301,16.76,59239105.0,16.7301,253984
1720756800000,2024-07-12,16.75,18.855,16.75,18.11,97340592.0,18.2061,390910
1721016000000,2024-07-15,17.76,17.94,17.02,17.5,51315437.0,17.5304,250702
1721102400000,2024-07-16,17.72,18.35,17.27,17.94,43966229.0,17.8445,182385
1721188800000,2024-07-17,17.495,18.49,16.94,17.19,46766433.0,17.5299,202064
1721275200000,2024-07-18,17.42,17.48,16.45,16.9,36840943.0,16.9424,163723
1721361600000,2024-07-19,16.5,17.025,16.33,16.75,25909034.0,16.6557,130533
1721620800000,2024-07-22,17.04,17.445,16.84,17.22,25562301.0,17.1603,120283
1721707200000,2024-07-23,17.11,17.5599,16.55,17.5,23464283.0,17.2014,117725
1721793600000,2024-07-24,16.85,16.955,16.05,16.27,38325674.0,16.3773,185220
1721880000000,2024-07-25,15.99,16.9,15.85,16.25,27203625.0,16.429,148077
1721966400000,2024-07-26,16.32,16.9,16.14,16.21,21539950.0,16.402,114004
1722225600000,2024-07-29,16.3,16.5499,16.005,16.3,18306676.0,16.2244,98889
1722312000000,2024-07-30,16.4,16.65,16.12,16.22,20761356.0,16.3201,107056
1722398400000,2024-07-31,16.36,17.05,16.34,16.41,27488632.0,16.6927,133610
1722484800000,2024-08-01,16.4,16.45,14.9,15.24,31250774.0,15.5333,164484
1722571200000,2024-08-02,14.52,15.01,14.26,14.72,26970034.0,14.6283,143288
1722830400000,2024-08-05,12.96,15.05,12.96,14.61,38816942.0,14.44,203446
1722916800000,2024-08-06,15.12,15.15,14.51,14.8,31713662.0,14.792,149816
1723003200000,2024-08-07,13.485,14.665,13.305,13.785,49387384.0,14.0077,233501
1723089600000,2024-08-08,13.9,15.338,13.8,14.72,32646827.0,14.772,168808
1723176000000,2024-08-09,14.64,14.655,13.83,13.95,24823900.0,14.1222,124608
1723435200000,2024-08-12,13.97,14,13.35,13.39,25841507.0,13.4903,114014
1723521600000,2024-08-13,13.51,13.865,13.405,13.54,24632137.0,13.5912,110909
1723608000000,2024-08-14,13.58,13.77,13.2,13.25,16869606.0,13.3954,81884
1723694400000,2024-08-15,13.03,14.13,12.92,13.76,38458858.0,13.5739,157896
1723780800000,2024-08-16,13.55,13.77,13.01,13.21,37750174.0,13.2845,155386
1724040000000,2024-08-19,13.33,13.59,13.14,13.53,21051276.0,13.3807,97115
1724126400000,2024-08-20,13.49,13.69,13.19,13.2,23709776.0,13.3359,97551
1724212800000,2024-08-21,13.31,13.35,12.85,13.07,24317326.0,13.0804,113228
1724299200000,2024-08-22,13.16,13.21,12.77,12.81,20573339.0,12.9643,91887
1724385600000,2024-08-23,12.92,14.08,12.89,13.96,39766921.0,13.7341,147852
1724644800000,2024-08-26,13.95,14.72,13.72,14.36,33109792.0,14.3452,148375
1724731200000,2024-08-27,14.35,14.55,13.94,14.48,20302295.0,14.2743,91640
1724817600000,2024-08-28,14.42,14.51,13.59,13.83,28459122.0,13.8339,102217
1724904000000,2024-08-29,13.99,14.64,13.93,14.09,20853156.0,14.2431,92051
1724990400000,2024-08-30,14.2,14.34,13.77,14.13,22865422.0,14.018,82774
1725336000000,2024-09-03,13.94,13.98,13.125,13.15,21395072.0,13.4182,105157
1725422400000,2024-09-04,13.11,13.8,13.01,13.28,18070174.0,13.354,92969
1725508800000,2024-09-05,13.4,13.96,13.28,13.74,20258860.0,13.6228,97771
1725595200000,2024-09-06,13.75,14.065,13.08,13.23,25712809.0,13.396,135457
1725854400000,2024-09-09,13.29,13.695,13.01,13.08,21409785.0,13.3348,105793
1725940800000,2024-09-10,13.1,13.49,12.81,13.23,24465235.0,13.1162,115382
1726027200000,2024-09-11,13.21,13.99,12.96,13.93,27551057.0,13.5257,126121
1726113600000,2024-09-12,13.77,13.97,13.51,13.72,16423125.0,13.7711,77493
1726200000000,2024-09-13,13.83,14.08,13.39,13.5,23786576.0,13.5803,94183
1726459200000,2024-09-16,13.37,13.59,13.19,13.2,18831269.0,13.3534,87680
1726545600000,2024-09-17,13.479,13.5399,13.05,13.1,18816817.0,13.2614,89634
1726632000000,2024-09-18,13.14,13.595,12.82,12.9,30971210.0,13.0746,128754
1726718400000,2024-09-19,13.35,13.65,13.09,13.15,29977431.0,13.2881,111391
1726804800000,2024-09-20,13.14,13.15,11.65,11.71,77632834.0,12.0693,250432
1727064000000,2024-09-23,11.85,12.18,11.41,11.91,35658549.0,11.8857,131258
1727150400000,2024-09-24,12.05,12.12,11.73,11.84,32304438.0,11.8877,120156
1727236800000,2024-09-25,11.43,11.6,10.98,11.03,53124987.0,11.1625,193365
1727323200000,2024-09-26,11.2,11.35,10.95,11.17,38408204.0,11.1625,127049
1727409600000,2024-09-27,11.42,11.84,11.34,11.6,35828132.0,11.6086,122643
1727668800000,2024-09-30,11.37,11.54,11.14,11.22,27732621.0,11.2954,112347
1727755200000,2024-10-01,11.2,11.21,10.43,10.44,50148543.0,10.6584,181487
1727841600000,2024-10-02,10.3,10.8,10.3,10.64,29932997.0,10.5935,110539
1727928000000,2024-10-03,10.45,10.8,10.44,10.78,21102717.0,10.6556,91178
1728014400000,2024-10-04,10.05,10.47,9.825,10.44,76716650.0,10.1518,264301
1728273600000,2024-10-07,10.38,10.57,10.25,10.49,29217088.0,10.4008,111331
1728360000000,2024-10-08,10.42,10.76,10.33,10.47,22441889.0,10.4898,87008
1728446400000,2024-10-09,10.47,10.94,10.37,10.42,35090524.0,10.5995,116287
1728532800000,2024-10-10,10.36,10.515,10.18,10.26,24184361.0,10.2988,91776
1728619200000,2024-10-11,10.08,10.57,10.08,10.5,24732653.0,10.4281,89021
1728878400000,2024-10-14,10.35,10.55,10.26,10.35,20180400.0,10.3951,88809
1728964800000,2024-10-15,10.28,10.47,10.1,10.15,22528424.0,10.2463,86375
1729051200000,2024-10-16,10.2,10.29,10.11,10.24,17753021.0,10.1973,69631
1729137600000,2024-10-17,10.15,10.2699,9.93,10.12,27876210.0,10.0641,105212
1729224000000,2024-10-18,10.17,10.265,10.01,10.04,18480916.0,10.1082,74686
1729483200000,2024-10-21,10.05,10.17,9.96,10.03,17320001.0,10.0376,70609
1729569600000,2024-10-22,10.07,10.53,10.005,10.49,25223577.0,10.271,88384
1729656000000,2024-10-23,10.42,10.58,10.01,10.16,21311282.0,10.2402,88945
1729742400000,2024-10-24,10.3899,10.83,10.26,10.43,33208374.0,10.4891,120176
1729828800000,2024-10-25,10.42,10.63,10.33,10.45,22770882.0,10.4838,87641
1730088000000,2024-10-28,10.54,11.115,10.54,10.86,31831735.0,10.8647,110740
1730174400000,2024-10-29,10.71,10.89,10.28,10.47,23459876.0,10.4688,93182
1730260800000,2024-10-30,10.33,10.58,10.28,10.39,19962364.0,10.4217,76854
1730347200000,2024-10-31,10.38,10.5888,10.01,10.1,25679378.0,10.1487,91251
1730433600000,2024-11-01,10.21,10.44,10.13,10.18,20118891.0,10.253,77626
1730696400000,2024-11-04,10.28,10.549,10.25,10.29,20363089.0,10.3585,78474
1730782800000,2024-11-05,10.29,10.62,10.1709,10.59,18141211.0,10.4284,67562
1730869200000,2024-11-06,10.1,10.24,9.5,9.71,69491179.0,9.7242,224805
1730955600000,2024-11-07,9.95,10.24,9.81,10.05,57094064.0,10.0807,174963
1731042000000,2024-11-08,10.12,10.72,9.83,10.59,58725001.0,10.2155,219729
1731301200000,2024-11-11,10.67,11.25,10.25,11.04,46358537.0,10.847,183412
1731387600000,2024-11-12,10.835,10.87,10.5,10.58,32265833.0,10.7795,122972
1731474000000,2024-11-13,11.75,13.1,11.46,12.03,119810166.0,12.3506,409500
1731560400000,2024-11-14,11.98,11.99,10.22,10.31,80485016.0,10.8176,246509
1731646800000,2024-11-15,10.07,10.07,9.55,10.06,79212645.0,9.845,245231
1731906000000,2024-11-18,10.05,10.72,9.85,10.07,51695053.0,10.2926,168773
1731992400000,2024-11-19,10.065,10.3177,9.9,10.17,33654269.0,10.1198,111626
1732078800000,2024-11-20,10.09,10.47,9.91,10.05,24955407.0,10.1451,89997
1732165200000,2024-11-21,10.02,10.39,9.92,10.02,35472287.0,10.1212,110324
1732251600000,2024-11-22,10.03,10.57,10,10.24,30576374.0,10.2776,102000
1732510800000,2024-11-25,10.52,11.84,10.48,11.6,90465268.0,11.4486,255395
1732597200000,2024-11-26,12.24,12.27,11.22,11.55,81743600.0,11.7964,280518
1732683600000,2024-11-27,11.745,12.45,11.62,12.22,49064114.0,12.1133,171280
1732856400000,2024-11-29,12.23,12.63,11.93,12.23,26167952.0,12.3042,94824
1733115600000,2024-12-02,12.27,12.47,11.515,11.87,40288472.0,11.8053,138938
1733202000000,2024-12-03,11.68,12.039,11.55,11.88,22966546.0,11.8317,90076
1733288400000,2024-12-04,11.83,12.28,11.71,11.96,26924920.0,12.0896,99115
1733374800000,2024-12-05,12.085,12.85,12.05,12.34,44397907.0,12.5177,141509
1733461200000,2024-12-06,12.61,13.52,12.5,13,46944506.0,13.0178,168643
1733720400000,2024-12-09,13.535,14.99,13.42,14.45,77982873.0,14.4639,352106
1733806800000,2024-12-10,14.48,14.51,13.7701,14.06,36388482.0,14.1143,148007
1733893200000,2024-12-11,14.21,14.33,13.23,13.76,37842776.0,13.6565,151539
1733979600000,2024-12-12,13.7,14.31,13.48,14.2,32741782.0,14.0477,125878
1734066000000,2024-12-13,14.02,14.41,13.7517,14.37,32045961.0,14.0837,115911
1734325200000,2024-12-16,14.11,15.49,13.88,15.34,56008772.0,15.0848,228827
1734411600000,2024-12-17,15.345,15.46,14.58,14.7,30935848.0,14.8821,146479
1734498000000,2024-12-18,14.48,14.53,12.8,13.06,56880111.0,13.6669,216552
1734584400000,2024-12-19,13.47,13.75,12.8,13.06,38905329.0,13.1502,133381
1734670800000,2024-12-20,12.94,14.17,12.7301,13.83,41955191.0,13.7185,141270
1734930000000,2024-12-23,13.8,14.22,13.71,13.75,20009836.0,13.9294,94670
1735016400000,2024-12-24,13.82,14.37,13.74,14.06,15903837.0,14.0904,68763
1735189200000,2024-12-26,13.93,14.35,13.69,14.04,19006791.0,14.0312,88255
1735275600000,2024-12-27,13.92,14.1,13.31,13.65,21597990.0,13.6546,99861
1735534800000,2024-12-30,13.35,13.65,13.02,13.58,18630057.0,13.3645,87677
1735621200000,2024-12-31,13.725,14.72,13.29,13.3,40649111.0,13.8774,162715
1735794000000,2025-01-02,13.35,13.79,12.76,13.25,30449387.0,13.3764,145072
1735880400000,2025-01-03,13.91,16.65,13.71,16.49,124581775.0,15.8247,522763
1736139600000,2025-01-06,16.465,16.64,15.53,15.715,58377109.0,15.9479,278721
1736226000000,2025-01-07,15.93,16.345,14.81,14.95,35937973.0,15.3668,184711
1736312400000,2025-01-08,14.565,14.76,13.98,14.21,33065279.0,14.2823,160192
1736485200000,2025-01-10,14,14.155,13.76,13.85,23208952.0,13.9565,122456
1736744400000,2025-01-13,13.54,13.63,13.01,13.49,28042697.0,13.3406,129455
1736830800000,2025-01-14,13.87,14.12,13.08,13.34,30031809.0,13.4449,129292
1736917200000,2025-01-15,13.895,14.21,13.745,13.94,28674529.0,13.9464,129276
1737003600000,2025-01-16,14.03,14.66,13.95,14.44,38996399.0,14.41,158284
1737090000000,2025-01-17,14.675,15.34,14.19,14.21,65183975.0,14.6771,223259
1737435600000,2025-01-21,13.84,14.06,12.99,13.29,44540052.0,13.3529,199978
1737522000000,2025-01-22,13.1,13.14,12.66,12.69,35488220.0,12.8685,166223
1737608400000,2025-01-23,12.6,12.7695,12.17,12.49,39061526.0,12.3821,155887
1737694800000,2025-01-24,12.71,13.19,12.48,12.77,31519359.0,12.8575,127283
1737954000000,2025-01-27,12.79,13.56,12.69,12.85,32343297.0,13.074,148695
1738040400000,2025-01-28,12.88,12.89,12.41,12.71,23034562.0,12.6362,99920
1738126800000,2025-01-29,12.34,12.61,12.22,12.42,21378056.0,12.3938,104648
1738213200000,2025-01-30,12.57,12.81,12.34,12.51,17914710.0,12.5643,79079
1738299600000,2025-01-31,12.45,12.99,12.38,12.56,20399991.0,12.6776,91735
1738558800000,2025-02-03,12.02,12.555,11.89,12.39,21909875.0,12.2678,116588
1738645200000,2025-02-04,12.35,12.98,12.31,12.87,18952979.0,12.8082,88958
1738731600000,2025-02-05,12.81,13.075,12.715,12.77,13915519.0,12.8314,65670
1738818000000,2025-02-06,12.88,13.22,12.65,12.8,21099505.0,12.856,83301
1738904400000,2025-02-07,12.82,12.8609,12.405,12.48,16701773.0,12.575,76543
1739163600000,2025-02-10,12.66,13.09,12.55,12.99,22456288.0,12.8765,103295
1739250000000,2025-02-11,12.79,12.94,12.36,12.44,25126233.0,12.5633,103540
1739336400000,2025-02-12,12.325,12.73,12.25,12.48,21507225.0,12.5291,93149
1739422800000,2025-02-13,12.67,13.33,12.578,13.3,27527536.0,13.129,113279
1739509200000,2025-02-14,13.475,14.19,13.47,14.03,33953009.0,13.91,147695
1739854800000,2025-02-18,13.78,14.45,13.54,14.44,39963206.0,14.107,171849
1739941200000,2025-02-19,14.33,14.41,13.8,13.93,28841236.0,14.0673,126879
1740027600000,2025-02-20,13.93,14.05,13.28,13.61,53113619.0,13.6741,216221
1740114000000,2025-02-21,12.71,13.36,12.55,12.97,70455071.0,12.9531,285299
1740373200000,2025-02-24,12.495,12.72,11.71,11.96,56949916.0,12.0239,232791
1740459600000,2025-02-25,11.93,12.185,11.38,11.45,36379091.0,11.6547,151600
1740546000000,2025-02-26,11.52,12.02,11.33,11.4,29937804.0,11.6601,127616
1740632400000,2025-02-27,11.5,12.26,11.44,11.6,31121251.0,11.8109,133995
1740718800000,2025-02-28,11.57,12.105,11.32,11.84,30926776.0,11.8422,110991
1740978000000,2025-03-03,12,12.42,11.39,11.51,27909674.0,11.9117,119393
1741064400000,2025-03-04,11.15,11.58,10.8501,11.26,31774730.0,11.1814,137952
1741150800000,2025-03-05,11.4,11.49,11.06,11.42,19063307.0,11.3095,88693
1741237200000,2025-03-06,10.97,11.35,10.94,11.03,23164843.0,11.0787,107120
1741323600000,2025-03-07,10.9,11.26,10.66,11.17,27898102.0,11.0216,124404
1741579200000,2025-03-10,10.97,11.63,10.79,10.96,29226286.0,11.1405,128457
1741665600000,2025-03-11,10.98,11.09,10.48,10.79,25110850.0,10.7792,113984
1741752000000,2025-03-12,11.065,11.33,10.865,11.06,22142002.0,11.0953,105106
1741838400000,2025-03-13,11,11.09,10.54,10.61,25293783.0,10.7043,95919
1741924800000,2025-03-14,10.735,10.805,10.58,10.75,19902012.0,10.7063,76943
1742184000000,2025-03-17,10.75,11.145,10.735,11.02,22395392.0,10.9463,92163
1742270400000,2025-03-18,11,11.735,10.96,11.2,32767011.0,11.3598,131774
1742356800000,2025-03-19,11.24,11.69,11.21,11.36,20613808.0,11.4883,84084
1742443200000,2025-03-20,11.075,11.1797,10.83,10.88,29439133.0,10.9581,106876
1742529600000,2025-03-21,10.8,11.62,10.715,11.6,36684645.0,11.3833,115702
1742788800000,2025-03-24,11.835,12.26,11.74,12.19,33462427.0,12.1084,110222
1742875200000,2025-03-25,12.2,12.37,11.87,12.36,22157958.0,12.1436,97872
1742961600000,2025-03-26,12.56,12.6647,11.95,12.1,28093357.0,12.2692,114475
1743048000000,2025-03-27,12.14,13.3,12.03,13.02,62257133.0,12.8524,254781
1743134400000,2025-03-28,12.995,13.0399,12.17,12.41,35943496.0,12.461,156780
1743393600000,2025-03-31,12.03,12.59,11.685,12.45,29697092.0,12.2312,124814
1743480000000,2025-04-01,12.465,13.49,12.405,13.28,45477422.0,13.1545,178849
1743566400000,2025-04-02,12.81,13,12.21,12.49,54692633.0,12.5581,214798
1743652800000,2025-04-03,11.775,12.4,11.44,11.53,38259010.0,11.7816,168112
1743739200000,2025-04-04,11.23,11.37,10.36,11.21,34797911.0,10.9734,153102
1743998400000,2025-04-07,10.57,11.975,10.47,11.21,40512202.0,11.1245,176716
1744084800000,2025-04-08,11.551,12.175,10.555,10.8,41876029.0,11.3919,201151
1744171200000,2025-04-09,10.78,11.98,10.67,11.77,43372856.0,11.4261,194234
1744257600000,2025-04-10,11.475,11.68,10.94,11.46,25430717.0,11.3495,125980
1744344000000,2025-04-11,11.41,11.49,10.93,11.47,22906834.0,11.2667,117667
1744603200000,2025-04-14,11.64,12.11,11.52,12.03,26872045.0,11.8683,131554
1744689600000,2025-04-15,11.9,12.1,11.65,11.91,21002673.0,11.8775,96029
1744776000000,2025-04-16,11.64,12.145,11.17,11.49,33313054.0,11.6741,145140
1744862400000,2025-04-17,11.53,11.69,11.345,11.6,16103310.0,11.5347,78806
1745208000000,2025-04-21,11.485,11.55,10.85,11.15,24615660.0,11.0546,115644
1745294400000,2025-04-22,11.32,11.74,11.2501,11.36,23025717.0,11.4919,99010
1745380800000,2025-04-23,11.77,12.24,11.77,11.8,27987822.0,12.0012,122553
1745467200000,2025-04-24,11.87,12.2713,11.71,12.09,19788571.0,12.0856,83049
1745553600000,2025-04-25,12.035,12.65,12.02,12.62,24483079.0,12.3896,104439
1745812800000,2025-04-28,12.76,13.32,12.75,13.19,33540979.0,13.0554,144522
1745899200000,2025-04-29,13.15,13.35,12.93,13.3,18419215.0,13.1899,86222
1745985600000,2025-04-30,12.89,13.81,12.73,13.66,48760478.0,13.2957,152088
1746072000000,2025-05-01,13.72,14.16,13.7,13.76,31917008.0,13.9321,137866
1746158400000,2025-05-02,14.05,14.05,13.61,13.83,27224000.0,13.8603,112952
1746417600000,2025-05-05,13.7,13.75,13.13,13.55,25460105.0,13.4451,114207
1746504000000,2025-05-06,13.38,13.725,13.2343,13.5,35961302.0,13.459,150184
1746590400000,2025-05-07,13.45,13.82,12.52,12.72,56955503.0,13.0567,254147
1746676800000,2025-05-08,12.92,13.97,12.845,13.68,50103705.0,13.5124,183559
1746763200000,2025-05-09,13.71,14.69,13.65,14.26,50580833.0,14.2593,198469
1747022400000,2025-05-12,14.82,14.98,14.52,14.64,35622498.0,14.7123,149755
1747108800000,2025-05-13,14.72,15.15,14.61,14.87,35004652.0,14.8979,129623
1747195200000,2025-05-14,14.655,15.03,14.215,14.82,47996458.0,14.6557,153937
1747281600000,2025-05-15,14.64,15.56,14.61,15.3,55059176.0,15.1263,210387
1747368000000,2025-05-16,15.38,15.83,15.35,15.81,32231922.0,15.6454,118417
1747627200000,2025-05-19,15.44,16.43,15.245,16.29,43922007.0,15.9661,143182
1747713600000,2025-05-20,16.31,17.15,16.22,16.92,63759096.0,16.9026,218307
1747800000000,2025-05-21,16.71,17.08,16.025,16.34,46878390.0,16.5182,167314
1747886400000,2025-05-22,16.19,16.35,15.73,15.91,28115780.0,15.9643,121379
1747972800000,2025-05-23,15.61,15.87,15.4,15.63,21794950.0,15.6325,100365
1748318400000,2025-05-27,15.94,15.9799,14.87,15.37,36961449.0,15.2045,148659
1748404800000,2025-05-28,15.4,15.8,15.325,15.48,23048142.0,15.5699,99936
1748491200000,2025-05-29,15.67,15.69,14.96,15.005,25216542.0,15.1957,95181
1748577600000,2025-05-30,14.965,14.98,14.41,14.53,40113265.0,14.5957,108393
1748836800000,2025-06-02,14.4,14.5,13.845,14.1,27357360.0,14.0442,114652
1748923200000,2025-06-03,14.19,14.68,14.19,14.37,22945644.0,14.4743,92024
1749009600000,2025-06-04,14.37,14.53,13.87,14.01,26241102.0,14.0679,96282
1749096000000,2025-06-05,14.025,14.27,13.6134,13.78,34968634.0,13.9128,127337
1749182400000,2025-06-06,13.915,14.135,13.69,14,24451454.0,13.9417,96256
1749441600000,2025-06-09,14.15,14.55,13.995,14.4,27172717.0,14.3165,106218
1749528000000,2025-06-10,14.59,14.735,14.27,14.4,19586317.0,14.4087,89643
1749614400000,2025-06-11,14.605,14.8,14.065,14.2,20827219.0,14.3722,92018
1749700800000,2025-06-12,13.98,14.13,13.88,13.91,14829231.0,13.978,66067
1749787200000,2025-06-13,13.575,13.7399,13.35,13.42,26990363.0,13.4896,111283
1750046400000,2025-06-16,13.63,14.14,13.45,13.76,26498625.0,13.839,105110
1750132800000,2025-06-17,13.475,13.69,13.26,13.39,21409586.0,13.4909,87460
1750219200000,2025-06-18,13.44,13.91,13.36,13.77,15930889.0,13.7399,73124
1750392000000,2025-06-20,13.93,14.03,13.385,13.57,28260151.0,13.6042,79211
1750651200000,2025-06-23,13.53,13.93,13.43,13.65,22203963.0,13.7123,92271
1750737600000,2025-06-24,13.835,13.98,13.69,13.81,17736474.0,13.8163,83049
1750824000000,2025-06-25,13.885,13.91,13.5315,13.76,14584908.0,13.7294,71386
1750910400000,2025-06-26,13.79,14.14,13.66,13.91,17763148.0,13.9466,82028
1750996800000,2025-06-27,13.945,13.951,13.38,13.6,27501863.0,13.6035,92401
1751256000000,2025-06-30,13.6,13.825,13.56,13.74,18768696.0,13.6826,82539
1751342400000,2025-07-01,13.545,13.55,12.97,13.47,30282082.0,13.269,130409
1751428800000,2025-07-02,13.3,13.33,12.83,12.87,42320418.0,13.0497,166430
1751515200000,2025-07-03,12.97,13.455,12.89,13.07,21513495.0,13.1837,95071
1751860800000,2025-07-07,12.88,12.92,12.4441,12.75,34462330.0,12.6821,134427
1751947200000,2025-07-08,12.79,13.37,12.78,13.13,28302909.0,13.1266,117348
1752033600000,2025-07-09,13.19,13.32,13.06,13.2,16207064.0,13.1662,70277
1752120000000,2025-07-10,13.215,13.495,13.195,13.32,20665209.0,13.3632,85529
1752206400000,2025-07-11,13.18,13.44,13,13.03,21163687.0,13.1811,72712
1752465600000,2025-07-14,12.851,12.88,12.55,12.75,28208291.0,12.7041,116329
1752552000000,2025-07-15,12.8,13.03,12.62,12.63,27878294.0,12.7776,96965
1752638400000,2025-07-16,12.7,12.7,11.96,12.39,41606489.0,12.3036,145416
1752724800000,2025-07-17,12.74,13.49,12.69,12.9,52110674.0,13.0205,184968
1752811200000,2025-07-18,13.03,13.86,12.8,13.7,48648434.0,13.4181,152184
1753070400000,2025-07-21,13.915,14.15,13.62,13.7,35626952.0,13.7629,116892
1753156800000,2025-07-22,13.65,14.51,13.62,14.12,45193450.0,14.14,132965
1753243200000,2025-07-23,14.21,14.24,13.77,14.02,38372152.0,14.001,112611
1753329600000,2025-07-24,13.785,13.89,13.41,13.82,39294617.0,13.6181,112255
1753416000000,2025-07-25,13.89,14.47,13.8012,14.01,51134471.0,14.1236,126720
1753675200000,2025-07-28,14.045,14.07,13.7099,13.78,22639657.0,13.834,76946
1753761600000,2025-07-29,13.77,13.83,13.055,13.06,38882175.0,13.2677,114655
1753848000000,2025-07-30,13.11,13.18,12.85,13.03,37652064.0,13.0345,95600
1753934400000,2025-07-31,12.995,13.13,12.8,12.87,37911549.0,12.9631,100339
1754020800000,2025-08-01,12.65,12.7,12.31,12.38,42548424.0,12.4516,127993
1754280000000,2025-08-04,12.56,12.84,12.35,12.41,45497121.0,12.4947,123307
1754366400000,2025-08-05,12.48,12.52,12.0622,12.15,67997437.0,12.1749,189480
1754452800000,2025-08-06,11.675,12.26,11.57,11.64,67072690.0,11.8321,242191
1754539200000,2025-08-07,11.77,12.19,11.715,12.07,33230065.0,12.0011,125280
1754625600000,2025-08-08,12.08,12.285,11.78,11.79,31601229.0,11.9238,101821
1754884800000,2025-08-11,11.88,12.33,11.83,11.93,40349755.0,12.0162,116834
1754971200000,2025-08-12,12.08,12.1049,11.58,11.97,33627289.0,11.8023,104583
1755057600000,2025-08-13,12,12.345,11.905,12.28,25094785.0,12.1339,86416
1755144000000,2025-08-14,12.065,12.21,11.79,12.06,38053207.0,12.0351,98878
1755230400000,2025-08-15,12.03,12.45,12.0101,12.24,51961788.0,12.2521,110631
1755489600000,2025-08-18,12.28,12.48,12.07,12.41,38394354.0,12.3644,92318
1755576000000,2025-08-19,12.45,12.5,12.07,12.25,48701995.0,12.2448,96377
1755662400000,2025-08-20,12.175,12.325,11.88,12.07,45077378.0,12.0422,88176
1755748800000,2025-08-21,12.04,12.15,11.84,12.12,42736994.0,12.0071,73637
1755835200000,2025-08-22,12.17,13.11,12.16,13.09,64603119.0,12.7916,143043
1756094400000,2025-08-25,13.05,13.49,12.91,13.11,46841293.0,13.1354,116129
1756180800000,2025-08-26,13.11,13.26,12.84,13.21,53099503.0,13.0591,102336
1756267200000,2025-08-27,13.25,13.5,13.135,13.22,38969763.0,13.3302,84490
1756353600000,2025-08-28,13.34,13.66,13.09,13.64,31625793.0,13.3458,79717
1756440000000,2025-08-29,13.65,13.885,13.31,13.57,39634061.0,13.468,86286
1756785600000,2025-09-02,13.3,13.95,12.98,13.87,51257822.0,13.5509,122078
1756872000000,2025-09-03,13.9,15.03,13.85,14.44,77654664.0,14.6564,204548
1756958400000,2025-09-04,14.36,14.37,13.38,13.7,82734015.0,13.6306,182772
1757044800000,2025-09-05,13.74,14.57,13.66,14.21,87135062.0,14.3273,184352
1757304000000,2025-09-08,14.235,14.325,13.82,13.99,54560679.0,14.037,118116
1757390400000,2025-09-09,14,14.2,13.685,13.94,30599723.0,13.8833,78393
1757476800000,2025-09-10,13.94,14.27,13.7301,13.91,32445355.0,13.9503,95588
1757563200000,2025-09-11,13.97,14.63,13.95,13.97,40471663.0,14.298,130537
1757649600000,2025-09-12,14,14.04,12.57,13.46,67199606.0,13.3143,198576
1757908800000,2025-09-15,13.63,13.77,13.38,13.6,30818500.0,13.6077,101756
1757995200000,2025-09-16,13.77,14.65,13.73,14.32,62422903.0,14.2861,174641
1758081600000,2025-09-17,14.385,14.63,13.96,14.11,47865896.0,14.355,132065
1758168000000,2025-09-18,14.29,14.94,14.0737,14.68,48669523.0,14.5573,136411
1758254400000,2025-09-19,14.72,14.77,14.02,14.38,68671940.0,14.3087,151132
1758513600000,2025-09-22,14.305,15.43,14.11,15.24,74244719.0,15.0502,199672
1758600000000,2025-09-23,15.245,15.7,14.99,15.53,53832609.0,15.4573,154347
1758686400000,2025-09-24,15.51,15.95,15.0638,15.79,50644529.0,15.6036,130779
1758772800000,2025-09-25,15.5,16.05,15.14,15.74,44793635.0,15.7077,139686
1758859200000,2025-09-26,15.81,16.17,15.57,15.59,36800667.0,15.7645,121884
1759118400000,2025-09-29,15.75,15.79,15,15.25,46005201.0,15.2832,147665
1759204800000,2025-09-30,15.25,15.51,14.55,14.68,48572378.0,14.7701,137204
1759291200000,2025-10-01,14.785,15.06,14.59,14.61,27345902.0,14.7781,98391
1759377600000,2025-10-02,14.13,14.15,13.21,13.53,75952418.0,13.5438,279587
1759464000000,2025-10-03,13.525,13.7299,13.22,13.65,45879652.0,13.4948,168630
1759723200000,2025-10-06,13.73,13.9,13.46,13.5,29514117.0,13.6285,118230
1759809600000,2025-10-07,13.53,13.72,13.23,13.26,31710993.0,13.452,101593
1759896000000,2025-10-08,13.28,13.4001,13.05,13.13,26798626.0,13.1845,88374
1759982400000,2025-10-09,13.08,13.17,12.86,13.09,27776367.0,12.9999,97300
1760068800000,2025-10-10,13.12,13.2,12.67,12.8,25834722.0,12.8986,103210
1760328000000,2025-10-13,12.99,13.12,12.8,13.06,21988844.0,13.0253,77455
1760414400000,2025-10-14,12.86,13.27,12.61,13.12,25298062.0,12.9742,95823
1760500800000,2025-10-15,13.25,13.6377,13.185,13.41,36082907.0,13.4665,111619
1760587200000,2025-10-16,13.42,13.42,12.81,12.91,28327489.0,13.0727,95663
1760673600000,2025-10-17,12.9,13.215,12.87,13.03,24003756.0,13.0501,91170
1760932800000,2025-10-20,12.8,13.15,12.66,13.08,35626612.0,12.9296,117105
1761019200000,2025-10-21,13.07,13.56,12.9,13.2,27959916.0,13.3296,94050
1761105600000,2025-10-22,13.09,13.25,12.72,12.92,41848605.0,12.926,112532
1761192000000,2025-10-23,12.77,13.19,12.71,13.09,25993290.0,13.0094,88572
1761278400000,2025-10-24,13.215,13.27,12.935,12.98,28316102.0,13.0969,86350
1761537600000,2025-10-27,13.17,13.665,12.97,13.41,48269761.0,13.3857,124354
1761624000000,2025-10-28,13.41,13.63,13.21,13.5,41866273.0,13.4242,108011
1761710400000,2025-10-29,13.5,13.88,13.45,13.71,34922237.0,13.7262,116376
1761796800000,2025-10-30,13.55,13.58,12.99,12.99,39840811.0,13.1658,110787
1761883200000,2025-10-31,13.08,13.59,12.895,13.57,44813287.0,13.2638,116589
1762146000000,2025-11-03,13.55,13.59,13.155,13.19,38765456.0,13.3111,106050
1762232400000,2025-11-04,12.96,12.98,12.39,12.5,55193976.0,12.6177,157038
1762318800000,2025-11-05,13.335,15.85,13.26,15.42,197650564.0,15.0641,480289
1762405200000,2025-11-06,15.26,15.61,14.48,15.22,88735334.0,15.0641,244184
1762491600000,2025-11-07,15.06,15.375,14.25,15.23,65782104.0,14.7753,180773
1762750800000,2025-11-10,15.54,16.75,15.01,16.41,104369853.0,16.2099,268476
1762837200000,2025-11-11,16.38,18.13,16.2,18.02,109215571.0,17.5109,371169
1762923600000,2025-11-12,17.555,17.71,16.4,17.52,72371105.0,17.0516,279225
1763010000000,2025-11-13,17.24,17.71,16.2101,16.39,58751544.0,16.7253,205624
1763096400000,2025-11-14,15.7,15.87,15.07,15.11,60047891.0,15.4523,205893
1763355600000,2025-11-17,15.01,15.24,14.53,14.87,58250915.0,14.9,201327
1763442000000,2025-11-18,14.68,15.33,14.4,14.99,40730270.0,14.9198,159753
1763528400000,2025-11-19,14.83,14.93,14.33,14.72,51879531.0,14.6081,165279
1763614800000,2025-11-20,14.935,15.63,14.59,14.66,45499550.0,15.0597,207313
1763701200000,2025-11-21,14.735,15.12,13.95,14.86,40460311.0,14.6362,176260
1763960400000,2025-11-24,15.03,15.25,14.68,15.17,42332653.0,15.0199,137518
1764046800000,2025-11-25,15.115,15.665,14.895,15.56,30061496.0,15.3928,124679
1764133200000,2025-11-26,15.61,16.48,15.5067,16.18,35420161.0,16.0974,134633
1764306000000,2025-11-28,16.39,17.055,16.26,16.86,18525709.0,16.8741,84387
1764565200000,2025-12-01,16.55,17.79,16.512,17.16,43338979.0,17.3168,166749
1764651600000,2025-12-02,17.23,17.67,17.04,17.23,34405883.0,17.3344,125721
1764738000000,2025-12-03,17.2,17.9,16.9,17.53,31965176.0,17.3594,114914
1764824400000,2025-12-04,17.61,18.17,17.37,18.06,39105003.0,17.7824,159238
1764910800000,2025-12-05,18.08,18.6,17.91,17.95,40530348.0,18.2026,157199
1765170000000,2025-12-08,17.565,17.71,17.04,17.61,41800870.0,17.4615,149729
1765256400000,2025-12-09,17.47,17.795,17.3701,17.71,21428047.0,17.615,93875
1765342800000,2025-12-10,17.63,18.41,17.455,17.5,47957270.0,17.9577,171443
1765429200000,2025-12-11,17.415,17.415,15.73,16.43,96967821.0,16.5332,368298
1765515600000,2025-12-12,16.82,19.6,16.73,18.42,103660220.0,18.8039,381129
1765774800000,2025-12-15,18.61,19.58,18.37,18.7,64340610.0,18.9913,271307
1765861200000,2025-12-16,18.63,18.97,17.64,17.9,46207197.0,18.1274,188390
1765947600000,2025-12-17,18.1,18.4099,17.6,17.63,32126752.0,17.9815,134854
1766034000000,2025-12-18,18.26,20.33,18.26,20.28,67146954.0,19.3807,279447
1766120400000,2025-12-19,20.31,22.64,20.31,22.45,106063784.0,21.9522,444988
1766379600000,2025-12-22,22.47,22.69,21.625,21.75,38412389.0,22.1545,191154
1766466000000,2025-12-23,21.69,21.7,20.69,21.18,38735942.0,21.0872,171028
1766552400000,2025-12-24,21.11,21.485,20.83,21.13,10614548.0,21.2098,70118
1766725200000,2025-12-26,21.22,21.55,20.77,20.9,20503040.0,20.9633,110801
1766984400000,2025-12-29,20.64,21.04,20.33,20.67,20707556.0,20.7592,113919
1767070800000,2025-12-30,20.68,20.68,19.28,19.59,38607730.0,19.6228,185777
1767157200000,2025-12-31,19.62,19.915,19.3,19.71,21573791.0,19.6962,109540
1767330000000,2026-01-02,19.78,20.71,18.9,19.41,42740247.0,19.5393,196630
1767589200000,2026-01-05,19.47,20,19.16,19.59,31071490.0,19.6283,137133
1767675600000,2026-01-06,19.64,20.1,18.88,19.53,34687827.0,19.4913,143226
1767762000000,2026-01-07,19.46,20.58,18.69,20.06,42136826.0,19.8475,179197
1767848400000,2026-01-08,19.905,20.95,19.7,19.89,36672566.0,20.284,169581
1767934800000,2026-01-09,19.945,20.17,19.035,19.22,32467371.0,19.5028,152013
1768194000000,2026-01-12,18.725,19.445,18.53,19.15,29279052.0,19.1276,127558
1768280400000,2026-01-13,19.1,19.15,18.645,18.85,24788355.0,18.8864,110854
1768366800000,2026-01-14,18.245,18.25,17.065,17.5,53011131.0,17.4452,251533
1768453200000,2026-01-15,17.48,17.57,16.875,17.06,29245358.0,17.1339,144199
1768539600000,2026-01-16,17.195,17.24,16.58,16.67,26924955.0,16.7568,131854
1768885200000,2026-01-20,16.225,16.3,15.86,16.16,29808086.0,16.0943,159927
1768971600000,2026-01-21,16.42,16.66,16.1,16.47,23601484.0,16.3783,124249
1769058000000,2026-01-22,16.53,16.98,16.22,16.32,20350030.0,16.5926,112330
1769144400000,2026-01-23,16.33,16.35,15.77,15.95,20442091.0,15.947,97845
1769403600000,2026-01-26,15.821,15.88,15.56,15.75,17863773.0,15.7224,98391
1769490000000,2026-01-27,15.815,15.815,15.115,15.27,21218472.0,15.28,113336
1769576400000,2026-01-28,15.43,15.495,15.13,15.2,19042103.0,15.2635,94877
1769662800000,2026-01-29,15.335,15.5551,14.8617,15.17,23474992.0,15.2018,114373
1769749200000,2026-01-30,15.1,15.27,14.5,14.75,25350730.0,14.78,125232
1770008400000,2026-02-02,14.695,14.75,14.39,14.44,19269267.0,14.5452,114981
1770094800000,2026-02-03,14.45,14.8,13.92,14.41,25673272.0,14.2931,137722
1770181200000,2026-02-04,14.56,14.625,14.1,14.37,23370835.0,14.3723,117761
1770267600000,2026-02-05,14.11,14.34,13.58,13.73,29469087.0,13.9784,147846
1770354000000,2026-02-06,13.835,14.99,13.82,14.8,31308152.0,14.5745,156225
1770613200000,2026-02-09,14.82,15.095,14.33,14.69,31858833.0,14.7586,142303
1770699600000,2026-02-10,14.93,15.595,14.84,14.96,37616377.0,15.2023,156085
1770786000000,2026-02-11,15.16,15.24,14.315,14.76,27135466.0,14.6534,129725
1770872400000,2026-02-12,14.76,14.83,13.94,14,38024324.0,14.6555,186392
1770958800000,2026-02-13,17.77,18.48,16.4,17.73,127927317.0,17.5129,565422
1771304400000,2026-02-17,17.39,17.6599,16.38,16.47,55972058.0,16.8611,270770
1771390800000,2026-02-18,16.495,17.086,16.0732,16.15,30101664.0,16.5022,158447
1771477200000,2026-02-19,15.93,15.96,15.07,15.59,28703585.0,15.4366,142688
1771563600000,2026-02-20,15.335,15.42,15.01,15.27,20860454.0,15.1935,114085
1771822800000,2026-02-23,15.085,15.355,14.695,14.96,17459812.408799,14.9334,106928
1771909200000,2026-02-24,15.095,15.35,14.735,15.12,21025335.858612,15.1933,98226
1771995600000,2026-02-25,15.3,15.705,15.18,15.25,19283216.664818,15.3906,104025
1772082000000,2026-02-26,15.18,15.77,15.13,15.61,23469663.054448,15.5269,106385
1772168400000,2026-02-27,15.34,15.54,14.91,15.33,34214299.549746,15.2626,115255
1772427600000,2026-03-02,15,15.22,14.7,15.01,20187659.315392,15.0345,105079
1772514000000,2026-03-03,14.73,15.6,14.56,15.1,25283007.080801,15.082,130539
1772600400000,2026-03-04,14.98,15.335,14.835,14.92,23847612.168653,15.0116,104712
1772686800000,2026-03-05,14.615,15.28,14.55,15.19,27696905.787967,14.948,126002
1772773200000,2026-03-06,14.82,15.62,14.8,15.37,24930227.004011,15.3293,130177
1773028800000,2026-03-09,15.115,15.97,15.052,15.87,25666239.218916,15.6813,139689
1773115200000,2026-03-10,16.7,17.555,16.5,16.54,51139301.076968,16.9371,221148
1773201600000,2026-03-11,16.545,16.87,16.135,16.65,21360724.773032,16.4509,118757
1773288000000,2026-03-12,16.6,16.79,15.24,15.3,37373869.862589,15.7376,145808
1773374400000,2026-03-13,15.27,15.555,14.81,14.86,30983148.774522,15.0578,140232
1773633600000,2026-03-16,15.035,15.45,14.85,15.33,25041514.743645,15.2492,101554
1773720000000,2026-03-17,15.31,16.07,15.29,15.82,22534916.667073,15.7955,108574
1773806400000,2026-03-18,15.65,16.038,15.5,15.53,19144736.441476,15.6527,85875
1773892800000,2026-03-19,16.56,17.12,15.545,16.12,78928064.168839,16.2127,308032
1773979200000,2026-03-20,15.96,16.05,14.81,14.91,51189516.461524,15.0907,194740
1774238400000,2026-03-23,15.35,16.32,15.31,15.77,37347990.156948,15.8386,170083
1774324800000,2026-03-24,15.472,16.13,15.365,16.1,19524061.950497,15.8144,86803
1774411200000,2026-03-25,16.26,16.52,15.545,15.62,20330920.978676,15.8695,107711
1774497600000,2026-03-26,15.42,15.6999,15.13,15.21,16862784.630963,15.3425,81122
1774584000000,2026-03-27,15.18,15.2352,14.7,14.77,22351476.804037,14.9225,125041
1774843200000,2026-03-30,14.9,14.9926,14.24,14.49,19715396.305005,14.564,113105
1774929600000,2026-03-31,14.56,15.16,14.43,15.05,24085925.493216,14.8873,121063
1775016000000,2026-04-01,15.535,15.82,14.87,14.94,22177888.509643,15.1694,110303
1775102400000,2026-04-02,14.94,15.48,14.62,15.4,20656306.818865,15.2068,106302
