condition,hold_days,pooled_n,pooled_mean_bps,pooled_excess_bps,pooled_t_stat,pooled_win_rate,uncond_mean_bps,symbols_tested,symbols_pos_t2,symbols_neg_t2,consistency_pct,total_obs_across_symbols,p_value,rank,bh_threshold,bh_significant
within_2pct_of_52w_high,5,60239,21.77,-20.57,-12.785,54.4,42.35,196,10,51,5.1,59866,0.0,2,0.00030864197530864197,True
within_5pct_of_52w_high,5,125851,28.72,-13.63,-11.316,54.7,42.35,212,17,45,8.0,125631,0.0,1,0.00015432098765432098,True
within_2pct_of_52w_high,3,60259,12.56,-13.36,-10.833,53.7,25.92,196,7,39,3.6,59886,0.0,5,0.0007716049382716049,True
roc20_above_15pct,5,52768,90.95,48.6,9.94,52.4,42.35,205,31,21,15.1,52440,0.0,10,0.0015432098765432098,True
gap_up_100_closed_weak,1,26529,34.63,26.17,9.822,53.1,8.46,217,30,1,13.8,26249,0.0,3,0.00046296296296296303,True
within_5pct_of_52w_high,3,125898,17.44,-8.48,-9.182,54.1,25.92,212,11,28,5.2,125678,0.0,7,0.001080246913580247,True
dist_sma200_above_20pct,5,89635,69.23,26.88,9.08,53.1,42.35,212,26,41,12.3,89485,0.0,4,0.0006172839506172839,True
roc10_above_10pct,5,53785,86.72,44.37,8.862,52.2,42.35,210,31,19,14.8,53494,0.0,11,0.001697530864197531,True
5_up_days,3,19054,-3.07,-28.99,-8.665,50.3,25.92,216,7,42,3.2,18739,0.0,9,0.001388888888888889,True
within_2pct_of_52w_high,2,60261,8.48,-8.66,-8.622,53.3,17.13,196,6,27,3.1,59888,0.0,8,0.0012345679012345679,True
3_up_days,5,75202,22.12,-20.23,-8.606,52.6,42.35,230,5,36,2.2,75202,0.0,6,0.0009259259259259261,True
within_5pct_of_52w_high,2,125925,11.37,-5.76,-7.673,53.6,17.13,212,8,24,3.8,125705,1.687538997430238e-14,12,0.0018518518518518521,True
4_up_days,3,37950,6.51,-19.41,-7.528,51.2,25.92,230,5,36,2.2,37950,5.1514348342607263e-14,13,0.002006172839506173,True
gap_up_100_closed_weak,3,26492,93.23,67.32,7.437,54.1,25.92,217,39,1,18.0,26212,1.0302869668521453e-13,14,0.002160493827160494,True
4_up_days,5,37937,18.78,-23.57,-7.427,52.5,42.35,230,8,44,3.5,37937,1.1102230246251565e-13,15,0.0023148148148148147,True
5_down_days,2,14113,47.09,29.96,7.283,53.9,17.13,220,28,3,12.7,13890,3.26405569239796e-13,16,0.0024691358024691358,True
roc20_above_15pct,3,52793,52.65,26.73,7.235,51.4,25.92,205,15,15,7.3,52465,4.656275365277907e-13,17,0.0026234567901234573,True
oversold_combo,1,8078,49.93,41.47,7.22,54.0,8.46,146,9,1,6.2,6351,5.198064201294983e-13,18,0.002777777777777778,True
3_up_days,3,75219,12.46,-13.45,-6.968,51.6,25.92,230,5,33,2.2,75219,3.2147617901046033e-12,19,0.002932098765432099,True
5_up_days,5,19045,13.01,-29.33,-6.898,52.4,42.35,216,8,39,3.7,18730,5.274003456179344e-12,20,0.0030864197530864196,True
5_up_days,2,19054,-1.77,-18.9,-6.8,50.2,17.13,216,3,32,1.4,18739,1.0461853605647775e-11,21,0.003240740740740741,True
gap_up_100_closed_weak,2,26496,62.75,45.62,6.763,53.7,17.13,217,42,1,19.4,26216,1.3516299190996506e-11,22,0.003395061728395062,True
roc20_below_neg15pct,5,39396,106.9,64.55,6.718,52.8,42.35,193,43,7,22.3,38774,1.8423484959839698e-11,23,0.003549382716049383,True
dist_sma20_above_5pct,5,96605,62.89,20.55,6.682,52.5,42.35,227,29,30,12.8,96561,2.3570256857397e-11,24,0.0037037037037037043,True
stoch_overbought,5,115150,30.84,-11.51,-6.676,53.4,42.35,230,12,42,5.2,115150,2.4555246724844437e-11,25,0.0038580246913580245,True
dist_sma50_below_neg10pct,5,64709,84.29,41.94,6.674,52.8,42.35,223,56,5,25.1,64619,2.4892310435120635e-11,26,0.004012345679012346,True
dist_sma200_above_20pct,3,89695,39.82,13.9,6.471,52.3,25.92,212,16,32,7.5,89545,9.735634520779968e-11,27,0.004166666666666667,True
gap_up_100_closed_weak,5,26430,99.99,57.64,6.441,54.3,42.35,217,27,3,12.4,26153,1.186888365367622e-10,28,0.004320987654320988,True
stoch_overbought,3,115177,17.18,-8.74,-6.359,52.4,25.92,230,4,29,1.7,115177,2.0307133752339723e-10,29,0.00447530864197531,True
5_down_days,1,14113,28.59,20.13,6.215,53.5,8.46,220,5,4,2.3,13890,5.132465563661981e-10,30,0.004629629629629629,True
roc20_above_15pct,2,52804,35.75,18.62,6.21,50.9,17.13,205,9,12,4.4,52476,5.298459448965787e-10,31,0.004783950617283951,True
rvol_20d_below_15,5,63848,21.95,-20.39,-6.18,54.6,42.35,132,17,31,12.9,63422,6.410159070213695e-10,32,0.0049382716049382715,True
rvol_20d_above_40,5,187947,70.88,28.53,6.17,51.6,42.35,226,35,6,15.5,187858,6.828999588037732e-10,33,0.005092592592592593,True
gap_up_100_closed_strong,5,28180,8.7,-33.64,-6.156,50.9,42.35,224,0,13,0.0,28074,7.460523310243161e-10,34,0.0052469135802469145,True
at_20d_high,5,79606,24.39,-17.96,-6.118,53.6,42.35,220,6,43,2.7,79392,9.475706885808677e-10,35,0.005401234567901234,True
weak_trend_adx_below_15,5,93063,29.77,-12.57,-6.105,52.3,42.35,230,34,40,14.8,93063,1.0280067908041701e-09,36,0.005555555555555556,True
4_down_days,3,29719,49.25,23.33,6.0,53.0,25.92,230,29,6,12.6,29719,1.973175400848959e-09,37,0.005709876543209876,True
dist_sma50_below_neg10pct,3,64891,55.56,29.64,5.896,51.8,25.92,223,43,3,19.3,64801,3.7241896233553007e-09,38,0.005864197530864198,True
rsi_below_30,5,21918,131.09,88.74,5.893,56.1,42.35,226,70,4,31.0,21815,3.792464120522254e-09,39,0.006018518518518519,True
rsi_below_30,3,21980,97.73,71.81,5.866,54.6,25.92,227,60,2,26.4,21904,4.464338010379265e-09,40,0.006172839506172839,True
roc10_above_10pct,3,53807,47.11,21.19,5.724,50.9,25.92,210,14,18,6.7,53516,1.0404474837244493e-08,41,0.0063271604938271615,True
oversold_combo,3,8077,88.52,62.6,5.716,55.5,25.92,146,24,5,16.4,6350,1.0906073821814743e-08,42,0.006481481481481482,True
4_down_days,2,29719,33.4,16.27,5.679,53.0,17.13,230,16,5,7.0,29719,1.3548447919120576e-08,43,0.006635802469135802,True
5_down_days,3,14113,54.59,28.68,5.672,53.1,25.92,220,35,5,15.9,13890,1.411399774831068e-08,44,0.006790123456790124,True
roc20_below_neg15pct,3,39481,69.46,43.54,5.609,51.7,25.92,193,27,3,14.0,38853,2.0349902429828148e-08,45,0.006944444444444444,True
stoch_overbought,2,115179,11.01,-6.13,-5.571,51.8,17.13,230,4,23,1.7,115179,2.532813292432934e-08,46,0.007098765432098766,True
within_2pct_of_52w_high,1,60267,4.57,-3.89,-5.554,52.4,8.46,196,3,10,1.5,59894,2.7920548095750064e-08,47,0.007253086419753087,True
rvol_20d_above_40,3,188136,40.56,14.65,5.539,50.9,25.92,226,17,2,7.5,188047,3.0420364449668114e-08,48,0.0074074074074074086,True
gap_up_100bps,3,83912,45.91,20.0,5.517,52.0,25.92,229,6,2,2.6,83890,3.448354335411352e-08,49,0.007561728395061729,True
at_20d_high,3,79621,13.5,-12.41,-5.387,52.7,25.92,220,4,31,1.8,79407,7.164343429622022e-08,50,0.007716049382716049,True
dist_sma200_above_20pct,2,89729,26.37,9.24,5.352,52.2,17.13,212,6,23,2.8,89579,8.698739883961082e-08,51,0.007870370370370371,True
gap_up_100_closed_strong,3,28188,2.79,-23.12,-5.298,51.2,25.92,224,1,11,0.4,28082,1.1707796665483272e-07,52,0.008024691358024692,True
rvol_20d_below_15,3,63865,12.22,-13.69,-5.287,53.9,25.92,132,8,28,6.1,63437,1.2433863982863613e-07,53,0.008179012345679013,True
macd_cross_below,1,22629,-1.61,-10.07,-5.215,51.1,8.46,229,1,9,0.4,22604,1.8381723521088134e-07,54,0.008333333333333333,True
within_5pct_of_52w_high,1,125941,5.69,-2.77,-5.211,52.6,8.46,212,2,10,0.9,125721,1.8782545230244807e-07,55,0.008487654320987654,True
rvol_20d_above_40,2,188241,25.14,8.01,5.172,50.4,17.13,226,7,3,3.1,188152,2.3160158457713464e-07,56,0.008641975308641976,True
macd_cross_below,2,22618,3.13,-14.0,-5.094,51.1,17.13,229,1,5,0.4,22593,3.5058676473020967e-07,57,0.008796296296296297,True
gap_up_50bps,3,157978,36.49,10.58,5.064,52.3,25.92,230,1,2,0.4,157978,4.105496462791791e-07,58,0.00895061728395062,True
oversold_combo,5,8049,108.69,66.34,5.05,56.5,42.35,146,27,7,18.5,6343,4.4181006453314353e-07,59,0.009104938271604938,True
gap_up_100bps,2,84046,31.21,14.07,4.949,51.6,17.13,229,5,3,2.2,84024,7.459574704604677e-07,60,0.009259259259259259,True
gap_down_100bps,5,77341,63.4,21.05,4.843,52.7,42.35,229,2,2,0.9,77312,1.278932887149864e-06,61,0.009413580246913581,True
4_up_days,2,37952,7.12,-10.02,-4.73,51.1,17.13,230,5,20,2.2,37952,2.2451983707760803e-06,62,0.009567901234567902,True
roc20_above_15pct,1,52813,18.49,10.03,4.728,50.1,8.46,205,3,5,1.5,52485,2.267421852275575e-06,63,0.009722222222222224,True
gap_up_50bps,2,158146,24.86,7.73,4.7,52.0,17.13,230,2,2,0.9,158146,2.6016149077268125e-06,64,0.009876543209876543,True
dist_sma50_below_neg10pct,2,64942,36.3,19.17,4.639,51.0,17.13,223,26,3,11.7,64852,3.500990535476589e-06,65,0.010030864197530864,True
weak_trend_adx_below_15,3,93119,18.54,-7.38,-4.635,51.9,25.92,230,21,28,9.1,93119,3.5693747990617197e-06,66,0.010185185185185186,True
big_red_candle_5pct,5,19859,87.45,45.11,4.63,50.5,42.35,160,4,1,2.5,18715,3.656657327155699e-06,67,0.010339506172839507,True
rsi_below_30,2,21980,63.26,46.13,4.545,53.0,17.13,227,31,3,13.7,21904,5.493525410571465e-06,68,0.010493827160493829,True
gap_up_100bps,5,83818,60.12,17.78,4.471,52.6,42.35,229,3,3,1.3,83796,7.78546984392392e-06,69,0.010648148148148148,True
gap_up_200bps,2,32293,38.71,21.58,4.451,50.6,17.13,216,3,3,1.4,32031,8.54713418485531e-06,70,0.010802469135802469,True
dist_sma200_above_10pct,5,178418,51.3,8.95,4.382,53.4,42.35,226,22,41,9.7,178365,1.1759480925910282e-05,71,0.010956790123456791,True
3down_oversold_vol,5,5124,119.32,76.97,4.372,57.5,42.35,41,3,2,7.3,1451,1.231135255075344e-05,72,0.011111111111111112,True
macd_cross_below,3,22615,10.98,-14.93,-4.369,51.7,25.92,229,2,10,0.9,22590,1.2481676661790786e-05,73,0.011265432098765434,True
3_up_days,2,75230,9.99,-7.14,-4.331,51.2,17.13,230,3,26,1.3,75230,1.484336818791121e-05,74,0.011419753086419753,True
dist_sma50_above_10pct,5,77560,57.42,15.07,4.321,51.7,42.35,217,15,57,6.9,77378,1.5532367385606705e-05,75,0.011574074074074073,True
at_20d_high,2,79625,9.02,-8.11,-4.311,52.4,17.13,220,3,21,1.4,79411,1.6251790561305768e-05,76,0.011728395061728396,True
gap_down_200bps,5,31049,82.23,39.88,4.299,51.9,42.35,221,3,3,1.4,30895,1.7157047261795455e-05,77,0.011882716049382716,True
rvol_20d_below_15,2,63871,8.07,-9.06,-4.282,53.4,17.13,132,5,18,3.8,63442,1.8522098219397876e-05,78,0.012037037037037039,True
dist_sma20_above_5pct,3,96642,35.63,9.72,4.217,51.4,25.92,227,16,24,7.0,96598,2.475739751672812e-05,79,0.01219135802469136,True
rsi_below_20,1,1758,78.25,69.79,4.194,56.5,8.46,3,0,0,0.0,115,2.7407798048217913e-05,80,0.012345679012345678,True
5_up_days,1,19055,-0.32,-8.78,-4.168,49.5,8.46,216,2,11,0.9,18740,3.0728393478174354e-05,81,0.012499999999999999,True
stoch_overbought,1,115188,5.22,-3.24,-4.089,50.9,8.46,230,0,14,0.0,115188,4.332368531634323e-05,82,0.012654320987654323,True
doji_body_lt_10pct,1,58760,3.4,-5.06,-4.07,50.9,8.46,230,1,4,0.4,58760,4.701313773725069e-05,83,0.012808641975308644,True
rsi_below_30,1,21982,37.34,28.88,4.038,52.9,8.46,227,17,3,7.5,21906,5.390885314993099e-05,84,0.012962962962962964,True
oversold_combo,2,8077,47.08,29.95,4.01,53.6,17.13,146,7,4,4.8,6350,6.071874785318343e-05,85,0.013117283950617283,True
gap_up_200bps,3,32254,55.03,29.11,3.99,50.4,25.92,216,4,2,1.9,31992,6.607329525887273e-05,86,0.013271604938271604,True
dist_sma20_below_neg5pct,5,86227,75.27,32.92,3.973,52.9,42.35,228,44,7,19.3,86189,7.09730491779137e-05,87,0.013425925925925928,True
3down_oversold_vol,2,5131,57.27,40.13,3.969,54.5,17.13,41,1,1,2.4,1451,7.217488186794796e-05,88,0.013580246913580249,True
4_down_days,1,29720,16.76,8.3,3.959,51.9,8.46,230,9,4,3.9,29720,7.526423684445227e-05,89,0.01373456790123457,True
roc20_below_neg15pct,2,39492,42.47,25.33,3.954,50.4,17.13,193,13,1,6.7,38864,7.685540904578403e-05,90,0.013888888888888888,True
roc10_above_10pct,2,53812,28.87,11.74,3.922,50.2,17.13,210,8,15,3.8,53521,8.781699221782624e-05,91,0.014043209876543209,True
big_red_candle_3pct,5,49467,77.04,34.69,3.92,51.7,42.35,224,6,3,2.7,49358,8.854896862420247e-05,92,0.014197530864197533,True
dist_sma50_below_neg5pct,5,127373,60.02,17.67,3.871,52.9,42.35,230,44,8,19.1,127373,0.00010838979204441657,93,0.014351851851851853,True
dist_sma200_above_20pct,1,89766,13.11,4.65,3.866,51.4,8.46,212,1,11,0.5,89616,0.00011063493738960872,94,0.014506172839506174,True
rvol_20d_above_40,1,188346,12.6,4.14,3.832,49.8,8.46,226,0,3,0.0,188257,0.00012710573935503788,95,0.014660493827160493,True
down_30pct_from_52w_high,5,117114,73.79,31.44,3.774,50.9,42.35,203,60,13,29.6,116863,0.00016065075990034927,96,0.014814814814814817,True
narrow_range_below_0.5x_atr,5,43851,61.63,19.28,3.735,53.6,42.35,230,22,9,9.6,43851,0.00018771518721427682,97,0.014969135802469138,True
dist_sma50_below_neg10pct,1,64988,19.35,10.89,3.723,50.4,8.46,223,10,2,4.5,64898,0.0001968695219343175,98,0.015123456790123458,True
3_down_days,3,62368,38.18,12.26,3.709,52.5,25.92,230,16,5,7.0,62368,0.00020807942799083712,99,0.015277777777777779,True
gap_up_100_closed_strong,1,28319,-1.83,-10.29,-3.665,49.0,8.46,224,1,18,0.4,28212,0.0002473385829830921,100,0.015432098765432098,True
roc10_below_neg10pct,1,45978,22.81,14.35,3.654,50.8,8.46,213,16,1,7.5,45664,0.00025818626641904707,101,0.015586419753086422,True
bb_below_lower,1,27775,16.83,8.37,3.628,52.1,8.46,230,10,3,4.3,27775,0.0002856252610634602,102,0.015740740740740743,True
dist_sma20_above_3pct,5,159147,49.8,7.45,3.621,53.0,42.35,229,21,31,9.2,159122,0.00029346651474493335,103,0.01589506172839506,True
dist_sma20_above_5pct,2,96662,23.83,6.7,3.582,50.8,17.13,227,10,19,4.4,96618,0.00034097379281861073,104,0.016049382716049384,True
3down_oversold_vol,3,5131,81.85,55.93,3.581,55.2,25.92,41,4,1,9.8,1451,0.0003422816542317797,105,0.016203703703703703,True
down_20pct_from_52w_high,5,187862,61.21,18.86,3.574,51.7,42.35,224,58,11,25.9,187800,0.0003515689278867917,106,0.016358024691358025,True
dist_sma20_below_neg5pct,3,86456,53.91,28.0,3.563,51.9,25.92,228,29,3,12.7,86416,0.00036664067942870915,107,0.016512345679012348,True
gap_down_50bps,2,137406,12.17,-4.96,-3.554,51.1,17.13,230,1,4,0.4,137406,0.00037941921353956687,108,0.016666666666666666,True
dist_sma20_below_neg3pct,5,133760,66.67,24.33,3.486,53.1,42.35,230,42,8,18.3,133760,0.0004903010048387113,109,0.01682098765432099,True
stoch_oversold,5,80493,80.48,38.14,3.459,53.6,42.35,230,50,10,21.7,80493,0.0005421849046529648,110,0.016975308641975308,True
weak_trend_adx_below_15,2,93147,12.69,-4.44,-3.458,51.7,17.13,230,14,20,6.1,93147,0.0005442013843321991,111,0.017129629629629634,True
roc20_below_neg15pct,1,39508,23.99,15.52,3.423,50.4,8.46,193,4,1,2.1,38880,0.000619340773196031,112,0.017283950617283952,True
dist_sma200_below_neg20pct,5,54113,97.33,54.99,3.397,50.6,42.35,185,50,10,27.0,53658,0.0006812896696237747,113,0.01743827160493827,True
gap_up_200bps,5,32233,69.14,26.79,3.396,51.5,42.35,216,3,3,1.4,31971,0.0006837835957851368,114,0.017592592592592594,True
big_green_candle_5pct,2,21095,39.55,22.41,3.344,49.6,17.13,164,4,4,2.4,20026,0.00082579737432531,115,0.017746913580246913,True
dist_sma200_below_neg10pct,5,106133,71.15,28.8,3.18,51.9,42.35,225,68,13,30.2,106043,0.001472750523107802,116,0.01790123456790124,True
stoch_oversold,3,80706,51.09,25.17,3.122,52.7,25.92,230,41,6,17.8,80706,0.0017962693862949575,117,0.018055555555555557,True
roc10_below_neg10pct,3,45936,64.9,38.98,3.111,51.2,25.92,213,28,0,13.1,45622,0.0018645493932203383,118,0.018209876543209876,True
stoch_oversold,1,80733,15.21,6.75,3.106,51.8,8.46,230,17,2,7.4,80733,0.001896367156816181,119,0.0183641975308642,True
macd_cross_below,5,22585,29.05,-13.3,-3.083,52.2,42.35,229,5,8,2.2,22560,0.002049251549533615,120,0.018518518518518517,True
down_30pct_from_52w_high,3,117303,46.62,20.71,3.078,50.2,25.92,203,44,7,21.7,117052,0.002083949150805342,121,0.018672839506172843,True
dist_sma200_below_neg20pct,1,54325,15.51,7.05,3.029,48.9,8.46,185,1,1,0.5,53864,0.0024536468298355096,122,0.018827160493827162,True
dist_sma50_below_neg5pct,3,127690,40.18,14.26,3.029,51.9,25.92,230,27,3,11.7,127690,0.0024536468298355096,123,0.01898148148148148,True
roc10_below_neg10pct,5,45847,76.68,34.33,3.017,51.9,42.35,213,32,5,15.0,45534,0.002552898118791891,124,0.019135802469135803,True
bb_below_lower,5,27675,57.53,15.19,3.008,54.0,42.35,230,30,13,13.0,27675,0.002629731379770739,125,0.019290123456790122,True
dist_sma20_below_neg3pct,3,134077,41.2,15.28,2.981,52.1,25.92,230,33,4,14.3,134077,0.002873087928047413,126,0.019444444444444448,True
gap_down_200bps,1,31089,17.18,8.72,2.951,51.1,8.46,221,2,3,0.9,30935,0.0031674691704777214,127,0.019598765432098767,True
dist_sma200_below_neg20pct,3,54230,60.46,34.55,2.941,50.0,25.92,185,30,3,16.2,53771,0.0032715453383471704,128,0.019753086419753086,True
4_up_days,1,37959,3.39,-5.07,-2.93,50.2,8.46,230,2,12,0.9,37959,0.003389620038554586,129,0.01990740740740741,True
roc10_below_neg10pct,2,45960,44.32,27.18,2.925,50.6,17.13,213,22,0,10.3,45646,0.003444562231735171,130,0.020061728395061727,True
macd_cross_above,5,22499,29.43,-12.92,-2.904,52.7,42.35,229,0,6,0.0,22474,0.003684281599927841,131,0.020216049382716053,True
dist_sma20_below_neg5pct,2,86503,31.8,14.67,2.897,51.2,17.13,228,18,1,7.9,86463,0.003767497553988308,132,0.020370370370370372,True
dist_sma50_above_10pct,3,77594,33.45,7.54,2.851,50.9,25.92,217,5,41,2.3,77412,0.0043581969475214866,133,0.02052469135802469,True
3_down_days,2,62369,25.6,8.47,2.835,52.1,17.13,230,16,5,7.0,62369,0.004582568567430556,134,0.020679012345679013,True
dist_sma200_above_10pct,3,178520,30.29,4.37,2.826,52.7,25.92,226,14,26,6.2,178467,0.004713326404834017,135,0.020833333333333332,True
3_down_days,5,62243,60.61,18.27,2.783,53.3,42.35,230,26,6,11.3,62243,0.005385880614007688,136,0.020987654320987658,True
down_20pct_from_52w_high,3,188130,37.64,11.72,2.755,50.9,25.92,224,31,6,13.8,188068,0.005869213546929597,137,0.021141975308641977,True
gap_down_100_closed_strong,5,25618,63.2,20.85,2.728,53.1,42.35,225,6,4,2.7,25525,0.006371960802520116,138,0.021296296296296296,True
rvol_20d_below_15,1,63876,4.19,-4.27,-2.714,52.6,8.46,132,2,7,1.5,63446,0.006647616620961028,139,0.021450617283950618,True
gap_up_100_closed_strong,2,28305,7.63,-9.5,-2.692,50.9,17.13,224,3,7,1.3,28198,0.007102494528723469,140,0.021604938271604937,True
dist_sma20_above_5pct,1,96679,12.0,3.54,2.691,49.9,8.46,227,2,5,0.9,96635,0.0071238194853939785,141,0.021759259259259263,True
dist_sma200_below_neg10pct,3,106335,45.6,19.68,2.688,51.1,25.92,225,40,6,17.8,106243,0.007188139665661453,142,0.021913580246913582,True
3_up_days,1,75284,5.34,-3.12,-2.688,50.5,8.46,230,2,9,0.9,75284,0.007188139665661453,143,0.0220679012345679,True
dist_sma50_below_neg5pct,2,127798,26.52,9.39,2.673,51.4,17.13,230,16,3,7.0,127798,0.007517625046810972,144,0.022222222222222223,True
roc10_above_10pct,1,53821,14.09,5.63,2.671,49.2,8.46,210,1,8,0.5,53530,0.007562564681153905,145,0.022376543209876542,True
gap_down_100_closed_weak,1,24428,16.02,7.56,2.663,51.8,8.46,223,7,3,3.1,24286,0.007744741412806233,146,0.022530864197530868,True
gap_down_50bps,5,137265,53.54,11.19,2.658,53.1,42.35,230,0,1,0.0,137265,0.007860589303706478,147,0.022685185185185187,True
3_down_days,1,62382,11.99,3.53,2.614,51.8,8.46,230,18,5,7.8,62382,0.008948903652513884,148,0.022839506172839506,True
mean_revert_setup,5,15169,79.43,37.08,2.595,54.1,42.35,212,19,5,9.0,14757,0.009459091899608918,149,0.022993827160493828,True
dist_sma200_below_neg20pct,2,54278,35.68,18.55,2.584,49.4,17.13,185,20,3,10.8,53818,0.009766179435168887,150,0.023148148148148147,True
down_30pct_from_52w_high,2,117386,30.65,13.52,2.532,49.5,17.13,203,23,4,11.3,117135,0.011341399125180951,151,0.023302469135802473,True
dist_sma50_above_10pct,2,77613,22.56,5.42,2.529,50.7,17.13,217,3,28,1.4,77431,0.011438802719856866,152,0.02345679012345679,True
stoch_oversold,2,80717,30.38,13.25,2.523,51.8,17.13,230,21,1,9.1,80717,0.011635840101752226,153,0.02361111111111111,True
at_20d_high,1,79636,4.96,-3.5,-2.516,51.2,8.46,220,2,14,0.9,79422,0.011869518281590441,154,0.023765432098765433,True
vol_spike_2x_down_day,5,10324,73.81,31.47,2.494,52.3,42.35,199,13,7,6.5,9621,0.01263125444560842,155,0.023919753086419752,True
dist_sma20_below_neg5pct,1,86537,13.97,5.51,2.466,50.9,8.46,228,6,1,2.6,86497,0.013663133423847729,156,0.024074074074074078,True
big_red_candle_5pct,1,19906,18.58,10.12,2.465,50.8,8.46,160,6,3,3.8,18760,0.013701325154341193,157,0.024228395061728396,True
gap_up_50bps,5,157801,48.16,5.81,2.44,52.7,42.35,230,1,3,0.4,157801,0.01468726191069658,158,0.02438271604938272,True
4_down_days,5,29677,72.12,29.78,2.439,53.3,42.35,230,39,9,17.0,29677,0.01472796825693945,159,0.024537037037037038,True
squeeze_release_today,3,8546,11.97,-13.94,-2.415,51.1,25.92,162,2,10,1.2,7034,0.01573520968933728,160,0.024691358024691357,True
below_all_mas,5,96571,63.37,21.02,2.341,52.7,42.35,230,40,7,17.4,96571,0.019232167112057663,161,0.024845679012345682,True
dist_sma200_above_10pct,2,178583,20.04,2.91,2.32,52.4,17.13,226,5,19,2.2,178530,0.02034087733743939,162,0.024999999999999998,True
down_20pct_from_52w_high,2,188249,24.94,7.81,2.311,50.4,17.13,224,21,3,9.4,188187,0.020832854894027975,163,0.025154320987654324,True
dist_sma50_above_10pct,1,77627,11.9,3.44,2.272,50.1,8.46,217,1,12,0.5,77445,0.023086510330708743,164,0.025308641975308646,True
gap_up_200bps,1,32328,15.77,7.3,2.258,49.3,8.46,216,3,1,1.4,32066,0.023945659434729816,165,0.02546296296296296,True
sma8_cross_below_sma20,2,15784,9.72,-7.42,-2.255,51.8,17.13,224,7,9,3.1,15632,0.024133328782225405,166,0.025617283950617287,True
dist_sma20_above_3pct,3,159189,29.38,3.46,2.235,52.2,25.92,229,14,20,6.1,159164,0.025417348744692037,167,0.025771604938271603,True
bb_below_lower,3,27772,35.13,9.22,2.233,52.8,25.92,230,22,10,9.6,27772,0.025548944369476967,168,0.02592592592592593,True
weak_trend_adx_below_15,1,93176,6.48,-1.98,-2.227,51.1,8.46,230,5,8,2.2,93176,0.025947273790877023,169,0.02608024691358025,True
down_30pct_from_52w_high,1,117467,15.43,6.97,2.222,49.2,8.46,203,8,1,3.9,117216,0.026283305600399265,170,0.026234567901234566,False
dist_sma20_above_3pct,2,159222,19.92,2.78,2.216,51.6,17.13,229,9,13,3.9,159197,0.02669150214341398,171,0.026388888888888892,False
doji_body_lt_10pct,2,58732,11.79,-5.34,-2.206,51.5,17.13,230,2,8,0.9,58732,0.027383999708101348,172,0.026543209876543208,False
big_green_candle_3pct,2,49957,39.76,22.63,2.203,50.3,17.13,221,2,7,0.9,49804,0.027594748641825984,173,0.026697530864197534,False
rsi_above_70,3,41005,19.45,-6.47,-2.177,51.5,25.92,225,7,55,3.1,40898,0.029480567440393513,174,0.026851851851851856,False
dist_sma50_below_neg5pct,1,127900,11.93,3.47,2.176,50.7,8.46,230,4,3,1.7,127900,0.029555260558219443,175,0.02700617283950617,False
big_red_candle_3pct,3,49585,34.22,8.3,2.116,50.7,25.92,224,3,2,1.3,49476,0.03434480757152025,176,0.027160493827160497,False
dist_sma200_below_neg10pct,2,106426,29.29,12.16,2.102,50.4,17.13,225,26,3,11.6,106333,0.03555327580413392,177,0.027314814814814813,False
down_20pct_from_52w_high,1,188368,12.66,4.2,2.101,50.0,8.46,224,8,1,3.6,188306,0.03564096624924007,178,0.02746913580246914,False
golden_cross_today,5,1591,79.3,36.95,2.099,54.2,42.35,0,0,0,0.0,0,0.035816900733151025,179,0.02762345679012346,False
dist_sma20_below_neg3pct,2,134158,24.11,6.98,2.098,51.6,17.13,230,19,2,8.3,134158,0.035905145371892155,180,0.027777777777777776,False
mean_revert_setup,3,15185,46.81,20.9,2.083,53.4,25.92,212,12,5,5.7,14771,0.037251223559481295,181,0.027932098765432102,False
bb_above_upper,5,33485,32.47,-9.88,-2.07,51.8,42.35,229,6,41,2.6,33457,0.03845234445503465,182,0.028086419753086418,False
dist_sma20_above_3pct,1,159262,10.28,1.82,2.064,50.7,8.46,229,1,6,0.4,159237,0.03901771638872353,183,0.028240740740740743,False
volume_spike_2x,5,20403,60.84,18.49,2.062,51.3,42.35,229,12,19,5.2,20374,0.03920773597443872,184,0.028395061728395066,False
rsi_below_20,5,1758,208.01,165.66,2.06,57.6,42.35,3,0,1,0.0,115,0.039398540818753824,185,0.02854938271604938,False
volume_spike_3x,5,5214,96.33,53.98,2.033,48.8,42.35,61,1,4,1.6,2716,0.04205252300229745,186,0.028703703703703707,False
dist_sma50_above_5pct,5,164561,46.21,3.86,2.022,52.8,42.35,229,17,46,7.4,164550,0.04317635186038471,187,0.028858024691358022,False
gap_down_100_closed_weak,2,24419,9.05,-8.08,-2.013,50.6,17.13,223,2,4,0.9,24277,0.04411462935420696,188,0.029012345679012348,False
below_all_mas,3,96833,38.98,13.06,2.004,51.9,25.92,230,22,6,9.6,96833,0.04507006042206774,189,0.02916666666666667,False
bb_above_upper,3,33496,18.36,-7.55,-1.999,51.0,25.92,229,3,30,1.3,33468,0.04560835386531781,190,0.029320987654320986,False
gap_up_100bps,1,84134,11.53,3.07,1.99,50.1,8.46,229,1,5,0.4,84112,0.0465909355004237,191,0.029475308641975312,False
squeeze_release_today,5,8526,28.07,-14.27,-1.966,51.6,42.35,162,2,8,1.2,7025,0.04929861061118612,192,0.029629629629629634,False
rsi_below_20,3,1758,186.98,161.07,1.96,57.2,25.92,3,0,1,0.0,115,0.04999579029644097,193,0.029783950617283953,False
volume_spike_2x,3,20413,41.4,15.49,1.957,49.9,25.92,229,10,14,4.4,20384,0.05034746835594106,194,0.029938271604938275,False
volume_spike_3x,3,5218,74.29,48.37,1.949,47.8,25.92,61,1,3,1.6,2718,0.051295424720770866,195,0.03009259259259259,False
range_expansion_2x_atr,1,9768,-3.31,-11.77,-1.945,47.3,8.46,184,1,9,0.5,8750,0.05177497830965039,196,0.030246913580246917,False
rsi_divergence_bullish,3,8061,59.94,34.02,1.924,53.1,25.92,135,2,4,1.5,6307,0.05435458346804678,197,0.03040123456790124,False
vol_spike_3x_big_down,1,2113,-15.31,-23.77,-1.842,47.8,8.46,1,0,0,0.0,32,0.06547514987522662,198,0.030555555555555558,False
sma8_cross_below_sma20,3,15782,18.61,-7.31,-1.839,52.1,25.92,224,6,9,2.7,15630,0.0659151860704037,199,0.03070987654320988,False
dist_sma200_below_neg10pct,1,106517,14.58,6.12,1.815,49.8,8.46,225,11,1,4.9,106423,0.06952390948633114,200,0.030864197530864196,False
rsi_divergence_bullish,5,8035,77.33,34.98,1.811,54.1,42.35,135,9,9,6.7,6289,0.07014085166885708,201,0.03101851851851852,False
gap_down_100bps,1,77446,11.24,2.78,1.809,51.0,8.46,229,0,3,0.0,77417,0.07045100335447363,202,0.031172839506172844,False
rsi_below_20,2,1758,169.75,152.61,1.808,55.8,17.13,3,0,1,0.0,115,0.07060650058105145,203,0.03132716049382716,False
5_down_days,5,14098,85.97,43.63,1.767,53.8,42.35,220,35,10,15.9,13875,0.07722822830156617,204,0.031481481481481485,False
vol_spike_at_52w_low,5,7530,77.7,35.36,1.761,49.3,42.35,105,8,12,7.6,5675,0.07823840299947071,205,0.031635802469135804,False
big_green_candle_3pct,3,49839,42.93,17.01,1.725,50.3,25.92,220,3,7,1.4,49658,0.08452747251590487,206,0.03179012345679012,False
vol_spike_3x_big_down,5,2110,126.25,83.9,1.724,47.9,42.35,1,0,0,0.0,32,0.08470784316287538,207,0.03194444444444445,False
dist_sma200_above_10pct,1,178648,9.99,1.53,1.685,51.7,8.46,226,1,7,0.4,178595,0.09198857150098871,208,0.03209876543209877,False
squeeze_release_today,2,8546,8.64,-8.49,-1.678,50.4,17.13,162,4,7,2.5,7034,0.0933470990143428,209,0.03225308641975309,False
big_green_candle_5pct,3,21030,39.56,13.64,1.643,48.9,25.92,162,2,8,1.2,19905,0.10038293326077308,210,0.032407407407407406,False
vol_spike_2x_down_day,3,10331,41.6,15.68,1.62,51.0,25.92,200,13,8,6.5,9656,0.10523227690850412,211,0.03256172839506173,False
volume_dry_below_0.5x,5,23443,54.26,11.91,1.609,52.6,42.35,226,19,15,8.4,23339,0.10761634162512834,212,0.03271604938271605,False
doji_body_lt_10pct,5,58682,36.56,-5.78,-1.601,52.9,42.35,230,8,4,3.5,58682,0.10937691914540726,213,0.03287037037037037,False
doji_body_lt_10pct,3,58714,21.65,-4.27,-1.588,52.3,25.92,230,5,9,2.2,58714,0.11228633912314478,214,0.033024691358024695,False
vol_spike_at_52w_low,3,7540,54.29,28.37,1.583,48.3,25.92,105,9,8,8.6,5684,0.1134214643894953,215,0.033179012345679014,False
gap_up_50bps,1,158282,9.93,1.47,1.569,50.7,8.46,230,2,5,0.9,158282,0.11664793901605264,216,0.03333333333333333,False
strong_trend_adx_above_30,2,130148,20.31,3.18,1.521,52.0,17.13,230,8,5,3.5,130148,0.1282598373196402,217,0.03348765432098766,False
strong_trend_adx_above_30,3,130070,29.72,3.8,1.494,52.3,25.92,230,13,11,5.7,130070,0.1351756192766287,218,0.03364197530864198,False
volume_spike_3x,2,5220,45.15,28.02,1.46,47.4,17.13,61,2,5,3.3,2719,0.1442900739317876,219,0.033796296296296297,False
gap_down_100bps,2,77425,14.03,-3.1,-1.45,50.9,17.13,229,0,7,0.0,77396,0.1470585192192968,220,0.033950617283950615,False
strong_trend_adx_above_30,1,130220,10.55,2.09,1.427,51.4,8.46,230,1,2,0.4,130220,0.1535798946284892,221,0.03410493827160494,False
big_red_candle_5pct,3,19900,36.77,10.86,1.421,49.3,25.92,160,1,3,0.6,18756,0.15531675944474865,222,0.03425925925925927,False
rsi_above_70,5,40983,36.5,-5.84,-1.37,52.6,42.35,225,11,56,4.9,40876,0.17068690164393407,223,0.03441358024691358,False
big_green_candle_3pct,1,49984,18.67,10.21,1.358,48.7,8.46,221,0,21,0.0,49831,0.1744636841566547,224,0.034567901234567905,False
golden_cross_today,3,1591,43.99,18.08,1.35,52.6,25.92,0,0,0,0.0,0,0.1770159828748039,225,0.034722222222222224,False
narrow_range_below_0.5x_atr,3,43880,30.6,4.68,1.34,52.4,25.92,230,9,7,3.9,43880,0.18024534492890476,226,0.03487654320987654,False
range_expansion_2x_atr,5,9752,65.72,23.37,1.292,51.7,42.35,184,2,2,1.1,8740,0.19635714459119358,227,0.03503086419753087,False
dist_sma20_below_neg3pct,1,134225,10.41,1.95,1.29,51.2,8.46,230,7,2,3.0,134225,0.19705065809949573,228,0.03518518518518519,False
gap_down_100_vol_spike,5,6215,62.96,20.61,1.263,50.6,42.35,82,3,4,3.7,3177,0.20658917971619073,229,0.035339506172839506,False
3down_oversold_vol,1,5131,17.44,8.98,1.235,50.7,8.46,41,0,2,0.0,1451,0.21683050413960792,230,0.035493827160493825,False
vol_spike_2x_up_day,3,10042,41.39,15.48,1.226,48.9,25.92,171,4,10,2.3,8786,0.22019867503116597,231,0.03564814814814815,False
rsi_above_80,5,4775,23.72,-18.63,-1.223,49.7,42.35,50,9,6,18.0,2042,0.22132969629548271,232,0.03580246913580248,False
squeeze_release_today,1,8554,3.93,-4.53,-1.203,49.7,8.46,164,2,7,1.2,7097,0.22897632055148343,233,0.03595679012345679,False
rsi_divergence_bullish,1,8070,30.07,21.61,1.202,51.5,8.46,135,0,2,0.0,6310,0.22936352808821825,234,0.036111111111111115,False
vol_spike_squeeze_break,3,1776,6.31,-19.6,-1.199,49.3,25.92,0,0,0,0.0,0,0.23052794560509948,235,0.036265432098765434,False
overbought_combo,5,12720,33.15,-9.2,-1.147,51.1,42.35,207,8,35,3.9,12270,0.2513816209220474,236,0.03641975308641975,False
rsi_above_70,2,41009,14.19,-2.94,-1.146,51.0,17.13,225,4,36,1.8,40902,0.2517951520597599,237,0.03657407407407408,False
overbought_combo,3,12727,18.21,-7.71,-1.141,50.5,25.92,207,6,27,2.9,12277,0.25386992299554634,238,0.0367283950617284,False
bb_above_upper,2,33498,13.62,-3.51,-1.14,50.7,17.13,229,1,19,0.4,33470,0.25428630112559647,239,0.036882716049382716,False
gap_down_100_vol_spike,3,6220,42.56,16.65,1.124,50.6,25.92,83,2,5,2.4,3207,0.2610130259451209,240,0.037037037037037035,False
gap_down_200bps,3,31073,31.66,5.75,1.119,50.8,25.92,221,2,8,0.9,30919,0.26314013903449096,241,0.03719135802469136,False
dist_sma50_above_5pct,1,164667,9.37,0.91,1.102,50.9,8.46,229,0,10,0.0,164656,0.27046167161164547,242,0.03734567901234569,False
macd_cross_above,3,22504,21.92,-3.99,-1.101,52.8,25.92,229,3,5,1.3,22479,0.2708966571608098,243,0.0375,False
vol_spike_2x_down_day,1,10335,2.58,-5.88,-1.093,50.2,8.46,200,1,6,0.5,9660,0.2743937997481978,244,0.037654320987654324,False
strong_trend_adx_above_30,5,129915,45.83,3.48,1.089,52.9,42.35,230,22,22,9.6,129915,0.276153885684546,245,0.03780864197530864,False
gap_down_100bps,3,77419,28.84,2.92,1.076,51.6,25.92,229,0,5,0.0,77390,0.2819272564009845,246,0.03796296296296296,False
volume_dry_below_0.5x,1,23456,6.29,-2.17,-1.054,49.3,8.46,226,4,17,1.8,23352,0.2918829171338444,247,0.03811728395061729,False
mean_revert_setup,2,15194,27.08,9.95,0.999,51.3,17.13,212,8,4,3.8,14779,0.3177946912826366,248,0.03827160493827161,False
big_red_candle_5pct,2,19902,11.36,-5.77,-0.992,48.7,17.13,160,0,8,0.0,18758,0.321197525416141,249,0.038425925925925926,False
golden_cross_today,1,1591,15.02,6.56,0.986,53.6,8.46,0,0,0,0.0,0,0.3241331128578906,250,0.038580246913580245,False
above_all_mas,3,158674,24.49,-1.43,-0.98,53.0,25.92,228,9,29,3.9,158629,0.3270861186553846,251,0.03873456790123457,False
vol_spike_3x_big_down,3,2112,59.64,33.72,0.974,47.6,25.92,1,0,0,0.0,32,0.3300565392239754,252,0.038888888888888896,False
big_red_candle_3pct,1,49603,10.55,2.09,0.967,50.6,8.46,224,9,4,4.0,49494,0.3335440336634379,253,0.03904320987654321,False
dist_sma50_above_5pct,3,164611,27.27,1.35,0.933,52.1,25.92,229,7,36,3.1,164600,0.35081996835160956,254,0.039197530864197534,False
below_all_mas,1,96936,7.32,-1.14,-0.93,50.5,8.46,230,0,3,0.0,96936,0.3523710844905157,255,0.03935185185185185,False
dist_sma50_above_5pct,2,164640,18.19,1.06,0.899,51.7,17.13,229,4,19,1.7,164629,0.3686526606531455,256,0.03950617283950617,False
vol_spike_at_52w_low,2,7545,29.91,12.78,0.864,47.9,17.13,105,3,9,2.9,5689,0.3875878905531587,257,0.0396604938271605,False
overbought_combo,2,12727,12.58,-4.55,-0.862,49.8,17.13,207,5,20,2.4,12277,0.38868751783244826,258,0.03981481481481482,False
rsi_divergence_bullish,2,8064,32.49,15.36,0.856,51.4,17.13,135,1,5,0.7,6308,0.3919977794453764,259,0.039969135802469136,False
big_red_candle_3pct,2,49588,14.5,-2.64,-0.855,50.5,17.13,224,3,5,1.3,49479,0.39255114774908884,260,0.040123456790123455,False
gap_down_100_vol_spike,1,6224,1.93,-6.53,-0.835,48.6,8.46,83,1,3,1.2,3210,0.4037177083822874,261,0.04027777777777778,False
volume_spike_2x,2,20420,22.28,5.15,0.817,49.8,17.13,229,5,14,2.2,20391,0.4139284280468116,262,0.040432098765432106,False
vol_spike_2x_up_day,2,10048,25.57,8.44,0.81,48.9,17.13,171,5,12,2.9,8792,0.4179401757432033,263,0.04058641975308642,False
gap_down_100_closed_strong,2,25626,14.42,-2.72,-0.775,50.9,17.13,225,1,10,0.4,25533,0.4383396595867548,264,0.040740740740740744,False
big_green_candle_5pct,1,21103,12.04,3.58,0.774,48.0,8.46,164,1,8,0.6,20034,0.43893079125686985,265,0.04089506172839506,False
big_green_candle_3pct,5,49818,49.33,6.98,0.76,50.5,42.35,220,3,7,1.4,49638,0.44725458487519876,266,0.04104938271604938,False
at_20d_low,3,42142,21.88,-4.03,-0.75,52.2,25.92,229,9,13,3.9,42123,0.4532547047537365,267,0.04120370370370371,False
golden_cross_today,2,1591,23.38,6.24,0.719,54.2,17.13,0,0,0,0.0,0,0.4721409196828832,268,0.04135802469135803,False
gap_down_100_closed_weak,3,24418,22.7,-3.22,-0.662,51.0,25.92,223,3,3,1.3,24276,0.5079712216902268,269,0.04151234567901235,False
bb_above_upper,1,33507,7.04,-1.42,-0.63,50.0,8.46,229,1,10,0.4,33479,0.5286945842313551,270,0.041666666666666664,False
death_cross_today,3,1532,35.13,9.21,0.616,54.0,25.92,0,0,0,0.0,0,0.5378945197945324,271,0.04182098765432099,False
above_all_mas,2,158705,16.45,-0.69,-0.61,52.6,17.13,228,5,19,2.2,158660,0.5418618075660113,272,0.041975308641975316,False
gap_down_50bps,1,137430,7.89,-0.57,-0.572,51.1,8.46,230,0,3,0.0,137430,0.5673219746530902,273,0.04212962962962963,False
rsi_above_80,2,4784,10.39,-6.74,-0.565,48.4,17.13,50,0,2,0.0,2042,0.5720737641799574,274,0.042283950617283954,False
below_all_mas,2,96886,19.15,2.01,0.509,50.9,17.13,230,5,4,2.2,96886,0.6107522241146419,275,0.04243827160493827,False
overbought_combo,1,12727,6.25,-2.21,-0.505,49.7,8.46,207,2,7,1.0,12277,0.6135588359777153,276,0.04259259259259259,False
rsi_above_80,3,4784,18.48,-7.43,-0.497,48.5,25.92,50,2,3,4.0,2042,0.6191890513268237,277,0.04274691358024692,False
vol_spike_at_52w_low,1,7547,3.74,-4.72,-0.465,47.4,8.46,105,1,2,1.0,5691,0.641931456594244,278,0.042901234567901236,False
bb_below_lower,2,27773,18.55,1.41,0.457,52.1,17.13,230,8,9,3.5,27773,0.647671045503055,279,0.04305555555555556,False
sma8_cross_below_sma20,5,15767,56.1,13.75,0.448,52.7,42.35,224,4,8,1.8,15615,0.6541531966068936,280,0.043209876543209874,False
above_all_mas,1,158734,8.87,0.41,0.441,51.6,8.46,228,4,10,1.8,158689,0.659212996993014,281,0.0433641975308642,False
sma8_cross_above_sma20,1,15695,11.27,2.81,0.419,50.5,8.46,224,5,4,2.2,15542,0.6752161323517529,282,0.043518518518518526,False
gap_down_200bps,2,31078,15.49,-1.64,-0.408,50.3,17.13,221,2,9,0.9,30924,0.6832736749020851,283,0.04367283950617284,False
sma8_cross_below_sma20,1,15786,9.42,0.96,0.406,52.6,8.46,224,9,6,4.0,15633,0.6847426004134296,284,0.043827160493827164,False
vol_spike_squeeze_break,2,1776,10.5,-6.63,-0.396,49.7,17.13,0,0,0,0.0,0,0.6921050282223633,285,0.04398148148148148,False
gap_down_100_vol_spike,2,6222,13.29,-3.85,-0.389,48.8,17.13,83,1,6,1.2,3208,0.6972761463855233,286,0.0441358024691358,False
gap_down_100_closed_weak,5,24376,39.99,-2.36,-0.366,51.8,42.35,223,1,2,0.4,24234,0.7143650755716773,287,0.04429012345679013,False
volume_spike_2x,1,20424,6.79,-1.67,-0.366,49.0,8.46,229,1,8,0.4,20395,0.7143650755716773,288,0.044444444444444446,False
vol_spike_2x_up_day,1,10049,11.19,2.73,0.365,47.8,8.46,171,5,8,2.9,8793,0.7151114062460584,289,0.04459876543209877,False
vol_spike_3x_big_down,2,2112,23.95,6.82,0.329,47.1,17.13,1,0,0,0.0,32,0.7421556880337286,290,0.044753086419753084,False
volume_dry_below_0.5x,2,23454,15.46,-1.67,-0.327,50.1,17.13,226,6,18,2.7,23350,0.7436678852135343,291,0.04490740740740741,False
mean_revert_setup,1,15198,11.56,3.1,0.313,50.7,8.46,212,6,3,2.8,14783,0.7542806621498486,292,0.045061728395061736,False
rsi_above_70,1,41009,7.89,-0.57,-0.312,50.6,8.46,225,1,14,0.4,40902,0.7550405233336768,293,0.04521604938271605,False
vol_spike_2x_down_day,2,10332,19.25,2.12,0.293,50.7,17.13,200,4,4,2.0,9657,0.7695221516922159,294,0.04537037037037037,False
squeeze_on,2,46590,16.13,-1.0,-0.292,51.4,17.13,230,17,20,7.4,46590,0.7702866239703174,295,0.04552469135802469,False
macd_cross_above,2,22535,16.34,-0.79,-0.285,52.2,17.13,229,6,6,2.6,22510,0.7756441419250026,296,0.04567901234567901,False
vol_spike_2x_up_day,5,10039,45.76,3.42,0.27,50.2,42.35,171,6,12,3.5,8783,0.7871602536039208,297,0.04583333333333334,False
squeeze_on,3,46554,24.88,-1.03,-0.243,51.5,25.92,230,23,28,10.0,46554,0.8080053974513042,298,0.045987654320987656,False
sma8_cross_above_sma20,5,15674,44.43,2.08,0.242,53.1,42.35,224,3,5,1.3,15521,0.8087801632295997,299,0.04614197530864198,False
at_20d_low,1,42145,7.83,-0.63,-0.241,51.9,8.46,229,15,8,6.6,42126,0.8095551165238863,300,0.046296296296296294,False
big_green_candle_5pct,5,21024,44.57,2.22,0.233,48.9,42.35,162,1,8,0.6,19899,0.8157614057682618,301,0.04645061728395062,False
vol_spike_squeeze_break,5,1774,38.19,-4.16,-0.208,49.7,42.35,0,0,0,0.0,0,0.8352289673534978,302,0.046604938271604945,False
death_cross_today,2,1533,14.76,-2.37,-0.206,52.6,17.13,0,0,0,0.0,0,0.8367909113052145,303,0.04675925925925926,False
gap_down_100_closed_strong,1,25627,7.93,-0.53,-0.204,50.5,8.46,225,3,13,1.3,25534,0.8383534989102084,304,0.04691358024691358,False
above_all_mas,5,158627,41.95,-0.4,-0.202,53.8,42.35,228,16,42,7.0,158582,0.8399167241808074,305,0.0470679012345679,False
at_20d_low,2,42142,18.07,0.94,0.191,52.1,17.13,229,11,9,4.8,42123,0.8485255931570483,306,0.04722222222222222,False
squeeze_on,1,46623,8.05,-0.41,-0.168,51.0,8.46,230,11,9,4.8,46623,0.8665832790788308,307,0.04737654320987655,False
death_cross_today,5,1523,45.32,2.97,0.159,53.4,42.35,0,0,0,0.0,0,0.8736688738312652,308,0.047530864197530866,False
macd_cross_above,1,22555,8.16,-0.3,-0.155,51.5,8.46,229,4,4,1.7,22530,0.8768213173055064,310,0.047839506172839504,False
narrow_range_below_0.5x_atr,1,43901,8.68,0.22,0.155,50.7,8.46,230,8,8,3.5,43901,0.8768213173055064,309,0.04768518518518519,False
volume_spike_3x,1,5222,10.04,1.58,0.127,46.6,8.46,61,0,4,0.0,2720,0.8989403985497151,311,0.04799382716049383,False
gap_down_100_closed_strong,3,25623,25.39,-0.52,-0.113,51.5,25.92,225,4,10,1.8,25530,0.9100305552144552,312,0.048148148148148155,False
sma8_cross_above_sma20,2,15681,16.53,-0.6,-0.091,51.8,17.13,224,6,6,2.7,15528,0.9274925910575449,313,0.04830246913580247,False
range_expansion_2x_atr,3,9757,26.76,0.85,0.08,50.2,25.92,184,1,2,0.5,8742,0.9362372559720251,314,0.04845679012345679,False
rsi_above_80,1,4784,7.67,-0.79,-0.079,47.5,8.46,50,0,0,0.0,2042,0.9370326230647494,315,0.04861111111111111,False
at_20d_low,5,42008,41.93,-0.41,-0.066,53.6,42.35,229,20,14,8.7,41989,0.9473778254561542,316,0.04876543209876544,False
sma8_cross_above_sma20,3,15676,25.45,-0.47,-0.065,51.8,25.92,224,5,6,2.2,15523,0.9481740002562524,317,0.04891975308641976,False
volume_dry_below_0.5x,3,23452,26.21,0.3,0.056,50.9,25.92,226,11,17,4.9,23348,0.9553418071628017,318,0.049074074074074076,False
range_expansion_2x_atr,2,9767,17.61,0.48,0.053,49.9,17.13,184,1,1,0.5,8749,0.9577319077150701,319,0.0492283950617284,False
squeeze_on,5,46495,42.59,0.25,0.045,52.3,42.35,230,37,39,16.1,46495,0.9641073089557219,320,0.04938271604938271,False
vol_spike_squeeze_break,1,1777,8.99,0.53,0.039,48.1,8.46,0,0,0,0.0,0,0.968890388615012,321,0.04953703703703704,False
narrow_range_below_0.5x_atr,2,43883,17.02,-0.11,-0.036,51.3,17.13,230,9,4,3.9,43883,0.971282358955502,322,0.049691358024691365,False
death_cross_today,1,1536,8.68,0.22,0.026,52.9,8.46,0,0,0,0.0,0,0.9792573384519856,323,0.049845679012345684,False
gap_down_50bps,3,137397,25.98,0.06,0.02,51.8,25.92,230,1,4,0.4,137397,0.9840433725661961,324,0.049999999999999996,False
