symbol,option_ticker,entry_date,entry_time,option_entry_price,exit_date,exit_time,option_exit_price,contracts,position_size,body_quintile,option_return_pct,option_pnl,stock_return_pct,exit_type
KWEB,O:KWEB200221C00055000,2020-01-10,09:30:00,0.8828,2020-01-24,16:00:00,0.15,566,50000,Q2,-83.01,-41504.97,-5.88,STOP
TQQQ,O:TQQQ200221C00101000,2020-01-14,09:30:00,3.05,2020-02-11,16:00:00,10.75,163,50000,Q2,252.46,125397.53,14.78,TIME
UBER,O:UBER200221C00037000,2020-01-14,09:30:00,0.9,2020-02-11,16:00:00,4.39,2222,200000,Q5,387.78,774890.28,20.56,TIME
QQQ,O:QQQ200221C00225000,2020-01-15,09:30:00,2.11,2020-02-12,16:00:00,9.76,473,100000,Q3,362.56,361564.27,6.3,TIME
XLC,O:XLC200221C00057000,2020-01-15,09:30:00,0.55,2020-01-31,16:00:00,0.07,2727,150000,Q4,-87.27,-130980.54,-3.19,STOP
GS,O:GS200221C00255000,2020-01-17,09:30:00,3.8,2020-02-14,16:00:00,0.01,131,50000,Q2,-99.74,-49673.96,-5.35,TIME
NKE,O:NKE200221C00106000,2020-01-21,09:30:00,1.19,2020-01-27,16:00:00,0.45,1260,150000,Q4,-62.18,-93343.32,-4.73,STOP
VRTX,O:VRTX200221C00240000,2020-01-22,09:30:00,7.0,2020-02-19,16:00:00,7.93,142,100000,Q3,13.29,13100.0,5.36,TIME
GOOGL,O:GOOGL200221C01520000,2020-01-23,09:30:00,30.11,2020-01-27,16:00:00,12.3,16,50000,Q2,-59.15,-28529.93,-4.08,STOP
LULU,O:LULU200221C00250000,2020-01-23,09:30:00,3.07,2020-02-20,16:00:00,13.35,325,100000,Q3,334.85,333833.18,8.57,TIME
MS,O:MS200221C00058000,2020-01-23,09:30:00,0.21,2020-01-30,16:00:00,0.05,7142,150000,Q4,-76.19,-114364.85,-4.69,STOP
XLK,O:XLK200221C00100000,2020-01-23,09:30:00,0.7492,2020-02-20,16:00:00,1.8,2002,150000,Q4,140.25,210112.88,4.19,TIME
AAPL,O:AAPL200221C00327500,2020-01-24,09:30:00,7.82,2020-02-21,16:00:00,0.01,63,50000,Q2,-99.87,-49227.66,-2.35,TIME
VALE,O:VALE200221C00012500,2020-01-27,09:30:00,0.31,2020-01-30,16:00:00,0.2,1612,50000,Q2,-35.48,-17773.11,-2.02,STOP
LYFT,O:LYFT200320C00050000,2020-02-03,09:30:00,2.4467,2020-02-24,16:00:00,0.29,613,150000,Q4,-88.15,-132287.55,-12.47,STOP
NFLX,O:NFLX200320C00385000,2020-02-03,09:30:00,4.17,2020-03-02,16:00:00,14.7,479,200000,Q5,252.52,503935.06,9.63,TIME
EXPE,O:EXPE200320C00115000,2020-02-04,09:30:00,3.5,2020-02-27,16:00:00,1.03,571,200000,Q5,-70.57,-141166.33,-8.23,STOP
PYPL,O:PYPL200320C00125000,2020-02-04,09:30:00,1.4514,2020-02-27,16:00:00,0.36,1377,200000,Q5,-75.2,-150414.43,-9.96,STOP
RUN,O:RUN200320C00020000,2020-02-04,09:30:00,0.55,2020-03-03,16:00:00,1.09,3636,200000,Q5,98.18,196045.85,9.16,TIME
GOOGL,O:GOOGL200320C01570000,2020-02-10,09:30:00,13.7,2020-02-25,16:00:00,2.5,145,200000,Q5,-81.75,-162517.45,-6.52,STOP
BLK,O:BLK200320C00590000,2020-02-13,09:30:00,4.4,2020-02-24,16:00:00,0.69,227,100000,Q3,-84.32,-84274.77,-4.89,STOP
JD,O:JD200320C00045000,2020-02-13,09:30:00,0.8429,2020-02-28,16:00:00,0.47,2372,200000,Q5,-44.24,-88597.42,-9.22,STOP
AXP,O:AXP200320C00140000,2020-02-18,09:30:00,1.255,2020-02-24,16:00:00,0.28,796,100000,Q3,-77.69,-77671.09,-5.62,STOP
NVDA,O:NVDA200320C00330000,2020-02-20,09:30:00,6.5677,2020-02-24,16:00:00,1.0,76,50000,Q2,-84.77,-42343.6,-12.25,STOP
HD,O:HD200320C00250000,2020-02-21,09:30:00,4.6459,2020-02-27,16:00:00,0.7,107,50000,Q2,-84.93,-42250.22,-6.02,STOP
GLD,O:GLD200320C00156000,2020-02-26,09:30:00,1.727,2020-02-28,16:00:00,0.88,579,100000,Q3,-49.05,-49119.58,-3.74,STOP
PLUG,O:PLUG200320C00004500,2020-02-27,09:30:00,0.4721,2020-03-12,16:00:00,0.02,1059,50000,Q2,-95.76,-47902.71,-22.27,STOP
TLT,O:TLT200417C00158000,2020-03-02,09:30:00,3.35,2020-03-18,16:00:00,3.59,149,50000,Q2,7.16,3524.3,-4.34,STOP
MRNA,O:MRNA200417C00037000,2020-03-04,09:30:00,1.8,2020-03-31,16:00:00,1.2,277,50000,Q2,-33.33,-16661.55,6.9,TIME
RIOT,O:RIOT200417C00001000,2020-03-13,09:30:00,0.1,2020-04-09,16:00:00,0.1,5000,50000,Q2,0.0,-50.0,31.94,TIME
GME,O:GME200417C00004500,2020-03-18,09:30:00,0.44,2020-04-03,16:00:00,0.01,1136,50000,Q2,-97.73,-48873.56,-30.77,STOP
PDD,O:PDD200417C00037000,2020-03-19,09:30:00,0.9,2020-04-16,16:00:00,9.3,2222,200000,Q5,933.33,1865346.78,42.89,TIME
NOW,O:NOW200515C00350000,2020-03-31,09:30:00,3.7,2020-04-28,16:00:00,1.15,135,50000,Q2,-68.92,-34457.74,2.11,TIME
X,O:X200515C00008000,2020-04-14,09:30:00,0.3333,2020-05-11,16:00:00,0.37,1500,50000,Q2,11.0,5447.25,18.05,TIME
PFE,O:PFE200515C00040000,2020-04-17,09:30:00,0.1722,2020-05-14,16:00:00,0.01,8709,150000,Q4,-94.19,-141358.68,3.79,TIME
MRVL,O:MRVL200515C00029000,2020-04-20,09:30:00,0.26,2020-05-15,16:00:00,0.01,5769,150000,Q4,-96.15,-144302.88,2.59,TIME
AZN,O:AZN200619C00055000,2020-04-27,09:30:00,0.73,2020-05-22,16:00:00,2.15,684,50000,Q2,194.52,97029.5,6.89,TIME
NIO,O:NIO200619C00004000,2020-05-04,09:30:00,0.22,2020-06-01,16:00:00,0.53,9090,200000,Q5,140.91,281449.12,38.19,TIME
PYPL,O:PYPL200619C00140000,2020-05-06,09:30:00,1.85,2020-06-03,16:00:00,17.37,810,150000,Q4,838.92,1256341.59,23.29,TIME
TWLO,O:TWLO200619C00230000,2020-05-11,09:30:00,3.6,2020-06-08,16:00:00,0.8,555,200000,Q5,-77.78,-155522.1,9.2,TIME
DDOG,O:DDOG200619C00080000,2020-05-13,09:30:00,1.8194,2020-06-10,16:00:00,2.5,824,150000,Q4,37.4,55899.82,17.33,TIME
NVDA,O:NVDA200619C00380000,2020-05-20,09:30:00,14.325,2020-06-17,16:00:00,1.54,69,100000,Q3,-89.25,-88271.23,2.62,TIME
UBER,O:UBER200717C00040000,2020-06-01,09:30:00,1.14,2020-06-26,16:00:00,0.05,877,100000,Q3,-95.61,-95645.18,-17.01,TIME
XLY,O:XLY200717C00131000,2020-06-01,09:30:00,1.55,2020-06-26,16:00:00,0.84,1290,200000,Q5,-45.81,-91744.16,-0.57,TIME
XOP,O:XOP200717C00060000,2020-06-01,09:30:00,0.94,2020-06-26,16:00:00,0.45,2127,200000,Q5,-52.13,-104370.83,-3.74,TIME
XLC,O:XLC200717C00057000,2020-06-04,09:30:00,0.71,2020-07-01,16:00:00,0.3,704,50000,Q2,-57.75,-28899.55,0.81,TIME
FSLR,O:FSLR200717C00060000,2020-06-08,09:30:00,0.8,2020-07-06,16:00:00,0.23,2500,200000,Q5,-71.25,-142628.75,2.63,TIME
AA,O:AA200717C00014000,2020-06-10,09:30:00,0.55,2020-07-08,16:00:00,0.06,909,50000,Q2,-89.09,-44568.72,-11.45,TIME
HYG,O:HYG200717C00085000,2020-06-10,09:30:00,0.63,2020-06-29,16:00:00,0.04,1587,100000,Q3,-93.65,-93686.16,-3.6,STOP
HAL,O:HAL200717C00015000,2020-06-11,09:30:00,0.517,2020-07-09,16:00:00,0.02,967,50000,Q2,-96.13,-48088.48,-6.6,TIME
XLE,O:XLE200717C00043000,2020-06-11,09:30:00,0.98,2020-06-24,16:00:00,0.26,510,50000,Q2,-73.47,-36751.62,-6.26,STOP
TTD,O:TTD200717C00405000,2020-06-15,09:30:00,10.7,2020-07-13,16:00:00,64.61,186,200000,Q5,503.83,1002025.62,24.51,TIME
DDOG,O:DDOG200717C00090000,2020-06-16,09:30:00,3.3256,2020-07-14,16:00:00,2.04,300,100000,Q3,-38.66,-38649.72,8.25,TIME
ZM,O:ZM200821C00280000,2020-06-29,09:30:00,14.3267,2020-07-27,16:00:00,4.45,34,50000,Q2,-68.94,-33612.59,-1.13,TIME
EEM,O:EEM200821C00046000,2020-07-08,09:30:00,0.41,2020-08-04,16:00:00,0.13,4878,200000,Q5,-68.29,-136715.71,2.62,TIME
AAPL,O:AAPL200821C00405000,2020-07-14,09:30:00,9.9371,2020-08-10,16:00:00,47.05,201,200000,Q5,373.48,745395.71,18.75,TIME
NVDA,O:NVDA200821C00435000,2020-07-15,09:30:00,20.65,2020-08-11,16:00:00,19.25,24,50000,Q2,-6.78,-3407.88,4.08,TIME
TSLA,O:TSLA200821C01690000,2020-07-16,09:30:00,159.27,2020-08-12,16:00:00,25.9,9,150000,Q4,-83.74,-120116.33,5.15,TIME
UPS,O:UPS200821C00125000,2020-07-16,09:30:00,2.4133,2020-08-12,16:00:00,33.65,621,150000,Q4,1294.34,1938677.23,32.7,TIME
DE,O:DE200821C00185000,2020-07-17,09:30:00,4.05,2020-08-13,16:00:00,7.66,370,150000,Q4,89.14,133353.36,8.18,TIME
TMO,O:TMO200821C00420000,2020-07-20,09:30:00,5.1733,2020-08-14,16:00:00,2.2,386,200000,Q5,-57.47,-114912.97,3.88,TIME
TSM,O:TSM200821C00070000,2020-07-20,09:30:00,1.3993,2020-08-14,16:00:00,8.2,714,100000,Q3,485.99,485224.9,17.45,TIME
LRCX,O:LRCX200821C00375000,2020-07-21,09:30:00,12.55,2020-08-17,16:00:00,11.2,79,100000,Q3,-10.76,-10758.81,5.97,TIME
CAT,O:CAT200821C00143000,2020-07-22,09:30:00,2.99,2020-08-18,16:00:00,0.12,668,200000,Q5,-95.99,-191819.87,2.21,TIME
CMCSA,O:CMCSA200821C00044000,2020-07-23,09:30:00,0.91,2020-08-19,16:00:00,0.07,549,50000,Q2,-92.31,-46142.9,1.21,TIME
MS,O:MS200821C00053000,2020-07-24,09:30:00,0.85,2020-08-20,16:00:00,0.02,588,50000,Q2,-97.65,-48829.58,0.37,TIME
TXN,O:TXN200821C00137000,2020-07-27,09:30:00,1.35,2020-08-21,16:00:00,3.62,1481,200000,Q5,168.15,335818.97,7.55,TIME
XLY,O:XLY200821C00140000,2020-07-27,09:30:00,1.66,2020-08-21,16:00:00,6.06,602,100000,Q3,265.06,264647.63,7.29,TIME
GLD,O:GLD200918C00190000,2020-08-03,09:30:00,3.7482,2020-08-28,16:00:00,1.74,400,150000,Q4,-53.58,-80439.47,-0.46,TIME
COST,O:COST200918C00350000,2020-08-05,09:30:00,5.66,2020-09-01,16:00:00,7.52,88,50000,Q2,32.86,16310.01,2.68,TIME
ABT,O:ABT200918C00105000,2020-08-07,09:30:00,1.96,2020-09-03,16:00:00,2.89,255,50000,Q2,47.45,23653.16,3.66,TIME
VZ,O:VZ200918C00060000,2020-08-12,09:30:00,0.71,2020-09-09,16:00:00,0.72,1408,100000,Q3,1.41,1307.33,2.36,TIME
TTD,O:TTD200918C00515000,2020-08-13,09:30:00,17.2,2020-09-10,16:00:00,1.0,87,150000,Q4,-94.19,-141019.17,-8.25,TIME
NVDA,O:NVDA200918C00535000,2020-08-21,09:30:00,8.9833,2020-09-18,16:00:00,0.01,222,200000,Q5,-99.89,-199307.83,-0.2,TIME
PFE,O:PFE200918C00040000,2020-08-24,09:30:00,0.493,2020-09-01,16:00:00,0.11,1014,50000,Q2,-77.69,-38862.54,-6.5,STOP
GME,O:GME201016C00009000,2020-09-08,09:30:00,1.085,2020-10-05,16:00:00,0.87,921,100000,Q3,-19.82,-19891.53,25.19,TIME
ROKU,O:ROKU201016C00180000,2020-09-08,09:30:00,7.5455,2020-10-05,16:00:00,25.65,198,150000,Q4,239.94,358141.36,31.53,TIME
ZTS,O:ZTS201016C00165000,2020-09-11,09:30:00,1.95,2020-10-08,16:00:00,1.13,256,50000,Q2,-42.05,-21031.42,2.52,TIME
DAL,O:DAL201016C00035000,2020-09-18,09:30:00,1.99,2020-09-21,16:00:00,0.69,251,50000,Q2,-65.33,-32663.63,-11.51,STOP
COST,O:COST201120C00370000,2020-10-02,09:30:00,7.65,2020-10-29,16:00:00,8.5,130,100000,Q3,11.11,10945.02,2.75,TIME
CLF,O:CLF201120C00009000,2020-10-07,09:30:00,0.23,2020-11-03,16:00:00,0.22,8695,200000,Q5,-4.35,-8890.64,11.33,TIME
UBER,O:UBER201120C00039000,2020-10-07,09:30:00,2.06,2020-11-03,16:00:00,1.25,728,150000,Q4,-39.32,-59088.48,-2.34,TIME
SCHW,O:SCHW201120C00041000,2020-10-15,09:30:00,0.67,2020-11-11,16:00:00,5.85,2985,200000,Q5,773.13,1545256.89,23.8,TIME
X,O:X201120C00010000,2020-10-16,09:30:00,0.34,2020-11-12,16:00:00,0.36,4411,150000,Q4,5.88,8667.62,14.75,TIME
RTX,O:RTX201120C00064000,2020-10-19,09:30:00,1.8,2020-10-28,16:00:00,0.38,555,100000,Q3,-78.89,-78870.5,-9.85,STOP
NET,O:NET201120C00065000,2020-10-20,09:30:00,2.7625,2020-11-16,16:00:00,1.6,180,50000,Q2,-42.08,-20964.26,11.55,TIME
INTC,O:INTC201120C00055000,2020-10-21,09:30:00,1.3813,2020-10-23,16:00:00,0.16,1085,150000,Q4,-88.42,-132597.22,-6.9,STOP
GE,O:GE201120C00008000,2020-10-26,09:30:00,0.2875,2020-11-20,16:00:00,1.76,1739,50000,Q2,512.2,255892.21,30.71,TIME
XLU,O:XLU201120C00066000,2020-10-26,09:30:00,0.57,2020-11-20,16:00:00,0.01,2631,150000,Q4,-98.25,-147412.3,-1.2,TIME
ON,O:ON201218C00027000,2020-11-03,09:30:00,0.9,2020-12-01,16:00:00,2.62,1111,100000,Q3,191.11,190896.46,16.83,TIME
UAL,O:UAL201218C00039000,2020-11-05,09:30:00,1.43,2020-12-03,16:00:00,10.45,1398,200000,Q5,630.77,1260165.59,47.98,TIME
LRCX,O:LRCX201218C00470000,2020-11-16,09:30:00,6.2,2020-12-14,16:00:00,23.0,322,200000,Q5,270.97,540489.88,14.07,TIME
PLUG,O:PLUG201218C00027000,2020-11-17,09:30:00,1.075,2020-12-15,16:00:00,1.93,1860,200000,Q5,79.53,158750.54,28.94,TIME
MCHP,O:MCHP210115C00145000,2020-11-30,09:30:00,3.0,2020-12-28,16:00:00,1.4,500,150000,Q4,-53.33,-80110.0,2.34,TIME
MARA,O:MARA210115C00009000,2020-12-01,09:30:00,1.2438,2020-12-29,16:00:00,3.4,1206,150000,Q4,173.37,259763.73,100.53,TIME
GOOGL,O:GOOGL210115C01870000,2020-12-08,09:30:00,37.77,2021-01-06,16:00:00,0.65,26,100000,Q3,-98.28,-96561.95,-4.83,TIME
BAC,O:BAC210219C00032000,2020-12-31,09:30:00,0.62,2021-01-29,16:00:00,0.28,3225,200000,Q5,-54.84,-109795.12,-1.3,TIME
GS,O:GS210219C00280000,2020-12-31,09:30:00,4.46,2021-01-29,16:00:00,5.9,448,200000,Q5,32.29,64279.94,4.68,TIME
RTX,O:RTX210219C00075000,2021-01-12,09:30:00,1.0517,2021-02-09,16:00:00,0.61,1901,200000,Q5,-42.0,-84118.77,4.7,TIME
COP,O:COP210219C00050000,2021-01-13,09:30:00,1.61,2021-01-27,16:00:00,0.3,310,50000,Q2,-81.37,-40639.61,-14.53,STOP
KLAC,O:KLAC210219C00320000,2021-01-14,09:30:00,11.41,2021-02-11,16:00:00,9.2,87,100000,Q3,-19.37,-19316.65,7.05,TIME
INTC,O:INTC210219C00062000,2021-01-20,09:30:00,1.13,2021-02-17,16:00:00,0.5,1327,150000,Q4,-55.75,-83709.15,6.1,TIME
BIIB,O:BIIB210319C00290000,2021-02-04,09:30:00,5.5,2021-03-04,16:00:00,1.5,272,150000,Q4,-72.73,-108895.2,0.44,TIME
JPM,O:JPM210319C00145000,2021-02-09,09:30:00,2.7407,2021-03-09,16:00:00,8.05,364,100000,Q3,193.72,193063.34,8.79,TIME
COF,O:COF210319C00125000,2021-02-10,09:30:00,2.55,2021-03-10,16:00:00,6.1,588,150000,Q4,139.22,208485.69,10.66,TIME
ON,O:ON210319C00045000,2021-02-12,09:30:00,1.0007,2021-03-12,16:00:00,0.1,1498,150000,Q4,-90.01,-135009.44,-5.7,TIME
BAC,O:BAC210319C00036000,2021-02-18,09:30:00,0.5082,2021-03-17,16:00:00,2.0,1967,100000,Q3,293.51,293181.87,11.31,TIME
XLE,O:XLE210319C00050000,2021-02-22,09:30:00,0.7014,2021-03-19,16:00:00,0.01,2851,200000,Q5,-98.57,-197225.18,6.44,TIME
FCX,O:FCX210416C00037000,2021-03-04,09:30:00,1.66,2021-03-31,16:00:00,0.28,301,50000,Q2,-83.13,-41567.2,-3.17,TIME
HLT,O:HLT210416C00130000,2021-03-05,09:30:00,2.65,2021-04-01,16:00:00,0.45,377,100000,Q3,-83.02,-82998.44,-0.3,TIME
CI,O:CI210416C00250000,2021-03-11,09:30:00,4.3,2021-04-08,16:00:00,0.3,348,150000,Q4,-93.02,-139280.04,0.35,TIME
C,O:C210416C00080000,2021-03-12,09:30:00,1.45,2021-04-09,16:00:00,0.12,1379,200000,Q5,-91.72,-183515.25,-2.79,TIME
T,O:T210416C00031000,2021-03-16,09:30:00,0.2586,2021-04-13,16:00:00,0.01,7733,200000,Q5,-96.13,-192362.24,-0.5,TIME
LMT,O:LMT210521C00385000,2021-03-29,09:30:00,6.3,2021-04-26,16:00:00,2.45,317,200000,Q5,-61.11,-122183.69,1.81,TIME
HD,O:HD210521C00325000,2021-04-05,09:30:00,4.3317,2021-04-30,16:00:00,6.3,461,200000,Q5,45.44,90495.11,4.36,TIME
AMAT,O:AMAT210521C00155000,2021-04-06,09:30:00,5.7509,2021-05-03,16:00:00,0.29,86,50000,Q2,-94.96,-46989.79,-7.76,TIME
AA,O:AA210521C00036000,2021-04-08,09:30:00,0.82,2021-05-05,16:00:00,4.65,609,50000,Q2,467.07,233080.44,27.56,TIME
MA,O:MA210521C00395000,2021-04-09,09:30:00,7.25,2021-05-06,16:00:00,1.33,275,200000,Q5,-81.66,-162917.98,-0.26,TIME
XLF,O:XLF210521C00036000,2021-04-12,09:30:00,0.55,2021-05-07,16:00:00,1.85,2727,150000,Q4,236.36,354182.76,7.16,TIME
XLP,O:XLP210521C00071000,2021-04-12,09:30:00,0.4,2021-05-07,16:00:00,0.42,5000,200000,Q5,5.0,9795.0,2.26,TIME
XLI,O:XLI210521C00103000,2021-04-14,09:30:00,1.29,2021-05-11,16:00:00,2.04,775,100000,Q3,58.14,57995.96,3.31,TIME
SBUX,O:SBUX210521C00120000,2021-04-20,09:30:00,2.0029,2021-05-12,16:00:00,0.07,249,50000,Q2,-96.51,-48154.59,-5.46,STOP
BMY,O:BMY210521C00067000,2021-04-23,09:30:00,1.27,2021-04-29,16:00:00,0.13,393,50000,Q2,-89.76,-44829.51,-5.04,STOP
HON,O:HON210521C00230000,2021-04-23,09:30:00,2.5448,2021-05-19,16:00:00,0.09,392,100000,Q3,-96.46,-96280.38,-3.24,STOP
AMGN,O:AMGN210521C00260000,2021-04-26,09:30:00,4.1,2021-04-28,16:00:00,0.33,121,50000,Q2,-91.95,-45643.8,-6.41,STOP
MRK,O:MRK210521C00078000,2021-04-28,09:30:00,1.35,2021-04-29,16:00:00,0.14,370,50000,Q2,-89.63,-44797.57,-4.78,STOP
UPS,O:UPS210618C00230000,2021-05-04,09:30:00,1.98,2021-06-01,16:00:00,0.56,1010,200000,Q5,-71.72,-143548.27,0.7,TIME
BLK,O:BLK210618C00880000,2021-05-05,09:30:00,9.0,2021-06-02,16:00:00,15.62,222,200000,Q5,73.56,146690.72,5.52,TIME
XLV,O:XLV210618C00125000,2021-05-06,09:30:00,1.04,2021-06-03,16:00:00,0.27,1442,150000,Q4,-74.04,-111128.45,-0.64,TIME
REGN,O:REGN210618C00525000,2021-05-11,09:30:00,10.2,2021-06-08,16:00:00,2.09,147,150000,Q4,-79.51,-119307.33,1.83,TIME
HCA,O:HCA210618C00220000,2021-05-14,09:30:00,3.33,2021-06-11,16:00:00,0.22,600,200000,Q5,-93.39,-186706.5,1.12,TIME
X,O:X210618C00029000,2021-05-14,09:30:00,1.262,2021-06-11,16:00:00,1.0,792,100000,Q3,-20.76,-20839.98,12.55,TIME
GLD,O:GLD210618C00178000,2021-05-18,09:30:00,1.83,2021-06-15,16:00:00,0.16,273,50000,Q2,-91.26,-45618.16,-0.74,TIME
NVDA,O:NVDA210716C00730000,2021-06-03,09:30:00,14.66,2021-06-30,16:00:00,77.77,102,150000,Q4,430.49,643250.61,19.66,TIME
GOOGL,O:GOOGL210716C02500000,2021-06-04,09:30:00,22.2906,2021-07-01,16:00:00,13.5,89,200000,Q5,-39.44,-78395.83,3.26,TIME
LLY,O:LLY210716C00240000,2021-06-09,09:30:00,2.68,2021-07-07,16:00:00,1.28,746,200000,Q5,-52.24,-104587.71,6.43,TIME
V,O:V210716C00240000,2021-06-11,09:30:00,3.0178,2021-07-09,16:00:00,1.43,497,150000,Q4,-52.61,-79023.08,1.64,TIME
XLV,O:XLV210716C00126000,2021-06-16,09:30:00,1.12,2021-07-14,16:00:00,2.7,446,50000,Q2,141.07,70382.81,3.01,TIME
ADBE,O:ADBE210716C00585000,2021-06-18,09:30:00,8.05,2021-07-16,16:00:00,21.22,62,50000,Q2,163.6,81563.26,6.24,TIME
TEAM,O:TEAM210716C00280000,2021-06-18,09:30:00,4.3,2021-07-16,16:00:00,0.04,465,200000,Q5,-99.07,-198190.9,-0.68,TIME
XOP,O:XOP210716C00103000,2021-06-24,09:30:00,1.73,2021-07-14,16:00:00,0.01,1156,200000,Q5,-99.42,-198932.57,-10.19,STOP
CLOV,O:CLOV210820C00023000,2021-06-30,09:30:00,1.42,2021-07-28,16:00:00,0.1,352,50000,Q2,-92.96,-46490.75,-38.9,TIME
AFRM,O:AFRM210820C00075000,2021-07-06,09:30:00,3.49,2021-07-13,16:00:00,1.04,143,50000,Q2,-70.2,-35067.39,-17.9,STOP
QS,O:QS210820C00030000,2021-07-06,09:30:00,2.4884,2021-08-02,16:00:00,0.2,200,50000,Q2,-91.96,-45794.33,-14.2,TIME
MP,O:MP210820C00040000,2021-07-07,09:30:00,2.85,2021-08-03,16:00:00,1.48,175,50000,Q2,-48.07,-24012.89,-0.45,TIME
AXP,O:AXP210820C00180000,2021-07-15,09:30:00,2.46,2021-08-11,16:00:00,0.19,813,200000,Q5,-92.28,-184658.72,-0.37,TIME
NET,O:NET210820C00112000,2021-07-20,09:30:00,3.68,2021-08-16,16:00:00,7.1,407,150000,Q4,92.93,138974.63,15.1,TIME
NOW,O:NOW210820C00580000,2021-07-20,09:30:00,15.31,2021-08-16,16:00:00,6.7,97,150000,Q4,-56.24,-83623.75,3.51,TIME
ZS,O:ZS210820C00237500,2021-07-20,09:30:00,4.85,2021-08-16,16:00:00,8.0,309,150000,Q4,64.95,97136.47,7.1,TIME
PYPL,O:PYPL210820C00310000,2021-07-21,09:30:00,6.295,2021-08-02,16:00:00,0.32,317,200000,Q5,-94.92,-189512.35,-8.11,STOP
XLK,O:XLK210820C00157000,2021-07-23,09:30:00,1.24,2021-08-19,16:00:00,0.03,1209,150000,Q4,-97.58,-146365.77,-0.05,TIME
V,O:V210820C00257500,2021-07-26,09:30:00,2.46,2021-08-03,16:00:00,0.34,609,150000,Q4,-86.18,-129193.26,-5.84,STOP
XLV,O:XLV210917C00135000,2021-08-05,09:30:00,1.7771,2021-09-01,16:00:00,1.45,281,50000,Q2,-18.41,-9238.06,1.21,TIME
PFE,O:PFE210917C00047000,2021-08-06,09:30:00,0.64,2021-09-02,16:00:00,0.82,1562,100000,Q3,28.12,28001.97,3.78,TIME
GILD,O:GILD210917C00075000,2021-08-17,09:30:00,0.4473,2021-09-14,16:00:00,0.03,4471,200000,Q5,-93.29,-186669.33,-1.24,TIME
XLU,O:XLU210917C00070000,2021-08-19,09:30:00,0.7833,2021-09-16,16:00:00,0.01,1914,150000,Q4,-98.72,-148091.92,-2.1,TIME
MRK,O:MRK210917C00080000,2021-08-20,09:30:00,0.875,2021-09-09,16:00:00,0.03,1142,100000,Q3,-96.57,-96550.68,-5.19,STOP
HCA,O:HCA211015C00260000,2021-09-01,09:30:00,5.1,2021-09-29,16:00:00,2.62,98,50000,Q2,-48.63,-24341.83,-0.89,TIME
ZTS,O:ZTS211015C00210000,2021-09-13,09:30:00,4.02,2021-09-20,16:00:00,1.0,124,50000,Q2,-75.12,-37479.12,-5.58,STOP
GLD,O:GLD211015C00172000,2021-09-14,09:30:00,1.15,2021-09-28,16:00:00,0.12,1304,150000,Q4,-89.57,-134394.8,-3.4,STOP
MCHP,O:MCHP211015C00170000,2021-09-24,09:30:00,2.1667,2021-10-04,16:00:00,0.07,692,150000,Q4,-96.77,-145166.72,-8.88,STOP
COP,O:COP211119C00075000,2021-10-01,09:30:00,1.28,2021-10-28,16:00:00,2.4,1562,200000,Q5,87.5,174656.59,9.8,TIME
DVN,O:DVN211119C00045000,2021-10-05,09:30:00,1.25,2021-11-01,16:00:00,0.89,1200,150000,Q4,-28.8,-43328.4,6.69,TIME
XOP,O:XOP211119C00109000,2021-10-06,09:30:00,3.25,2021-11-02,16:00:00,3.6,307,100000,Q3,10.77,10639.85,8.32,TIME
TSLA,O:TSLA211119C00830000,2021-10-07,09:30:00,32.0,2021-11-03,16:00:00,385.35,46,150000,Q4,1104.22,1624450.1,54.41,TIME
JD,O:JD211119C00085000,2021-10-12,09:30:00,2.32,2021-11-08,16:00:00,0.85,646,150000,Q4,-63.36,-95064.39,-0.65,TIME
NOC,O:NOC211119C00400000,2021-10-12,09:30:00,7.8,2021-10-28,16:00:00,0.88,64,50000,Q2,-88.72,-44315.78,-6.42,STOP
OXY,O:OXY211119C00036000,2021-10-12,09:30:00,1.37,2021-11-08,16:00:00,0.59,364,50000,Q2,-56.93,-28427.67,3.06,TIME
KWEB,O:KWEB211119C00057000,2021-10-19,09:30:00,0.87,2021-11-15,16:00:00,0.04,2298,200000,Q5,-95.4,-190838.56,-1.07,TIME
SLB,O:SLB211119C00036000,2021-10-21,09:30:00,0.85,2021-11-17,16:00:00,0.01,1176,100000,Q3,-98.82,-98834.57,-6.76,TIME
GLD,O:GLD211119C00172000,2021-10-25,09:30:00,1.3064,2021-11-19,16:00:00,0.62,1148,150000,Q4,-52.54,-78905.12,2.24,TIME
LAZR,O:LAZR211119C00017000,2021-10-25,09:30:00,0.75,2021-11-19,16:00:00,2.25,2666,200000,Q5,200.0,399500.1,21.83,TIME
NVDA,O:NVDA211217C00272500,2021-11-01,09:30:00,8.25,2021-11-29,16:00:00,60.55,181,150000,Q4,633.94,946007.36,30.01,TIME
AMD,O:AMD211217C00145000,2021-11-04,09:30:00,4.5305,2021-12-02,16:00:00,9.85,441,200000,Q5,117.42,234273.57,14.04,TIME
CHPT,O:CHPT211217C00031000,2021-11-08,09:30:00,1.7,2021-12-06,16:00:00,0.13,588,100000,Q3,-92.35,-92369.8,-24.43,STOP
SPG,O:SPG211217C00175000,2021-11-15,09:30:00,1.36,2021-11-30,16:00:00,0.16,1102,150000,Q4,-88.24,-132323.75,-7.38,STOP
COST,O:COST211217C00540000,2021-11-16,09:30:00,6.32,2021-12-14,16:00:00,8.95,316,200000,Q5,41.61,82866.73,4.8,TIME
PATH,O:PATH211217C00060000,2021-11-17,09:30:00,2.875,2021-12-01,16:00:00,0.35,173,50000,Q2,-87.83,-43710.4,-18.06,STOP
ETSY,O:ETSY211217C00305000,2021-11-23,09:30:00,8.02,2021-12-03,16:00:00,0.37,124,100000,Q3,-95.39,-94912.02,-16.61,STOP
JD,O:JD211217C00095000,2021-11-26,09:30:00,1.1515,2021-12-03,16:00:00,0.28,1302,150000,Q4,-75.68,-113567.5,-10.51,STOP
SOXX,O:SOXX220121C00560000,2021-11-30,09:30:00,13.1,2021-12-28,16:00:00,10.1,38,50000,Q2,-22.9,-11444.08,2.31,TIME
VXX,O:VXX220121C00035000,2021-12-01,09:30:00,2.1836,2021-12-29,16:00:00,0.34,915,200000,Q5,-84.43,-168808.18,-20.91,TIME
AAPL,O:AAPL220121C00170000,2021-12-03,09:30:00,4.5441,2021-12-31,16:00:00,9.3,110,50000,Q2,104.66,52238.32,8.16,TIME
ABBV,O:ABBV220121C00125000,2021-12-06,09:30:00,2.2016,2022-01-03,16:00:00,10.54,681,150000,Q4,378.73,567407.98,13.09,TIME
GLD,O:GLD220121C00171000,2021-12-07,09:30:00,1.655,2022-01-04,16:00:00,1.21,1208,200000,Q5,-26.89,-53929.05,1.93,TIME
XLU,O:XLU220121C00071000,2021-12-10,09:30:00,0.48,2022-01-07,16:00:00,0.56,2083,100000,Q3,16.67,16555.68,1.85,TIME
ABT,O:ABT220121C00140000,2021-12-13,09:30:00,1.61,2022-01-10,16:00:00,0.54,1242,200000,Q5,-66.46,-133027.52,0.46,TIME
LRCX,O:LRCX220121C00725000,2021-12-14,09:30:00,13.9,2022-01-11,16:00:00,2.1,107,150000,Q4,-84.89,-126345.6,-0.31,TIME
XLP,O:XLP220121C00078000,2021-12-15,09:30:00,0.19,2022-01-12,16:00:00,0.1,10526,200000,Q5,-47.37,-94886.63,1.93,TIME
NEM,O:NEM220121C00062000,2021-12-20,09:30:00,1.1,2022-01-18,16:00:00,0.38,909,100000,Q3,-65.45,-65515.27,4.24,TIME
QQQ,O:QQQ220121C00395000,2021-12-20,09:30:00,4.6055,2022-01-18,16:00:00,0.07,325,150000,Q4,-98.48,-147479.41,-2.47,TIME
TMO,O:TMO220121C00670000,2021-12-21,09:30:00,12.1,2022-01-14,16:00:00,0.37,41,50000,Q2,-96.94,-48118.56,-8.23,STOP
XLV,O:XLV220121C00140000,2021-12-21,09:30:00,1.54,2022-01-19,16:00:00,0.01,649,100000,Q3,-99.35,-99347.3,-3.97,TIME
AMGN,O:AMGN220121C00227500,2021-12-22,09:30:00,2.75,2022-01-20,16:00:00,2.05,545,150000,Q4,-25.45,-38280.8,3.94,TIME
GILD,O:GILD220121C00074000,2021-12-28,09:30:00,1.0842,2022-01-20,16:00:00,0.03,922,100000,Q3,-97.23,-97248.01,-6.53,STOP
CSCO,O:CSCO220121C00066000,2021-12-29,09:30:00,0.35,2022-01-18,16:00:00,0.01,4285,150000,Q4,-97.14,-145767.13,-6.5,STOP
GLD,O:GLD220218C00172000,2022-01-10,09:30:00,1.29,2022-02-07,16:00:00,0.86,1550,200000,Q5,-33.33,-66816.62,1.54,TIME
T,O:T220218C00028000,2022-01-11,09:30:00,0.375,2022-01-26,16:00:00,0.06,1333,50000,Q2,-84.0,-42018.49,-8.46,STOP
LMT,O:LMT220218C00375000,2022-01-13,09:30:00,4.8,2022-02-10,16:00:00,15.55,312,150000,Q4,223.96,335082.54,6.35,TIME
NOC,O:NOC220218C00410000,2022-01-19,09:30:00,10.0,2022-01-27,16:00:00,1.2,50,50000,Q2,-88.0,-44028.0,-6.87,STOP
DE,O:DE220218C00380000,2022-01-21,09:30:00,7.8,2022-02-17,16:00:00,10.3,64,50000,Q2,32.05,15942.08,3.42,TIME
HAL,O:HAL220218C00029000,2022-01-21,09:30:00,0.845,2022-02-17,16:00:00,4.1,591,50000,Q2,385.21,192224.38,18.53,TIME
COP,O:COP220218C00087000,2022-01-24,09:30:00,1.45,2022-02-18,16:00:00,2.86,1034,150000,Q4,97.24,145571.17,10.96,TIME
SLB,O:SLB220218C00038000,2022-01-24,09:30:00,0.97,2022-02-18,16:00:00,2.38,2061,200000,Q5,145.36,290255.78,13.83,TIME
XOM,O:XOM220218C00075000,2022-01-24,09:30:00,0.97,2022-02-18,16:00:00,2.39,2061,200000,Q5,146.39,292315.75,9.04,TIME
OXY,O:OXY220318C00042000,2022-01-31,09:30:00,1.51,2022-02-28,16:00:00,3.33,662,100000,Q3,120.53,120323.8,15.92,TIME
V,O:V220318C00245000,2022-01-31,09:30:00,2.6067,2022-02-28,16:00:00,0.23,383,100000,Q3,-91.18,-91080.66,-4.28,TIME
BKNG,O:BKNG220318C02660000,2022-02-08,09:30:00,56.73,2022-02-24,16:00:00,4.0,35,200000,Q5,-92.95,-184661.28,-10.37,STOP
DAL,O:DAL220318C00046000,2022-02-09,09:30:00,0.875,2022-03-03,16:00:00,0.06,2285,200000,Q5,-93.14,-186334.32,-14.72,STOP
GLD,O:GLD220318C00178000,2022-02-14,09:30:00,1.76,2022-03-14,16:00:00,5.0,1136,200000,Q5,184.09,367680.03,4.8,TIME
NCLH,O:NCLH220318C00025000,2022-02-16,09:30:00,0.78,2022-02-24,16:00:00,0.13,1923,150000,Q4,-83.33,-125082.5,-20.44,STOP
SLV,O:SLV220318C00023000,2022-02-18,09:30:00,0.38,2022-03-18,16:00:00,0.02,2631,100000,Q3,-94.74,-94768.62,3.83,TIME
PANW,O:PANW220520C00670000,2022-03-29,09:30:00,18.8,2022-04-26,16:00:00,7.5,26,50000,Q2,-60.11,-29414.19,-6.8,TIME
MP,O:MP220520C00065000,2022-04-01,09:30:00,3.25,2022-04-18,16:00:00,0.39,153,50000,Q2,-88.0,-43785.85,-19.61,STOP
XLU,O:XLU220520C00077000,2022-04-04,09:30:00,0.64,2022-05-02,16:00:00,0.02,781,50000,Q2,-96.88,-48447.77,-6.04,STOP
QS,O:QS220520C00022500,2022-04-06,09:30:00,1.2,2022-04-21,16:00:00,0.27,416,50000,Q2,-77.5,-38718.58,-19.57,STOP
ABNB,O:ABNB220520C00175000,2022-04-11,09:30:00,5.66,2022-05-06,16:00:00,0.14,176,100000,Q3,-97.53,-97203.04,-15.07,STOP
GLD,O:GLD220520C00188000,2022-04-12,09:30:00,2.76,2022-05-02,16:00:00,0.21,362,100000,Q3,-92.39,-92363.76,-5.27,STOP
XBI,O:XBI220520C00094000,2022-04-12,09:30:00,2.74,2022-04-26,16:00:00,0.31,182,50000,Q2,-88.69,-44253.76,-13.24,STOP
SLV,O:SLV220520C00024500,2022-04-18,09:30:00,0.71,2022-04-25,16:00:00,0.08,704,50000,Q2,-88.73,-44379.81,-8.68,STOP
CAT,O:CAT220520C00242500,2022-04-20,09:30:00,4.0,2022-04-25,16:00:00,1.27,375,150000,Q4,-68.25,-102473.81,-9.58,STOP
CI,O:CI220520C00280000,2022-04-20,09:30:00,4.0,2022-05-02,16:00:00,0.5,500,200000,Q5,-87.5,-175112.5,-7.72,STOP
LUV,O:LUV220520C00049000,2022-04-25,09:30:00,0.98,2022-05-12,16:00:00,0.04,1020,100000,Q3,-95.92,-95932.02,-9.57,STOP
QS,O:QS220520C00017500,2022-04-25,09:30:00,1.05,2022-05-10,16:00:00,0.06,1428,150000,Q4,-94.29,-141451.25,-23.32,STOP
UAL,O:UAL220520C00055000,2022-04-25,09:30:00,1.5,2022-05-09,16:00:00,0.04,666,100000,Q3,-97.33,-97287.28,-13.05,STOP
TGT,O:TGT220520C00247500,2022-04-26,09:30:00,6.3,2022-05-10,16:00:00,0.95,79,50000,Q2,-84.92,-42293.64,-8.73,STOP
PLUG,O:PLUG220520C00024500,2022-04-28,09:30:00,1.08,2022-05-10,16:00:00,0.03,462,50000,Q2,-97.22,-48535.64,-26.26,STOP
AMT,O:AMT220617C00250000,2022-05-02,09:30:00,6.82,2022-05-27,16:00:00,14.5,73,50000,Q2,112.61,55986.18,8.01,TIME
XLE,O:XLE220617C00083000,2022-05-10,09:30:00,2.08,2022-06-07,16:00:00,9.35,480,100000,Q3,349.52,348685.68,19.12,TIME
GILD,O:GILD220617C00065000,2022-05-12,09:30:00,0.71,2022-06-09,16:00:00,0.05,2816,200000,Q5,-92.96,-185963.01,0.69,TIME
PXD,O:PXD220617C00300000,2022-05-17,09:30:00,9.33,2022-06-14,16:00:00,0.15,160,150000,Q4,-98.39,-146955.84,-3.28,TIME
DOCU,O:DOCU220715C00105000,2022-06-02,09:30:00,3.1,2022-06-13,16:00:00,0.06,645,200000,Q5,-98.06,-196181.91,-25.55,STOP
XLU,O:XLU220715C00077000,2022-06-02,09:30:00,0.66,2022-06-13,16:00:00,0.05,1515,100000,Q3,-92.42,-92468.78,-6.83,STOP
JD,O:JD220715C00070000,2022-06-14,09:30:00,1.94,2022-07-13,16:00:00,0.04,773,150000,Q4,-97.94,-146946.53,0.42,TIME
LI,O:LI220715C00036000,2022-06-14,09:30:00,0.97,2022-07-13,16:00:00,2.38,2061,200000,Q5,145.36,290255.78,23.2,TIME
VXX,O:VXX220715C00026000,2022-06-15,09:30:00,1.8,2022-07-14,16:00:00,0.02,277,50000,Q2,-98.89,-49331.21,-10.09,TIME
NOC,O:NOC220715C00470000,2022-06-16,09:30:00,10.36,2022-07-15,16:00:00,0.05,48,50000,Q2,-99.52,-49512.98,1.34,TIME
CHPT,O:CHPT220819C00017000,2022-06-29,09:30:00,0.84,2022-07-27,16:00:00,0.13,595,50000,Q2,-84.52,-42273.86,-7.56,TIME
T,O:T220819C00022000,2022-06-29,09:30:00,0.25,2022-07-21,16:00:00,0.03,8000,200000,Q5,-88.0,-176112.0,-7.87,STOP
RBLX,O:RBLX220819C00050000,2022-07-05,09:30:00,1.9925,2022-08-01,16:00:00,2.38,1003,200000,Q5,19.45,38646.97,30.83,TIME
LLY,O:LLY220819C00350000,2022-07-06,09:30:00,8.0,2022-08-02,16:00:00,1.41,187,150000,Q4,-82.38,-123320.98,-2.48,TIME
XBI,O:XBI220819C00092000,2022-07-07,09:30:00,1.83,2022-08-03,16:00:00,0.55,1092,200000,Q5,-69.95,-139905.95,3.23,TIME
VRTX,O:VRTX220819C00310000,2022-07-15,09:30:00,4.78,2022-08-11,16:00:00,0.8,418,200000,Q5,-83.26,-166480.62,2.02,TIME
AMGN,O:AMGN220819C00252500,2022-07-20,09:30:00,5.0,2022-08-16,16:00:00,1.12,200,100000,Q3,-77.6,-77661.2,2.51,TIME
ARKK,O:ARKK220819C00054000,2022-07-21,09:30:00,1.12,2022-08-17,16:00:00,0.02,1785,200000,Q5,-98.21,-196451.75,0.61,TIME
C,O:C220819C00057000,2022-07-21,09:30:00,0.25,2022-08-17,16:00:00,0.02,6000,150000,Q4,-92.0,-138081.0,3.06,TIME
CMCSA,O:CMCSA220819C00044000,2022-07-21,09:30:00,0.53,2022-07-29,16:00:00,0.02,2830,150000,Q4,-96.23,-144407.83,-8.91,STOP
V,O:V220819C00220000,2022-07-25,09:30:00,4.55,2022-08-19,16:00:00,0.01,219,100000,Q3,-99.78,-99475.93,-0.92,TIME
OKTA,O:OKTA220916C00110000,2022-08-01,09:30:00,4.41,2022-08-26,16:00:00,1.68,226,100000,Q3,-61.9,-61766.82,-3.64,TIME
FSLR,O:FSLR220916C00115000,2022-08-02,09:30:00,2.28,2022-08-29,16:00:00,9.8,657,150000,Q4,329.82,493667.17,24.05,TIME
IWM,O:IWM220916C00195000,2022-08-02,09:30:00,3.34,2022-08-29,16:00:00,1.58,299,100000,Q3,-52.69,-52697.55,0.31,TIME
W,O:W220916C00075000,2022-08-04,09:30:00,3.5,2022-08-31,16:00:00,0.23,428,150000,Q4,-93.43,-140035.82,-12.94,TIME
HYG,O:HYG220916C00080000,2022-08-05,09:30:00,0.33,2022-08-26,16:00:00,0.02,6060,200000,Q5,-93.94,-187966.05,-2.27,STOP
HOOD,O:HOOD220916C00012000,2022-08-08,09:30:00,0.5,2022-09-02,16:00:00,0.04,3000,150000,Q4,-92.0,-138081.0,-10.27,TIME
PLUG,O:PLUG220916C00030000,2022-08-09,09:30:00,0.9033,2022-09-06,16:00:00,0.23,1660,150000,Q4,-74.54,-111867.4,6.8,TIME
CLOV,O:CLOV220916C00003500,2022-08-18,09:30:00,0.18,2022-09-06,16:00:00,0.01,2777,50000,Q2,-94.44,-47235.38,-25.27,STOP
WMT,O:WMT221021C00140000,2022-08-30,09:30:00,1.73,2022-09-27,16:00:00,0.82,289,50000,Q2,-52.6,-26335.85,-1.89,TIME
XLU,O:XLU221021C00076000,2022-08-31,09:30:00,1.53,2022-09-23,16:00:00,0.41,326,50000,Q2,-73.2,-36543.62,-4.94,STOP
NCLH,O:NCLH221021C00015000,2022-09-02,09:30:00,0.67,2022-09-30,16:00:00,0.13,746,50000,Q2,-80.6,-40313.84,-15.0,TIME
C,O:C221021C00050000,2022-09-06,09:30:00,1.5567,2022-09-23,16:00:00,0.33,321,50000,Q2,-78.8,-39406.28,-8.31,STOP
SPY,O:SPY221021C00405000,2022-09-06,09:30:00,5.99,2022-09-23,16:00:00,0.76,83,50000,Q2,-87.31,-43437.01,-6.1,STOP
LAZR,O:LAZR221021C00010000,2022-09-07,09:30:00,0.45,2022-10-04,16:00:00,0.18,4444,200000,Q5,-60.0,-120127.99,1.72,TIME
HCA,O:HCA221021C00230000,2022-09-08,09:30:00,5.2,2022-10-05,16:00:00,1.43,384,200000,Q5,-72.5,-144895.3,-4.22,TIME
WDAY,O:WDAY221021C00180000,2022-09-12,09:30:00,5.65,2022-09-16,16:00:00,0.96,88,50000,Q2,-83.01,-41301.08,-12.65,STOP
SYK,O:SYK221021C00240000,2022-09-13,09:30:00,3.5,2022-09-21,16:00:00,1.41,285,100000,Q3,-59.71,-59634.97,-6.0,STOP
MARA,O:MARA221021C00015000,2022-09-14,09:30:00,1.115,2022-10-11,16:00:00,0.06,448,50000,Q2,-94.62,-47290.32,-18.88,TIME
NFLX,O:NFLX221021C00255000,2022-09-21,09:30:00,14.89,2022-10-18,16:00:00,9.44,33,50000,Q2,-36.6,-18025.14,-0.85,TIME
JPM,O:JPM221021C00111000,2022-09-26,09:30:00,2.88,2022-10-21,16:00:00,11.09,173,50000,Q2,285.07,141912.16,13.07,TIME
SCHW,O:SCHW221021C00073000,2022-09-26,09:30:00,2.26,2022-10-21,16:00:00,0.01,663,150000,Q4,-99.56,-149250.25,-0.3,TIME
PLUG,O:PLUG221021C00023500,2022-09-27,09:30:00,1.5,2022-10-20,16:00:00,0.01,333,50000,Q2,-99.33,-49642.14,-26.31,STOP
SLV,O:SLV221118C00021000,2022-10-03,09:30:00,0.29,2022-10-28,16:00:00,0.03,6896,200000,Q5,-89.66,-179406.34,-4.05,TIME
ZS,O:ZS221118C00200000,2022-10-03,09:30:00,4.15,2022-10-13,16:00:00,0.77,481,200000,Q5,-81.45,-162696.33,-16.01,STOP
VALE,O:VALE221118C00016000,2022-10-06,09:30:00,0.5,2022-10-14,16:00:00,0.11,1000,50000,Q2,-78.0,-39030.5,-10.87,STOP
XBI,O:XBI221118C00085000,2022-10-13,09:30:00,1.85,2022-11-09,16:00:00,0.23,1081,200000,Q5,-87.57,-175234.42,0.67,TIME
PSX,O:PSX221118C00105000,2022-10-18,09:30:00,2.05,2022-11-14,16:00:00,6.36,487,100000,Q3,210.24,209692.22,14.79,TIME
VXX,O:VXX221118C00022000,2022-10-19,09:30:00,1.16,2022-11-02,16:00:00,0.18,862,100000,Q3,-84.48,-84533.75,-15.87,STOP
HAL,O:HAL221118C00037000,2022-10-21,09:30:00,0.43,2022-11-17,16:00:00,0.7,4651,200000,Q5,62.79,125314.22,17.06,TIME
UAL,O:UAL221118C00044000,2022-10-24,09:30:00,1.02,2022-11-18,16:00:00,0.02,1960,200000,Q5,-98.04,-196101.92,7.87,TIME
WBD,O:WBD221118C00014000,2022-10-24,09:30:00,0.73,2022-11-04,16:00:00,0.03,684,50000,Q2,-95.89,-47905.99,-18.79,STOP
XLE,O:XLE221118C00092000,2022-10-24,09:30:00,1.74,2022-11-18,16:00:00,0.01,862,150000,Q4,-99.43,-149201.42,5.36,TIME
ISRG,O:ISRG221216C00270000,2022-10-31,09:30:00,5.28,2022-11-28,16:00:00,4.56,378,200000,Q5,-13.64,-27401.98,7.98,TIME
JNJ,O:JNJ221216C00180000,2022-10-31,09:30:00,1.74,2022-11-28,16:00:00,1.27,287,50000,Q2,-27.01,-13532.19,1.51,TIME
SHOP,O:SHOP221216C00040000,2022-11-01,09:30:00,2.07,2022-11-29,16:00:00,1.33,241,50000,Q2,-35.75,-17874.97,4.9,TIME
HON,O:HON221216C00220000,2022-11-07,09:30:00,2.1,2022-12-05,16:00:00,1.7,952,200000,Q5,-19.05,-38260.88,3.7,TIME
SLV,O:SLV221216C00020500,2022-11-07,09:30:00,0.43,2022-12-05,16:00:00,0.47,1162,50000,Q2,9.3,4595.71,6.24,TIME
BNTX,O:BNTX221216C00180000,2022-11-08,09:30:00,4.94,2022-12-06,16:00:00,1.7,303,150000,Q4,-65.59,-98272.6,2.66,TIME
GS,O:GS221216C00380000,2022-11-08,09:30:00,5.93,2022-12-06,16:00:00,1.58,252,150000,Q4,-73.36,-109714.63,0.07,TIME
AAL,O:AAL221216C00015000,2022-11-09,09:30:00,0.58,2022-12-07,16:00:00,0.09,862,50000,Q2,-84.48,-42266.88,-4.13,TIME
PTON,O:PTON221216C00012000,2022-11-11,09:30:00,0.445,2022-12-09,16:00:00,0.46,3370,150000,Q4,3.37,4902.51,17.82,TIME
XLV,O:XLV221216C00138000,2022-11-11,09:30:00,1.35,2022-12-09,16:00:00,1.72,370,50000,Q2,27.41,13633.2,2.4,TIME
IBM,O:IBM221216C00150000,2022-11-14,09:30:00,1.14,2022-12-12,16:00:00,1.55,1315,150000,Q4,35.96,53738.13,4.51,TIME
XLI,O:XLI221216C00102000,2022-11-17,09:30:00,0.97,2022-12-15,16:00:00,0.02,2061,200000,Q5,-97.94,-195897.02,0.83,TIME
EEM,O:EEM230120C00040000,2022-11-28,09:30:00,0.35,2022-12-23,16:00:00,0.16,2857,100000,Q3,-54.29,-54355.85,0.46,TIME
MA,O:MA230120C00385000,2022-12-02,09:30:00,4.55,2022-12-30,16:00:00,0.4,329,150000,Q4,-91.21,-136616.43,-2.82,TIME
CI,O:CI230120C00350000,2022-12-09,09:30:00,4.7,2023-01-04,16:00:00,0.3,106,50000,Q2,-93.62,-46666.5,-6.57,STOP
SLV,O:SLV230120C00023000,2022-12-09,09:30:00,0.3933,2023-01-09,16:00:00,0.11,2542,100000,Q3,-72.03,-72087.31,1.25,TIME
KWEB,O:KWEB230120C00034000,2022-12-12,09:30:00,1.25,2023-01-10,16:00:00,1.79,400,50000,Q2,43.2,21539.2,14.14,TIME
OKTA,O:OKTA230120C00080000,2022-12-15,09:30:00,1.95,2023-01-13,16:00:00,0.12,256,50000,Q2,-93.85,-46874.5,0.39,TIME
MCD,O:MCD230120C00272500,2022-12-19,09:30:00,2.65,2023-01-18,16:00:00,0.16,377,100000,Q3,-93.96,-93925.97,-0.18,TIME
TLT,O:TLT230120C00107000,2022-12-20,09:30:00,1.0933,2022-12-28,16:00:00,0.34,914,100000,Q3,-68.9,-68920.17,-3.86,STOP
XLP,O:XLP230120C00076000,2022-12-20,09:30:00,0.66,2023-01-19,16:00:00,0.01,1515,100000,Q3,-98.48,-98525.75,-2.92,TIME
PFE,O:PFE230120C00053000,2022-12-29,09:30:00,0.49,2023-01-10,16:00:00,0.01,3061,150000,Q4,-97.96,-147004.52,-6.97,STOP
BABA,O:BABA230217C00100000,2023-01-03,09:30:00,4.54,2023-01-31,16:00:00,11.6,330,150000,Q4,155.51,232713.69,20.84,TIME
GLD,O:GLD230217C00177000,2023-01-04,09:30:00,2.54,2023-02-01,16:00:00,5.5,393,100000,Q3,116.54,116170.01,4.99,TIME
SOXL,O:SOXL230217C00012000,2023-01-04,09:30:00,0.71,2023-02-01,16:00:00,4.96,2112,150000,Q4,598.59,897001.25,69.91,TIME
VZ,O:VZ230217C00044000,2023-01-06,09:30:00,0.45,2023-02-03,16:00:00,0.05,3333,150000,Q4,-88.89,-133403.33,-1.08,TIME
BEKE,O:BEKE230217C00020000,2023-01-10,09:30:00,0.99,2023-02-07,16:00:00,0.5,1010,100000,Q3,-49.49,-49565.24,5.99,TIME
XLC,O:XLC230217C00055000,2023-01-13,09:30:00,0.44,2023-02-10,16:00:00,1.01,4545,200000,Q5,129.55,258735.49,5.89,TIME
SBUX,O:SBUX230217C00110000,2023-01-17,09:30:00,2.14,2023-02-13,16:00:00,0.78,467,100000,Q3,-63.55,-63580.18,1.37,TIME
CLF,O:CLF230217C00023000,2023-01-20,09:30:00,0.425,2023-02-16,16:00:00,0.01,4705,200000,Q5,-97.65,-195359.83,0.88,TIME
WBD,O:WBD230217C00014500,2023-01-23,09:30:00,0.28,2023-02-17,16:00:00,0.95,7142,200000,Q5,239.29,478074.77,18.4,TIME
HUT,O:HUT230317C00003000,2023-02-02,09:30:00,0.235,2023-03-02,16:00:00,0.02,6382,150000,Q4,-91.49,-137294.37,-27.96,TIME
PTON,O:PTON230317C00019000,2023-02-06,09:30:00,0.75,2023-02-24,16:00:00,0.03,1333,100000,Q3,-96.0,-96027.99,-20.63,STOP
QS,O:QS230317C00011000,2023-02-06,09:30:00,0.57,2023-03-06,16:00:00,0.1,3508,200000,Q5,-82.46,-164993.52,-2.11,TIME
ARKK,O:ARKK230317C00047000,2023-02-07,09:30:00,1.11,2023-03-07,16:00:00,0.03,1351,150000,Q4,-97.3,-145985.01,-7.95,TIME
CVNA,O:CVNA230317C00020000,2023-02-08,09:30:00,2.11,2023-03-08,16:00:00,0.01,710,150000,Q4,-99.53,-149175.26,-32.01,TIME
SOXX,O:SOXX230317C00445000,2023-02-10,09:30:00,7.57,2023-03-10,16:00:00,0.37,66,50000,Q2,-95.11,-47546.2,-3.68,TIME
C,O:C230317C00051000,2023-02-24,09:30:00,0.7,2023-03-13,16:00:00,0.05,2142,150000,Q4,-92.86,-139310.33,-7.59,STOP
JOBY,O:JOBY230421C00005500,2023-02-28,09:30:00,0.2,2023-03-13,16:00:00,0.05,10000,200000,Q5,-75.0,-150125.0,-18.79,STOP
SOXL,O:SOXL230421C00017000,2023-03-09,09:30:00,1.4,2023-04-05,16:00:00,0.68,357,50000,Q2,-51.43,-25741.13,0.98,TIME
QQQ,O:QQQ230421C00310000,2023-03-15,09:30:00,3.594,2023-04-12,16:00:00,5.95,556,200000,Q5,65.55,130728.28,6.12,TIME
XLK,O:XLK230421C00145000,2023-03-15,09:30:00,1.95,2023-04-12,16:00:00,4.0,1025,200000,Q5,105.13,209820.06,6.14,TIME
GOOGL,O:GOOGL230421C00105000,2023-03-16,09:30:00,1.4967,2023-04-13,16:00:00,3.25,1336,200000,Q5,117.15,233928.26,11.57,TIME
TQQQ,O:TQQQ230421C00028000,2023-03-16,09:30:00,0.52,2023-04-13,16:00:00,0.74,3846,200000,Q5,42.31,84369.7,20.65,TIME
CRWD,O:CRWD230421C00141000,2023-03-20,09:30:00,4.08,2023-04-17,16:00:00,1.05,245,100000,Q3,-74.26,-74297.84,3.72,TIME
AMAT,O:AMAT230421C00126000,2023-03-21,09:30:00,5.24,2023-04-17,16:00:00,0.02,95,50000,Q2,-99.62,-49614.98,-11.0,STOP
INTC,O:INTC230421C00030000,2023-03-21,09:30:00,0.58,2023-04-18,16:00:00,1.9,862,50000,Q2,227.59,113677.11,9.65,TIME
DASH,O:DASH230421C00065000,2023-03-23,09:30:00,1.66,2023-04-20,16:00:00,0.02,602,100000,Q3,-98.8,-98778.57,-1.42,TIME
TTD,O:TTD230421C00065000,2023-03-24,09:30:00,1.84,2023-04-21,16:00:00,0.01,815,150000,Q4,-99.46,-149220.39,4.12,TIME
GME,O:GME230519C00027500,2023-04-05,09:30:00,0.48,2023-05-03,16:00:00,0.07,1041,50000,Q2,-85.42,-42709.63,-15.98,TIME
ZM,O:ZM230519C00075000,2023-04-10,09:30:00,2.7,2023-04-26,16:00:00,0.14,370,100000,Q3,-94.81,-94772.54,-13.28,STOP
ARKK,O:ARKK230519C00042000,2023-04-11,09:30:00,1.1,2023-05-08,16:00:00,0.05,909,100000,Q3,-95.45,-95497.27,-2.42,TIME
MARA,O:MARA230519C00014000,2023-04-17,09:30:00,0.93,2023-05-12,16:00:00,0.04,1612,150000,Q4,-95.7,-143546.18,-19.37,TIME
MCD,O:MCD230519C00295000,2023-04-18,09:30:00,3.99,2023-05-15,16:00:00,2.33,501,200000,Q5,-41.6,-83324.32,2.14,TIME
GLD,O:GLD230519C00190000,2023-04-19,09:30:00,1.6,2023-05-16,16:00:00,0.1,1250,200000,Q5,-93.75,-187606.25,0.18,TIME
SLV,O:SLV230519C00024000,2023-04-19,09:30:00,0.46,2023-05-16,16:00:00,0.01,4347,200000,Q5,-97.83,-195717.15,-5.6,TIME
XLP,O:XLP230519C00077000,2023-04-20,09:30:00,0.44,2023-05-17,16:00:00,0.05,4545,200000,Q5,-88.64,-177366.35,0.79,TIME
NOC,O:NOC230519C00480000,2023-04-24,09:30:00,7.65,2023-04-27,16:00:00,2.5,130,100000,Q3,-67.32,-67015.98,-5.36,STOP
RTX,O:RTX230519C00103000,2023-04-25,09:30:00,0.95,2023-05-04,16:00:00,0.08,526,50000,Q2,-91.58,-45789.09,-4.77,STOP
AMC,O:AMC230616C00007000,2023-05-02,09:30:00,0.21,2023-05-30,16:00:00,0.04,2380,50000,Q2,-80.95,-40489.75,-18.43,TIME
XLV,O:XLV230616C00134000,2023-05-12,09:30:00,1.44,2023-05-25,16:00:00,0.14,347,50000,Q2,-90.28,-45137.41,-4.23,STOP
BILL,O:BILL230616C00110000,2023-05-15,09:30:00,1.48,2023-06-12,16:00:00,6.9,1351,200000,Q5,366.22,731675.93,22.82,TIME
MA,O:MA230616C00390000,2023-05-16,09:30:00,5.6,2023-05-31,16:00:00,0.47,89,50000,Q2,-91.61,-45684.01,-5.41,STOP
CVNA,O:CVNA230616C00015000,2023-05-17,09:30:00,0.61,2023-06-14,16:00:00,8.4,3278,200000,Q5,1277.05,2552085.26,116.51,TIME
RKLB,O:RKLB230721C00005000,2023-05-31,09:30:00,0.22,2023-06-28,16:00:00,0.97,4545,100000,Q3,340.91,340604.57,28.61,TIME
AVGO,O:AVGO230721C00870000,2023-06-01,09:30:00,26.5,2023-06-29,16:00:00,20.35,18,50000,Q2,-23.21,-11112.16,7.63,TIME
PXD,O:PXD230721C00210000,2023-06-01,09:30:00,5.3,2023-06-29,16:00:00,3.42,283,150000,Q4,-35.47,-53327.39,3.34,TIME
ADBE,O:ADBE230721C00470000,2023-06-02,09:30:00,9.9,2023-06-30,16:00:00,26.2,151,150000,Q4,164.65,245857.44,13.08,TIME
WFC,O:WFC230721C00045000,2023-06-07,09:30:00,0.45,2023-07-06,16:00:00,0.3,3333,150000,Q4,-33.33,-50119.99,3.37,TIME
DAL,O:DAL230721C00041000,2023-06-09,09:30:00,1.0,2023-07-10,16:00:00,7.43,1000,100000,Q3,643.0,642578.5,23.76,TIME
RCL,O:RCL230721C00100000,2023-06-13,09:30:00,2.12,2023-07-12,16:00:00,1.75,707,150000,Q4,-17.45,-26295.8,5.55,TIME
XBI,O:XBI230721C00092000,2023-06-15,09:30:00,1.7,2023-07-06,16:00:00,0.07,882,150000,Q4,-95.88,-143844.06,-8.29,STOP
UAL,O:UAL230721C00055000,2023-06-16,09:30:00,1.895,2023-07-17,16:00:00,0.95,527,100000,Q3,-49.87,-49876.47,-0.42,TIME
UBER,O:UBER230721C00044000,2023-06-20,09:30:00,1.39,2023-07-18,16:00:00,3.75,359,50000,Q2,169.78,84631.74,10.74,TIME
PANW,O:PANW230721C00255000,2023-06-21,09:30:00,3.5,2023-07-19,16:00:00,0.35,142,50000,Q2,-90.0,-44757.34,1.88,TIME
SPCE,O:SPCE230721C00007000,2023-06-21,09:30:00,0.6567,2023-07-19,16:00:00,0.01,761,50000,Q2,-98.48,-49236.7,-33.74,TIME
AAL,O:AAL230721C00017000,2023-06-23,09:30:00,0.25,2023-07-21,16:00:00,0.41,8000,200000,Q5,64.0,127736.0,9.18,TIME
HUT,O:HUT230818C00004000,2023-07-03,09:30:00,0.32,2023-07-31,16:00:00,0.22,6250,200000,Q5,-31.25,-62668.75,8.76,TIME
ARKK,O:ARKK230818C00048000,2023-07-10,09:30:00,0.77,2023-08-04,16:00:00,0.46,2597,200000,Q5,-40.26,-80666.72,3.77,TIME
XPEV,O:XPEV230818C00017000,2023-07-11,09:30:00,0.72,2023-08-07,16:00:00,2.1,1388,100000,Q3,191.67,191348.29,25.47,TIME
NIO,O:NIO230818C00012500,2023-07-12,09:30:00,0.508,2023-08-08,16:00:00,1.72,2952,150000,Q4,238.58,357453.55,27.56,TIME
NFLX,O:NFLX230818C00470000,2023-07-13,09:30:00,15.7,2023-08-09,16:00:00,0.58,95,150000,Q4,-96.31,-143717.33,-4.15,TIME
QS,O:QS230818C00011000,2023-07-14,09:30:00,1.06,2023-08-04,16:00:00,0.07,471,50000,Q2,-93.4,-46655.61,-19.2,STOP
ROKU,O:ROKU230818C00085000,2023-07-19,09:30:00,4.07,2023-08-15,16:00:00,0.98,245,100000,Q3,-75.92,-75766.86,7.76,TIME
CLOV,O:CLOV230818C00001500,2023-07-21,09:30:00,0.07,2023-08-17,16:00:00,0.01,7142,50000,Q2,-85.71,-42880.57,15.99,TIME
LOW,O:LOW230818C00240000,2023-07-21,09:30:00,2.29,2023-08-17,16:00:00,0.01,655,150000,Q4,-99.56,-149415.33,-6.25,TIME
ZM,O:ZM230818C00075000,2023-07-21,09:30:00,2.06,2023-08-17,16:00:00,0.01,728,150000,Q4,-99.51,-149315.35,-7.29,TIME
SQ,O:SQ230818C00082000,2023-07-25,09:30:00,3.04,2023-08-04,16:00:00,0.02,164,50000,Q2,-99.34,-49553.09,-15.37,STOP
BAC,O:BAC230818C00033000,2023-07-27,09:30:00,0.53,2023-08-15,16:00:00,0.01,943,50000,Q2,-98.11,-49061.46,-7.39,STOP
QCOM,O:QCOM230818C00134000,2023-07-28,09:30:00,2.79,2023-08-03,16:00:00,0.1,537,150000,Q4,-96.42,-144530.6,-10.29,STOP
ABNB,O:ABNB230915C00160000,2023-07-31,09:30:00,7.02,2023-08-10,16:00:00,0.7,71,50000,Q2,-90.03,-44899.41,-11.24,STOP
HAL,O:HAL230915C00042000,2023-07-31,09:30:00,0.77,2023-08-25,16:00:00,0.12,2597,200000,Q5,-84.42,-168920.57,-1.19,TIME
MCHP,O:MCHP230915C00100000,2023-08-01,09:30:00,1.85,2023-08-04,16:00:00,0.15,810,150000,Q4,-91.89,-137781.0,-7.83,STOP
MMM,O:MMM230915C00115000,2023-08-02,09:30:00,0.755,2023-08-08,16:00:00,0.28,662,50000,Q2,-62.91,-31479.26,-5.65,STOP
INTC,O:INTC230915C00037000,2023-08-03,09:30:00,0.63,2023-08-30,16:00:00,0.15,3174,200000,Q5,-76.19,-152475.79,0.6,TIME
MAR,O:MAR230915C00210000,2023-08-04,09:30:00,3.1,2023-08-31,16:00:00,1.11,322,100000,Q3,-64.19,-64145.78,0.64,TIME
COST,O:COST230915C00570000,2023-08-07,09:30:00,8.2,2023-09-01,16:00:00,0.35,243,200000,Q5,-95.73,-190858.88,-2.03,TIME
LI,O:LI230915C00046000,2023-08-09,09:30:00,1.61,2023-09-06,16:00:00,0.1,310,50000,Q2,-93.79,-46836.5,-6.48,TIME
PXD,O:PXD230915C00245000,2023-08-09,09:30:00,3.9,2023-09-06,16:00:00,1.71,384,150000,Q4,-56.15,-84203.71,2.94,TIME
DE,O:DE230915C00450000,2023-08-10,09:30:00,11.05,2023-08-18,16:00:00,0.34,45,50000,Q2,-96.92,-48220.63,-6.74,STOP
VLO,O:VLO230915C00140000,2023-08-10,09:30:00,3.895,2023-09-07,16:00:00,0.86,256,100000,Q3,-77.92,-77756.86,1.04,TIME
XLE,O:XLE230915C00091000,2023-08-14,09:30:00,1.83,2023-09-11,16:00:00,0.74,546,100000,Q3,-59.56,-59584.16,1.23,TIME
LLY,O:LLY230915C00590000,2023-08-18,09:30:00,1.35,2023-09-15,16:00:00,0.02,1481,200000,Q5,-98.52,-197074.45,7.49,TIME
V,O:V231020C00250000,2023-08-28,09:30:00,4.2,2023-09-25,16:00:00,0.31,357,150000,Q4,-92.62,-138953.5,-4.07,TIME
TMO,O:TMO231020C00580000,2023-08-29,09:30:00,7.1,2023-09-12,16:00:00,0.65,281,200000,Q5,-90.85,-181353.89,-6.72,STOP
TEAM,O:TEAM231020C00220000,2023-09-01,09:30:00,6.94,2023-09-29,16:00:00,2.0,144,100000,Q3,-71.18,-71200.37,-1.03,TIME
GOOGL,O:GOOGL231020C00140000,2023-09-07,09:30:00,2.5933,2023-10-04,16:00:00,1.25,771,200000,Q5,-51.8,-103719.16,1.13,TIME
INTC,O:INTC231020C00041000,2023-09-13,09:30:00,0.77,2023-09-20,16:00:00,0.07,1298,100000,Q3,-90.91,-90914.52,-9.25,STOP
VEEV,O:VEEV231020C00230000,2023-09-13,09:30:00,1.35,2023-10-05,16:00:00,0.03,740,100000,Q3,-97.78,-97731.06,-7.72,STOP
CVNA,O:CVNA231020C00060000,2023-09-18,09:30:00,3.99,2023-09-26,16:00:00,0.39,250,100000,Q3,-90.23,-90054.75,-26.51,STOP
COST,O:COST231020C00575000,2023-09-20,09:30:00,8.85,2023-10-17,16:00:00,3.55,112,100000,Q3,-59.89,-59429.44,1.67,TIME
ELV,O:ELV231020C00460000,2023-09-22,09:30:00,9.8,2023-10-19,16:00:00,5.0,51,50000,Q2,-48.98,-24517.74,3.25,TIME
VXX,O:VXX231020C00024500,2023-09-22,09:30:00,1.35,2023-10-19,16:00:00,1.86,740,100000,Q3,37.78,37621.23,15.65,TIME
ZS,O:ZS231020C00160000,2023-09-22,09:30:00,3.05,2023-10-19,16:00:00,9.5,491,150000,Q4,211.48,316386.9,13.33,TIME
DVN,O:DVN231020C00049000,2023-09-26,09:30:00,0.86,2023-10-06,16:00:00,0.11,1162,100000,Q3,-87.21,-87206.36,-9.16,STOP
FDX,O:FDX231117C00270000,2023-10-05,09:30:00,4.45,2023-10-20,16:00:00,0.48,224,100000,Q3,-89.21,-88983.22,-7.77,STOP
LYFT,O:LYFT231117C00012000,2023-10-10,09:30:00,0.91,2023-10-26,16:00:00,0.24,1098,100000,Q3,-73.63,-73629.13,-16.45,STOP
PFE,O:PFE231117C00035000,2023-10-16,09:30:00,0.495,2023-10-31,16:00:00,0.03,3030,150000,Q4,-93.94,-140974.54,-8.71,STOP
VZ,O:VZ231117C00033000,2023-10-17,09:30:00,0.3,2023-11-13,16:00:00,2.86,6666,200000,Q5,853.33,1705442.77,15.03,TIME
ADBE,O:ADBE231117C00580000,2023-10-18,09:30:00,13.8,2023-11-14,16:00:00,24.1,108,150000,Q4,74.64,111035.34,8.89,TIME
DVN,O:DVN231117C00051000,2023-10-23,09:30:00,0.88,2023-11-08,16:00:00,0.03,1136,100000,Q3,-96.59,-96611.69,-7.95,STOP
NEM,O:NEM231117C00040000,2023-10-23,09:30:00,0.77,2023-11-08,16:00:00,0.03,1298,100000,Q3,-96.1,-96103.92,-6.77,STOP
MSFT,O:MSFT231215C00355000,2023-10-30,09:30:00,4.71,2023-11-27,16:00:00,25.73,318,150000,Q4,446.28,667952.0,13.45,TIME
SLV,O:SLV231215C00022000,2023-10-31,09:30:00,0.53,2023-11-28,16:00:00,1.13,943,50000,Q2,113.21,56501.73,8.32,TIME
INTC,O:INTC231215C00040000,2023-11-01,09:30:00,0.56,2023-11-29,16:00:00,5.14,3571,200000,Q5,817.86,1634500.26,23.01,TIME
IBM,O:IBM231215C00155000,2023-11-06,09:30:00,0.4,2023-12-04,16:00:00,6.6,5000,200000,Q5,1550.0,3098250.0,8.83,TIME
COST,O:COST231215C00585000,2023-11-07,09:30:00,9.15,2023-12-05,16:00:00,23.61,54,50000,Q2,158.03,77995.55,5.63,TIME
PLTR,O:PLTR231215C00021000,2023-11-08,09:30:00,0.5,2023-12-06,16:00:00,0.05,1000,50000,Q2,-90.0,-45027.5,-9.22,TIME
DKNG,O:DKNG231215C00040000,2023-11-10,09:30:00,0.44,2023-12-08,16:00:00,0.06,2272,100000,Q3,-86.36,-86392.8,2.41,TIME
NOW,O:NOW231215C00670000,2023-11-10,09:30:00,5.6,2023-12-08,16:00:00,30.31,357,200000,Q5,441.25,881506.01,12.69,TIME
BAC,O:BAC231215C00031000,2023-11-15,09:30:00,0.2433,2023-12-13,16:00:00,1.1,8219,200000,Q5,352.05,703542.29,9.62,TIME
GS,O:GS231215C00350000,2023-11-16,09:30:00,2.9733,2023-12-14,16:00:00,33.59,168,50000,Q2,1029.71,514052.87,13.42,TIME
WFC,O:WFC231215C00045000,2023-11-17,09:30:00,0.27,2023-12-15,16:00:00,5.34,5555,150000,Q4,1877.78,2814826.82,17.37,TIME
SPCE,O:SPCE240119C00002500,2023-11-28,09:30:00,0.14,2023-12-26,16:00:00,0.32,10714,150000,Q4,128.57,192605.58,29.79,TIME
DXCM,O:DXCM240119C00125000,2023-11-29,09:30:00,3.27,2023-12-27,16:00:00,4.66,611,200000,Q5,42.51,84686.74,9.02,TIME
AFRM,O:AFRM240119C00045000,2023-12-01,09:30:00,0.94,2023-12-29,16:00:00,6.35,2127,200000,Q5,575.53,1149931.71,43.56,TIME
PTON,O:PTON240119C00007500,2023-12-01,09:30:00,0.15,2023-12-29,16:00:00,0.22,13333,200000,Q5,46.67,93084.34,7.11,TIME
PATH,O:PATH240119C00029000,2023-12-05,09:30:00,0.45,2024-01-03,16:00:00,0.03,1111,50000,Q2,-93.33,-46688.66,-10.32,TIME
COST,O:COST240119C00630000,2023-12-06,09:30:00,6.8,2024-01-04,16:00:00,23.0,220,150000,Q4,238.24,356072.2,6.97,TIME
HYG,O:HYG240119C00077000,2023-12-08,09:30:00,0.23,2024-01-08,16:00:00,0.48,4347,100000,Q3,108.7,108520.68,1.61,TIME
COF,O:COF240119C00130000,2023-12-13,09:30:00,1.15,2024-01-11,16:00:00,1.25,1739,200000,Q5,8.7,17181.32,5.96,TIME
TLT,O:TLT240119C00102000,2023-12-14,09:30:00,0.6267,2024-01-12,16:00:00,0.01,3191,200000,Q5,-98.4,-196879.91,-1.27,TIME
XLU,O:XLU240119C00066000,2023-12-15,09:30:00,0.6167,2024-01-16,16:00:00,0.01,810,50000,Q2,-98.38,-49165.38,-2.92,TIME
DOCU,O:DOCU240119C00067000,2023-12-18,09:30:00,1.67,2024-01-17,16:00:00,0.22,299,50000,Q2,-86.83,-43383.26,-1.25,TIME
PLD,O:PLD240119C00140000,2023-12-19,09:30:00,1.6,2024-01-18,16:00:00,0.03,625,100000,Q3,-98.12,-98175.94,-5.8,TIME
XBI,O:XBI240119C00090000,2023-12-19,09:30:00,1.345,2024-01-18,16:00:00,0.04,1486,200000,Q5,-97.03,-194025.91,2.12,TIME
IWM,O:IWM240119C00210000,2023-12-26,09:30:00,2.056,2024-01-17,16:00:00,0.01,972,200000,Q5,-99.51,-198971.61,-6.55,STOP
MS,O:MS240119C00097000,2023-12-28,09:30:00,1.21,2024-01-16,16:00:00,0.01,1239,150000,Q4,-99.17,-148755.58,-6.53,STOP
AA,O:AA240119C00037000,2023-12-29,09:30:00,1.05,2024-01-16,16:00:00,0.02,476,50000,Q2,-98.1,-49053.47,-13.13,STOP
JPM,O:JPM240216C00175000,2024-01-05,09:30:00,3.725,2024-02-02,16:00:00,2.43,402,150000,Q4,-34.77,-52182.72,1.8,TIME
PYPL,O:PYPL240216C00065000,2024-01-08,09:30:00,2.15,2024-02-05,16:00:00,1.48,930,200000,Q5,-31.16,-62478.8,1.79,TIME
XLV,O:XLV240216C00143000,2024-01-09,09:30:00,1.65,2024-02-06,16:00:00,1.7,606,100000,Q3,3.03,2928.5,2.59,TIME
SPY,O:SPY240216C00485000,2024-01-11,09:30:00,4.2017,2024-02-08,16:00:00,14.35,119,50000,Q2,241.53,120654.78,4.23,TIME
XLI,O:XLI240216C00114000,2024-01-12,09:30:00,1.17,2024-02-09,16:00:00,3.04,427,50000,Q2,159.83,79759.12,3.85,TIME
MAR,O:MAR240216C00240000,2024-01-18,09:30:00,2.6,2024-02-14,16:00:00,0.42,769,200000,Q5,-83.85,-167758.12,3.28,TIME
CRWD,O:CRWD240216C00315000,2024-01-22,09:30:00,5.33,2024-02-16,16:00:00,14.43,93,50000,Q2,170.73,84538.12,9.47,TIME
MA,O:MA240216C00445000,2024-01-22,09:30:00,7.7,2024-02-16,16:00:00,24.45,129,100000,Q3,217.53,215867.63,6.54,TIME
WDAY,O:WDAY240216C00297500,2024-01-22,09:30:00,6.2,2024-02-16,16:00:00,5.76,80,50000,Q2,-7.1,-3567.84,3.67,TIME
TEAM,O:TEAM240216C00255000,2024-01-25,09:30:00,10.6,2024-02-02,16:00:00,0.4,47,50000,Q2,-96.23,-47965.85,-11.44,STOP
VZ,O:VZ240315C00045000,2024-01-29,09:30:00,0.27,2024-02-08,16:00:00,0.04,3703,100000,Q3,-85.19,-85226.4,-6.24,STOP
VEEV,O:VEEV240315C00220000,2024-01-31,09:30:00,6.35,2024-02-28,16:00:00,12.8,78,50000,Q2,101.57,50235.32,7.21,TIME
AMGN,O:AMGN240315C00335000,2024-02-02,09:30:00,5.0,2024-02-07,16:00:00,0.25,200,100000,Q3,-95.0,-95052.5,-8.14,STOP
SMCI,O:SMCI240315C00820000,2024-02-05,09:30:00,14.1,2024-03-04,16:00:00,313.51,141,200000,Q5,2123.48,4219371.35,81.99,TIME
XLP,O:XLP240315C00075000,2024-02-08,09:30:00,0.63,2024-03-07,16:00:00,0.98,1587,100000,Q3,55.56,55417.25,2.71,TIME
TSM,O:TSM240315C00143000,2024-02-09,09:30:00,2.17,2024-03-08,16:00:00,6.52,230,50000,Q2,200.46,99950.06,8.72,TIME
CI,O:CI240315C00350000,2024-02-12,09:30:00,3.7,2024-03-11,16:00:00,1.1,540,200000,Q5,-70.27,-140529.6,2.21,TIME
PLUG,O:PLUG240315C00005500,2024-02-13,09:30:00,0.23,2024-02-23,16:00:00,0.03,2173,50000,Q2,-86.96,-43488.25,-29.3,STOP
CHPT,O:CHPT240315C00002500,2024-02-15,09:30:00,0.2525,2024-03-14,16:00:00,0.01,1980,50000,Q2,-96.04,-48040.99,-26.61,TIME
XLI,O:XLI240315C00121000,2024-02-15,09:30:00,0.68,2024-03-14,16:00:00,0.63,2941,200000,Q5,-7.35,-14897.64,3.31,TIME
AVGO,O:AVGO240315C01290000,2024-02-16,09:30:00,50.73,2024-03-15,16:00:00,0.05,9,50000,Q2,-99.9,-45634.85,-1.97,TIME
META,O:META240315C00525000,2024-02-16,09:30:00,2.8367,2024-03-15,16:00:00,0.01,176,50000,Q2,-99.65,-49774.38,1.15,TIME
NFLX,O:NFLX240419C00625000,2024-02-28,09:30:00,20.65,2024-03-26,16:00:00,34.92,48,100000,Q3,69.1,68362.63,5.51,TIME
BABA,O:BABA240419C00080000,2024-02-29,09:30:00,2.1767,2024-03-27,16:00:00,0.3,229,50000,Q2,-86.22,-43004.02,-4.24,TIME
ARM,O:ARM240419C00195000,2024-03-06,09:30:00,5.05,2024-04-03,16:00:00,0.03,99,50000,Q2,-99.41,-49723.15,-9.35,TIME
SOXL,O:SOXL240419C00056000,2024-03-11,09:30:00,3.4,2024-04-08,16:00:00,0.15,294,100000,Q3,-95.59,-95602.18,-6.36,TIME
SOXX,O:SOXX240419C00235000,2024-03-14,09:30:00,4.3,2024-04-11,16:00:00,0.55,116,50000,Q2,-87.21,-43528.13,0.75,TIME
WFC,O:WFC240419C00060000,2024-03-14,09:30:00,1.018,2024-04-11,16:00:00,0.33,491,50000,Q2,-67.58,-33813.89,-2.14,TIME
LRCX,O:LRCX240419C00965000,2024-03-15,09:30:00,24.09,2024-04-12,16:00:00,19.15,41,100000,Q3,-20.51,-20342.64,5.2,TIME
DVN,O:DVN240419C00049000,2024-03-19,09:30:00,1.005,2024-04-16,16:00:00,3.37,1990,200000,Q5,235.32,470199.69,9.86,TIME
LOW,O:LOW240419C00257500,2024-03-20,09:30:00,2.18,2024-04-12,16:00:00,0.03,917,200000,Q5,-98.62,-197256.33,-6.67,STOP
XLE,O:XLE240419C00094000,2024-03-20,09:30:00,1.15,2024-04-17,16:00:00,0.79,1304,150000,Q4,-31.3,-47070.49,2.6,TIME
LYFT,O:LYFT240419C00022000,2024-03-21,09:30:00,0.75,2024-04-18,16:00:00,0.02,2666,200000,Q5,-97.33,-194720.64,-14.05,TIME
RTX,O:RTX240419C00096000,2024-03-21,09:30:00,1.45,2024-04-18,16:00:00,5.04,344,50000,Q2,247.59,123384.37,5.91,TIME
JD,O:JD240419C00029000,2024-03-22,09:30:00,0.35,2024-04-19,16:00:00,0.01,4285,150000,Q4,-97.14,-145767.13,-3.14,TIME
PXD,O:PXD240419C00260000,2024-03-22,09:30:00,3.2,2024-04-19,16:00:00,11.16,312,100000,Q3,248.75,248127.98,5.67,TIME
EEM,O:EEM240419C00042000,2024-03-28,09:30:00,0.19,2024-04-16,16:00:00,0.01,7894,150000,Q4,-94.74,-142170.94,-3.21,STOP
XLI,O:XLI240419C00128000,2024-03-28,09:30:00,0.7,2024-04-17,16:00:00,0.12,714,50000,Q2,-82.86,-41441.27,-4.1,STOP
AA,O:AA240517C00040000,2024-04-03,09:30:00,1.63,2024-04-30,16:00:00,0.28,1226,200000,Q5,-82.82,-165627.08,-2.22,TIME
LCID,O:LCID240517C00003000,2024-04-08,09:30:00,0.24,2024-05-03,16:00:00,0.18,4166,100000,Q3,-25.0,-25083.49,4.99,TIME
XLU,O:XLU240517C00067000,2024-04-08,09:30:00,0.78,2024-05-03,16:00:00,1.7,2564,200000,Q5,117.95,235570.06,4.87,TIME
FSLR,O:FSLR240517C00200000,2024-04-09,09:30:00,6.3167,2024-05-06,16:00:00,3.25,316,200000,Q5,-48.55,-97057.82,6.97,TIME
VXX,O:VXX240517C00017000,2024-04-15,09:30:00,0.75,2024-05-10,16:00:00,0.01,2666,200000,Q5,-98.67,-197385.31,-15.93,STOP
DAL,O:DAL240517C00051000,2024-04-22,09:30:00,0.64,2024-05-17,16:00:00,1.73,3125,200000,Q5,170.31,340254.69,10.15,TIME
WFC,O:WFC240517C00063000,2024-04-22,09:30:00,0.6,2024-05-17,16:00:00,0.01,3333,200000,Q5,-98.33,-196748.66,1.03,TIME
BAC,O:BAC240621C00040000,2024-04-29,09:30:00,0.48,2024-05-24,16:00:00,0.65,1041,50000,Q2,35.42,17638.18,4.81,TIME
C,O:C240621C00065000,2024-05-01,09:30:00,1.02,2024-05-29,16:00:00,0.52,980,100000,Q3,-49.02,-49075.46,0.76,TIME
EEM,O:EEM240621C00044000,2024-05-07,09:30:00,0.23,2024-06-04,16:00:00,0.1,2173,50000,Q2,-56.52,-28284.85,-1.68,TIME
DOCU,O:DOCU240621C00060000,2024-05-08,09:30:00,2.71,2024-06-03,16:00:00,0.76,184,50000,Q2,-71.96,-35911.92,-8.09,STOP
GME,O:GME240621C00045000,2024-05-13,09:30:00,7.0,2024-06-10,16:00:00,2.8,214,150000,Q4,-60.0,-89984.86,-5.83,TIME
BIIB,O:BIIB240621C00240000,2024-05-16,09:30:00,4.85,2024-05-29,16:00:00,0.75,103,50000,Q2,-84.54,-42258.84,-8.5,STOP
UNH,O:UNH240621C00535000,2024-05-21,09:30:00,5.2,2024-05-29,16:00:00,0.51,384,200000,Q5,-90.19,-180205.63,-5.54,STOP
VXX,O:VXX240719C00012000,2024-06-06,09:30:00,0.65,2024-07-05,16:00:00,0.06,1538,100000,Q3,-90.77,-90796.6,-7.12,TIME
COST,O:COST240719C00865000,2024-06-07,09:30:00,14.75,2024-07-08,16:00:00,21.65,67,100000,Q3,46.78,46108.06,3.93,TIME
NIO,O:NIO240719C00005000,2024-06-12,09:30:00,0.23,2024-07-11,16:00:00,0.1,4347,100000,Q3,-56.52,-56582.73,4.6,TIME
NVDA,O:NVDA240719C00141000,2024-06-17,09:30:00,3.94,2024-07-16,16:00:00,0.06,126,50000,Q2,-98.48,-48913.2,-5.08,TIME
RKLB,O:RKLB240719C00005000,2024-06-20,09:30:00,0.25,2024-07-18,16:00:00,0.25,2000,50000,Q2,0.0,-50.0,6.48,TIME
TLT,O:TLT240719C00096000,2024-06-24,09:30:00,0.59,2024-07-01,16:00:00,0.08,2542,150000,Q4,-86.44,-129727.16,-3.95,STOP
TSLA,O:TSLA240816C00255000,2024-07-02,09:30:00,10.934,2024-07-30,16:00:00,1.33,182,200000,Q5,-87.84,-174904.4,1.6,TIME
TTD,O:TTD240816C00105000,2024-07-03,09:30:00,5.2,2024-07-25,16:00:00,2.0,288,150000,Q4,-61.54,-92263.68,-9.79,STOP
ISRG,O:ISRG240816C00460000,2024-07-05,09:30:00,7.9,2024-08-01,16:00:00,6.3,189,150000,Q4,-20.25,-30374.19,2.87,TIME
PLUG,O:PLUG240816C00003500,2024-07-16,09:30:00,0.27,2024-08-02,16:00:00,0.04,5555,150000,Q4,-85.19,-127851.1,-31.89,STOP
EQIX,O:EQIX240816C00820000,2024-07-22,09:30:00,16.0,2024-08-16,16:00:00,5.95,125,200000,Q5,-62.81,-125762.19,5.21,TIME
AMGN,O:AMGN240816C00340000,2024-07-23,09:30:00,8.05,2024-08-07,16:00:00,0.17,62,50000,Q2,-97.89,-48881.48,-6.7,STOP
WBD,O:WBD240816C00009000,2024-07-24,09:30:00,0.4,2024-08-06,16:00:00,0.08,1250,50000,Q2,-80.0,-40030.0,-12.85,STOP
IWM,O:IWM240816C00230000,2024-07-26,09:30:00,2.8233,2024-08-05,16:00:00,0.12,354,100000,Q3,-95.75,-95750.1,-8.39,STOP
PLTR,O:PLTR240816C00029000,2024-07-26,09:30:00,1.2,2024-08-05,16:00:00,0.4,1250,150000,Q4,-66.67,-100100.0,-20.03,STOP
XBI,O:XBI240816C00104000,2024-07-26,09:30:00,1.9,2024-08-05,16:00:00,0.15,263,50000,Q2,-92.11,-46051.96,-9.04,STOP
LMT,O:LMT240920C00550000,2024-07-29,09:30:00,3.4,2024-08-23,16:00:00,9.97,441,150000,Q4,193.24,289442.19,6.02,TIME
O,O:O240920C00060000,2024-07-29,09:30:00,0.7,2024-08-23,16:00:00,1.46,1428,100000,Q3,108.57,108373.78,4.9,TIME
VXX,O:VXX240920C00053000,2024-07-30,09:30:00,2.86,2024-08-26,16:00:00,2.25,524,150000,Q4,-21.33,-32097.88,0.21,TIME
ABBV,O:ABBV240920C00195000,2024-07-31,09:30:00,2.32,2024-08-27,16:00:00,4.45,215,50000,Q2,91.81,45722.22,5.01,TIME
BLK,O:BLK240920C00890000,2024-08-09,09:30:00,12.15,2024-09-06,16:00:00,4.5,82,100000,Q3,-62.96,-62798.26,1.48,TIME
NOW,O:NOW240920C00910000,2024-08-15,09:30:00,5.82,2024-09-12,16:00:00,6.55,343,200000,Q5,12.54,24826.85,7.31,TIME
SHOP,O:SHOP240920C00085000,2024-08-16,09:30:00,0.44,2024-09-13,16:00:00,0.03,2272,100000,Q3,-93.18,-93205.39,-2.63,TIME
PYPL,O:PYPL240920C00075000,2024-08-19,09:30:00,0.535,2024-09-16,16:00:00,0.1,3738,200000,Q5,-81.31,-162721.68,4.08,TIME
BABA,O:BABA240920C00087000,2024-08-21,09:30:00,1.92,2024-09-18,16:00:00,0.18,1041,200000,Q5,-90.62,-181243.3,3.04,TIME
BILL,O:BILL240920C00055000,2024-08-21,09:30:00,2.6,2024-09-18,16:00:00,0.07,769,200000,Q5,-97.31,-194659.66,1.67,TIME
LI,O:LI240920C00023000,2024-08-23,09:30:00,0.9,2024-08-28,16:00:00,0.12,555,50000,Q2,-86.67,-43318.3,-12.31,STOP
XLV,O:XLV240920C00159000,2024-08-23,09:30:00,0.66,2024-09-20,16:00:00,0.01,2272,150000,Q4,-98.48,-147756.11,-0.04,TIME
XLU,O:XLU241018C00078000,2024-09-04,09:30:00,1.02,2024-10-01,16:00:00,3.85,1470,150000,Q4,277.45,415652.06,6.27,TIME
XPEV,O:XPEV241018C00010000,2024-09-10,09:30:00,0.23,2024-10-07,16:00:00,3.25,8695,200000,Q5,1313.04,2624377.07,55.59,TIME
TLT,O:TLT241018C00103000,2024-09-16,09:30:00,0.78,2024-10-03,16:00:00,0.06,2564,200000,Q5,-92.31,-184715.69,-3.78,STOP
PLTR,O:PLTR241018C00041000,2024-09-23,09:30:00,0.45,2024-10-18,16:00:00,1.99,4444,200000,Q5,342.22,683833.83,16.47,TIME
BIDU,O:BIDU241115C00120000,2024-10-01,09:30:00,3.25,2024-10-15,16:00:00,0.67,615,200000,Q5,-79.38,-158790.54,-10.77,STOP
CLOV,O:CLOV241115C00005000,2024-10-03,09:30:00,0.2,2024-10-30,16:00:00,0.13,10000,200000,Q5,-35.0,-70165.0,15.28,TIME
GLD,O:GLD241115C00250000,2024-10-07,09:30:00,3.65,2024-11-01,16:00:00,5.58,136,50000,Q2,52.88,26185.24,3.12,TIME
VALE,O:VALE241115C00012000,2024-10-08,09:30:00,0.18,2024-10-22,16:00:00,0.04,5555,100000,Q3,-77.78,-77831.1,-4.62,STOP
TTD,O:TTD241115C00120000,2024-10-09,09:30:00,5.895,2024-11-05,16:00:00,6.8,254,150000,Q4,15.35,22825.77,4.74,TIME
HD,O:HD241115C00420000,2024-10-10,09:30:00,9.95,2024-11-06,16:00:00,1.11,100,100000,Q3,-88.84,-88455.3,-5.33,STOP
BILL,O:BILL241115C00060000,2024-10-11,09:30:00,3.2,2024-11-07,16:00:00,7.1,468,150000,Q4,121.87,182278.98,18.48,TIME
AAL,O:AAL241115C00014000,2024-10-16,09:30:00,0.22,2024-11-12,16:00:00,0.17,9090,200000,Q5,-22.73,-45627.25,14.0,TIME
UPS,O:UPS241115C00140000,2024-10-16,09:30:00,3.0,2024-11-12,16:00:00,0.03,666,200000,Q5,-99.0,-197902.9,-3.35,TIME
AA,O:AA241115C00045000,2024-10-18,09:30:00,0.86,2024-11-14,16:00:00,0.03,1162,100000,Q3,-96.51,-96497.71,-1.44,TIME
CCL,O:CCL241115C00023000,2024-10-18,09:30:00,0.41,2024-11-14,16:00:00,1.32,2439,100000,Q3,221.95,221738.03,13.7,TIME
HON,O:HON241115C00225000,2024-10-23,09:30:00,4.0,2024-10-24,16:00:00,0.4,125,50000,Q2,-90.0,-45027.5,-5.32,STOP
PLUG,O:PLUG241220C00002500,2024-10-28,09:30:00,0.23,2024-11-22,16:00:00,0.07,6521,150000,Q4,-69.57,-104433.82,-12.02,TIME
SLV,O:SLV241220C00033000,2024-10-29,09:30:00,1.25,2024-11-06,16:00:00,0.2,1200,150000,Q4,-84.0,-126087.0,-9.37,STOP
WBD,O:WBD241220C00009000,2024-11-01,09:30:00,0.39,2024-11-29,16:00:00,1.46,5128,200000,Q5,274.36,548221.66,30.4,TIME
TSLA,O:TSLA241220C00345000,2024-11-06,09:30:00,5.375,2024-12-04,16:00:00,22.3,279,150000,Q4,314.88,471821.43,25.62,TIME
PLTR,O:PLTR241220C00065000,2024-11-07,09:30:00,0.985,2024-12-05,16:00:00,7.85,1015,100000,Q3,696.95,696349.12,28.64,TIME
INTC,O:INTC241220C00027000,2024-11-14,09:30:00,0.835,2024-12-05,16:00:00,0.08,1197,100000,Q3,-90.42,-90428.26,-16.93,STOP
MSTR,O:MSTR241220C00410000,2024-11-15,09:30:00,29.85,2024-12-13,16:00:00,22.94,33,100000,Q3,-23.15,-22890.1,21.29,TIME
ARKK,O:ARKK241220C00060000,2024-11-18,09:30:00,0.7133,2024-12-16,16:00:00,3.15,2102,150000,Q4,341.59,511781.3,15.34,TIME
HON,O:HON241220C00240000,2024-11-19,09:30:00,0.9,2024-12-17,16:00:00,0.5,1666,150000,Q4,-44.44,-66756.62,2.45,TIME
HOOD,O:HOOD241220C00041000,2024-11-19,09:30:00,1.0767,2024-12-17,16:00:00,1.42,1393,150000,Q4,31.89,47652.44,20.35,TIME
AI,O:AI241220C00037000,2024-11-20,09:30:00,1.8,2024-12-18,16:00:00,3.02,277,50000,Q2,67.78,33727.24,20.82,TIME
CRM,O:CRM241220C00342500,2024-11-20,09:30:00,8.36,2024-12-18,16:00:00,2.12,119,100000,Q3,-74.64,-74318.36,3.57,TIME
GS,O:GS241220C00625000,2024-11-20,09:30:00,3.18,2024-12-18,16:00:00,0.04,157,50000,Q2,-98.74,-49323.28,-5.85,TIME
SHOP,O:SHOP241220C00117000,2024-11-20,09:30:00,0.76,2024-12-18,16:00:00,0.15,657,50000,Q2,-80.26,-40106.89,4.54,TIME
JOBY,O:JOBY241220C00008000,2024-11-21,09:30:00,0.15,2024-12-19,16:00:00,0.02,13333,200000,Q5,-86.67,-173442.33,16.5,TIME
SLB,O:SLB241220C00046000,2024-11-22,09:30:00,0.73,2024-12-10,16:00:00,0.04,1369,100000,Q3,-94.52,-94513.71,-8.44,STOP
HAL,O:HAL241220C00033000,2024-11-27,09:30:00,0.55,2024-12-06,16:00:00,0.11,1818,100000,Q3,-80.0,-80051.99,-9.46,STOP
JPM,O:JPM241220C00265000,2024-11-29,09:30:00,0.8,2024-12-18,16:00:00,0.02,1250,100000,Q3,-97.5,-97551.25,-6.43,STOP
NFLX,O:NFLX250117C00950000,2024-12-04,09:30:00,18.705,2025-01-02,16:00:00,2.72,106,200000,Q5,-85.46,-169554.55,-1.36,TIME
PLUG,O:PLUG250117C00003000,2024-12-09,09:30:00,0.1725,2025-01-07,16:00:00,0.2,8695,150000,Q4,15.94,23749.31,21.29,TIME
CCL,O:CCL250117C00028000,2024-12-11,09:30:00,0.9,2025-01-07,16:00:00,0.02,2222,200000,Q5,-97.78,-195638.21,-10.22,STOP
V,O:V250117C00320000,2024-12-12,09:30:00,5.15,2025-01-13,16:00:00,0.08,97,50000,Q2,-98.45,-49204.37,-2.61,TIME
LCID,O:LCID250221C00004000,2025-01-07,09:30:00,0.25,2025-02-05,16:00:00,0.02,2000,50000,Q2,-92.0,-46027.0,-14.5,TIME
DDOG,O:DDOG250221C00150000,2025-01-08,09:30:00,5.6,2025-02-06,16:00:00,5.55,267,150000,Q4,-0.89,-1483.85,2.61,TIME
HAL,O:HAL250221C00031000,2025-01-17,09:30:00,0.66,2025-01-29,16:00:00,0.05,2272,150000,Q4,-92.42,-138672.66,-10.43,STOP
XOP,O:XOP250221C00150000,2025-01-17,09:30:00,2.38,2025-01-31,16:00:00,0.18,420,100000,Q3,-92.44,-92453.76,-6.57,STOP
HON,O:HON250221C00227500,2025-01-22,09:30:00,5.39,2025-02-06,16:00:00,0.21,92,50000,Q2,-96.1,-47681.76,-6.72,STOP
ROKU,O:ROKU250221C00086000,2025-01-22,09:30:00,4.1,2025-02-19,16:00:00,7.3,121,50000,Q2,78.05,38651.03,14.27,TIME
DE,O:DE250221C00495000,2025-01-23,09:30:00,6.78,2025-02-20,16:00:00,4.15,294,200000,Q5,-38.79,-77482.67,7.4,TIME
W,O:W250221C00052000,2025-01-23,09:30:00,1.99,2025-02-20,16:00:00,0.03,753,150000,Q4,-98.49,-147664.05,-2.37,TIME
JPM,O:JPM250221C00272500,2025-01-24,09:30:00,2.5067,2025-02-21,16:00:00,0.01,598,150000,Q4,-99.6,-149375.91,0.11,TIME
KLAC,O:KLAC250321C00800000,2025-01-30,09:30:00,17.0,2025-02-27,16:00:00,3.2,88,150000,Q4,-81.18,-121528.88,-4.49,TIME
QS,O:QS250321C00006000,2025-01-30,09:30:00,0.37,2025-02-27,16:00:00,0.07,4054,150000,Q4,-81.08,-121709.19,-6.35,TIME
ABT,O:ABT250321C00135000,2025-01-31,09:30:00,1.37,2025-02-28,16:00:00,4.86,364,50000,Q2,254.74,126922.61,7.4,TIME
BIDU,O:BIDU250321C00095000,2025-02-03,09:30:00,3.95,2025-03-03,16:00:00,0.88,253,100000,Q3,-77.72,-77732.1,-2.99,TIME
NKE,O:NKE250321C00080000,2025-02-03,09:30:00,1.8233,2025-02-07,16:00:00,0.65,822,150000,Q4,-64.35,-96549.65,-4.86,STOP
META,O:META250321C00740000,2025-02-07,09:30:00,20.6,2025-02-25,16:00:00,2.0,24,50000,Q2,-90.29,-44667.12,-10.26,STOP
BABA,O:BABA250321C00120000,2025-02-10,09:30:00,3.28,2025-03-10,16:00:00,13.17,609,200000,Q5,301.52,601800.1,23.39,TIME
LRCX,O:LRCX250321C00090000,2025-02-10,09:30:00,2.05,2025-03-10,16:00:00,0.09,487,100000,Q3,-95.61,-95504.11,-11.75,TIME
LI,O:LI250321C00028000,2025-02-11,09:30:00,1.21,2025-03-11,16:00:00,2.62,413,50000,Q2,116.53,58153.91,16.64,TIME
MA,O:MA250321C00585000,2025-02-12,09:30:00,3.4,2025-03-11,16:00:00,0.18,441,150000,Q4,-94.71,-142080.94,-5.47,STOP
PDD,O:PDD250321C00130000,2025-02-12,09:30:00,4.665,2025-03-12,16:00:00,1.72,321,150000,Q4,-63.13,-94636.98,-0.24,TIME
VALE,O:VALE250321C00010000,2025-02-14,09:30:00,0.214,2025-03-14,16:00:00,0.12,7009,150000,Q4,-43.93,-66001.65,1.03,TIME
PARA,O:PARA250321C00012000,2025-02-18,09:30:00,0.15,2025-03-17,16:00:00,0.04,6666,100000,Q3,-73.33,-73389.33,3.08,TIME
T,O:T250321C00027000,2025-02-20,09:30:00,0.2433,2025-03-19,16:00:00,0.15,4109,100000,Q3,-38.36,-38431.48,2.34,TIME
KWEB,O:KWEB250321C00039000,2025-02-21,09:30:00,1.075,2025-03-20,16:00:00,0.02,930,100000,Q3,-98.14,-98165.92,-0.95,TIME
NOC,O:NOC250516C00540000,2025-03-31,09:30:00,11.75,2025-04-22,16:00:00,0.66,85,100000,Q3,-94.38,-94317.74,-7.89,STOP
XLP,O:XLP250516C00084000,2025-04-02,09:30:00,0.66,2025-04-07,16:00:00,0.4,757,50000,Q2,-39.39,-19722.12,-4.57,STOP
AZN,O:AZN250516C00070000,2025-04-07,09:30:00,1.67,2025-04-09,16:00:00,1.7,898,150000,Q4,1.8,2542.69,-2.42,STOP
LCID,O:LCID250516C00002500,2025-04-15,09:30:00,0.27,2025-05-13,16:00:00,0.17,1851,50000,Q2,-37.04,-18550.72,5.47,TIME
SLV,O:SLV250516C00031000,2025-04-15,09:30:00,0.54,2025-05-13,16:00:00,0.04,1851,100000,Q3,-92.59,-92603.68,1.84,TIME
SPCE,O:SPCE250516C00003000,2025-04-17,09:30:00,0.1,2025-05-15,16:00:00,0.45,10000,100000,Q3,350.0,349725.0,32.29,TIME
GME,O:GME250516C00032000,2025-04-21,09:30:00,0.9,2025-05-16,16:00:00,0.01,1111,100000,Q3,-98.89,-98929.55,6.41,TIME
U,O:U250516C00022000,2025-04-21,09:30:00,0.73,2025-05-16,16:00:00,0.76,2054,150000,Q4,4.11,6008.98,21.22,TIME
NIO,O:NIO250620C00005000,2025-04-28,09:30:00,0.205,2025-05-23,16:00:00,0.05,9756,200000,Q5,-75.61,-151342.39,-6.7,TIME
XOM,O:XOM250620C00120000,2025-04-28,09:30:00,0.68,2025-05-23,16:00:00,0.09,1470,100000,Q3,-86.76,-86786.6,-5.36,TIME
RUN,O:RUN250620C00009000,2025-04-29,09:30:00,0.38,2025-05-27,16:00:00,0.24,1315,50000,Q2,-36.84,-18450.77,-4.61,TIME
CHPT,O:CHPT250620C00000500,2025-05-02,09:30:00,0.21,2025-05-30,16:00:00,0.23,2380,50000,Q2,9.52,4707.64,10.31,TIME
MSFT,O:MSFT250620C00475000,2025-05-06,09:30:00,1.7,2025-06-03,16:00:00,2.13,588,100000,Q3,25.29,25171.4,7.01,TIME
MARA,O:MARA250620C00016000,2025-05-07,09:30:00,0.915,2025-06-04,16:00:00,0.74,1092,100000,Q3,-19.13,-19200.36,17.53,TIME
PATH,O:PATH250620C00014000,2025-05-12,09:30:00,0.6,2025-06-09,16:00:00,0.09,2500,150000,Q4,-85.0,-127586.25,1.29,TIME
EEM,O:EEM250620C00047000,2025-05-13,09:30:00,0.52,2025-06-10,16:00:00,0.76,3846,200000,Q5,46.15,92057.86,4.34,TIME
FSLR,O:FSLR250620C00220000,2025-05-15,09:30:00,3.06,2025-05-22,16:00:00,0.39,163,50000,Q2,-87.25,-43549.12,-19.25,STOP
PLTR,O:PLTR250620C00145000,2025-05-15,09:30:00,3.5075,2025-06-12,16:00:00,0.97,285,100000,Q3,-72.34,-72382.55,5.21,TIME
LCID,O:LCID250620C00003000,2025-05-19,09:30:00,0.1167,2025-05-30,16:00:00,0.05,4285,50000,Q2,-57.14,-28602.37,-19.08,STOP
LRCX,O:LRCX250620C00090000,2025-05-19,09:30:00,1.38,2025-06-16,16:00:00,3.5,1449,200000,Q5,153.62,306834.44,12.84,TIME
MCHP,O:MCHP250620C00067000,2025-05-19,09:30:00,0.8,2025-06-16,16:00:00,1.87,1875,150000,Q4,133.75,200374.69,14.25,TIME
VLO,O:VLO250620C00141000,2025-05-19,09:30:00,2.15,2025-06-16,16:00:00,0.75,465,100000,Q3,-65.12,-65167.42,2.69,TIME
XLI,O:XLI250620C00148000,2025-05-19,09:30:00,1.05,2025-06-16,16:00:00,0.07,1904,200000,Q5,-93.33,-186698.62,0.77,TIME
GE,O:GE250620C00240000,2025-05-20,09:30:00,6.0,2025-06-17,16:00:00,1.04,250,150000,Q4,-82.67,-124088.0,0.58,TIME
HOOD,O:HOOD250620C00070000,2025-05-22,09:30:00,3.0133,2025-06-20,16:00:00,8.55,331,100000,Q3,183.74,183072.29,20.86,TIME
SMCI,O:SMCI250620C00048000,2025-05-22,09:30:00,1.77,2025-06-20,16:00:00,0.01,282,50000,Q2,-99.44,-49657.1,8.6,TIME
TTD,O:TTD250620C00083000,2025-05-22,09:30:00,1.21,2025-06-20,16:00:00,0.01,826,100000,Q3,-99.17,-99170.39,-8.39,TIME
TSLA,O:TSLA250620C00370000,2025-05-30,09:30:00,17.9533,2025-06-05,16:00:00,1.03,27,50000,Q2,-94.26,-45718.63,-13.36,STOP
MA,O:MA250718C00600000,2025-06-02,09:30:00,8.11,2025-06-18,16:00:00,0.85,123,100000,Q3,-89.52,-89353.1,-5.94,STOP
QQQ,O:QQQ250718C00540000,2025-06-02,09:30:00,6.124,2025-06-30,16:00:00,16.59,326,200000,Q5,170.9,340821.36,6.55,TIME
ARKK,O:ARKK250718C00063000,2025-06-03,09:30:00,1.13,2025-07-01,16:00:00,7.06,1327,150000,Q4,524.78,786367.59,19.68,TIME
AMC,O:AMC250718C00004000,2025-06-05,09:30:00,0.26,2025-07-03,16:00:00,0.03,3846,100000,Q3,-88.46,-88513.77,-13.33,TIME
META,O:META250718C00710000,2025-06-13,09:30:00,17.0,2025-07-14,16:00:00,15.55,29,50000,Q2,-8.53,-4252.2,4.68,TIME
SWKS,O:SWKS250718C00075000,2025-06-13,09:30:00,1.85,2025-07-14,16:00:00,0.95,540,100000,Q3,-48.65,-48675.6,4.85,TIME
TSM,O:TSM250718C00220000,2025-06-13,09:30:00,6.1433,2025-07-14,16:00:00,11.0,244,150000,Q4,79.06,118293.52,8.73,TIME
BYND,O:BYND250718C00003500,2025-06-16,09:30:00,0.19,2025-07-15,16:00:00,0.04,7894,150000,Q4,-78.95,-118500.78,2.74,TIME
EEM,O:EEM250718C00048000,2025-06-16,09:30:00,0.57,2025-07-15,16:00:00,0.86,1754,100000,Q3,50.88,50740.59,3.08,TIME
ORCL,O:ORCL250718C00230000,2025-06-16,09:30:00,1.9925,2025-07-15,16:00:00,6.25,250,50000,Q2,213.68,106334.47,10.1,TIME
FCX,O:FCX250718C00043000,2025-06-18,09:30:00,1.09,2025-07-17,16:00:00,1.52,458,50000,Q2,39.45,19634.23,7.37,TIME
PANW,O:PANW250718C00207500,2025-06-26,09:30:00,4.48,2025-07-11,16:00:00,0.11,111,50000,Q2,-97.54,-48532.47,-7.87,STOP
COP,O:COP250815C00095000,2025-06-30,09:30:00,1.97,2025-07-28,16:00:00,3.9,507,100000,Q3,97.97,97702.2,8.29,TIME
NKE,O:NKE250815C00085000,2025-07-03,09:30:00,0.61,2025-07-31,16:00:00,0.14,1639,100000,Q3,-77.05,-77094.46,-2.16,TIME
MRNA,O:MRNA250815C00035000,2025-07-09,09:30:00,2.15,2025-08-05,16:00:00,0.05,465,100000,Q3,-97.67,-97701.15,-16.42,TIME
CLF,O:CLF250815C00011000,2025-07-11,09:30:00,0.42,2025-08-07,16:00:00,0.05,4761,200000,Q5,-88.1,-176268.88,-0.94,TIME
JOBY,O:JOBY250815C00016000,2025-07-15,09:30:00,0.5,2025-08-11,16:00:00,1.45,4000,200000,Q5,190.0,379610.0,28.33,TIME
DKNG,O:DKNG250815C00046000,2025-07-16,09:30:00,1.91,2025-08-12,16:00:00,0.04,261,50000,Q2,-97.91,-48832.45,-2.66,TIME
HAL,O:HAL250815C00023000,2025-07-17,09:30:00,0.46,2025-08-13,16:00:00,0.02,4347,200000,Q5,-95.65,-191372.33,0.4,TIME
COIN,O:COIN250815C00450000,2025-07-21,09:30:00,23.3133,2025-08-01,16:00:00,0.31,21,50000,Q2,-98.67,-48331.8,-18.8,STOP
SLV,O:SLV250815C00036000,2025-07-24,09:30:00,0.755,2025-07-30,16:00:00,0.1,1986,150000,Q4,-86.75,-130167.9,-4.59,STOP
RIOT,O:RIOT250919C00016000,2025-07-28,09:30:00,1.27,2025-08-01,16:00:00,0.28,787,100000,Q3,-77.95,-77973.99,-21.69,STOP
XBI,O:XBI250919C00091000,2025-07-30,09:30:00,1.85,2025-08-26,16:00:00,1.63,270,50000,Q2,-11.89,-5986.98,3.36,TIME
DVN,O:DVN250919C00035000,2025-08-11,09:30:00,0.8,2025-09-08,16:00:00,0.45,625,50000,Q2,-43.75,-21914.06,3.63,TIME
PFE,O:PFE250919C00026000,2025-08-15,09:30:00,0.3025,2025-09-12,16:00:00,0.01,1652,50000,Q2,-96.69,-48346.81,-5.45,TIME
XLK,O:XLK250919C00272500,2025-08-18,09:30:00,3.06,2025-09-15,16:00:00,2.58,653,200000,Q5,-15.69,-31528.15,2.9,TIME
REGN,O:REGN250919C00595000,2025-08-19,09:30:00,15.21,2025-09-16,16:00:00,2.45,32,50000,Q2,-83.89,-40860.26,-0.14,TIME
PDD,O:PDD250919C00123000,2025-08-20,09:30:00,4.45,2025-09-17,16:00:00,10.05,112,50000,Q2,125.84,62638.8,13.15,TIME
SOFI,O:SOFI250919C00024500,2025-08-20,09:30:00,0.58,2025-09-17,16:00:00,2.68,1724,100000,Q3,362.07,361758.99,20.94,TIME
VALE,O:VALE250919C00010000,2025-08-21,09:30:00,0.18,2025-09-18,16:00:00,0.85,11111,200000,Q5,372.22,743864.78,11.65,TIME
INTC,O:INTC250919C00027000,2025-08-22,09:30:00,0.62,2025-09-19,16:00:00,2.6,3225,200000,Q5,319.35,638030.78,24.96,TIME
HAL,O:HAL251017C00024000,2025-09-04,09:30:00,0.35,2025-10-01,16:00:00,1.44,5714,200000,Q5,311.43,622314.6,14.9,TIME
SPCE,O:SPCE251017C00003500,2025-09-09,09:30:00,0.32,2025-10-06,16:00:00,0.7,1562,50000,Q2,118.75,59276.34,27.39,TIME
SLV,O:SLV251017C00039000,2025-09-11,09:30:00,0.65,2025-10-08,16:00:00,5.7,3076,200000,Q5,776.92,1552403.37,19.13,TIME
HUT,O:HUT251017C00039000,2025-09-15,09:30:00,2.02,2025-10-10,16:00:00,7.63,990,200000,Q5,277.72,554912.32,31.44,TIME
TLT,O:TLT251017C00092000,2025-09-17,09:30:00,0.8,2025-10-14,16:00:00,0.08,625,50000,Q2,-90.0,-45027.5,0.07,TIME
KWEB,O:KWEB251017C00043000,2025-09-18,09:30:00,1.11,2025-10-10,16:00:00,0.08,900,100000,Q3,-92.79,-92753.55,-5.03,STOP
EEM,O:EEM251017C00054000,2025-09-19,09:30:00,0.5533,2025-10-16,16:00:00,0.45,903,50000,Q2,-18.67,-9376.3,2.01,TIME
LYFT,O:LYFT251017C00025000,2025-09-22,09:30:00,0.72,2025-10-10,16:00:00,0.01,1388,100000,Q3,-98.61,-98598.66,-16.32,STOP
GLD,O:GLD251121C00365000,2025-09-30,09:30:00,5.13,2025-10-27,16:00:00,10.25,389,200000,Q5,99.81,198868.86,4.42,TIME
ELV,O:ELV251121C00370000,2025-10-03,09:30:00,14.56,2025-10-30,16:00:00,1.35,137,200000,Q5,-90.73,-181085.98,-5.76,TIME
SOXL,O:SOXL251121C00048000,2025-10-09,09:30:00,3.91,2025-11-05,16:00:00,3.6,127,50000,Q2,-7.93,-3984.69,9.88,TIME
RIOT,O:RIOT251121C00025000,2025-10-14,09:30:00,1.795,2025-11-07,16:00:00,0.12,835,150000,Q4,-93.31,-139942.45,-20.95,STOP
CLF,O:CLF251121C00015000,2025-10-15,09:30:00,0.97,2025-11-04,16:00:00,0.04,515,50000,Q2,-95.88,-47921.01,-21.38,STOP
AMD,O:AMD251121C00280000,2025-10-20,09:30:00,6.8583,2025-11-14,16:00:00,0.59,218,150000,Q4,-91.4,-136730.85,4.27,TIME
WBD,O:WBD251121C00022000,2025-10-22,09:30:00,0.47,2025-11-18,16:00:00,1.65,2127,100000,Q3,251.06,250760.54,14.45,TIME
HAL,O:HAL251121C00029000,2025-10-23,09:30:00,0.41,2025-11-19,16:00:00,0.02,3658,150000,Q4,-95.12,-142740.65,-1.37,TIME
AA,O:AA251121C00044000,2025-10-27,09:30:00,1.05,2025-11-21,16:00:00,0.04,952,100000,Q3,-96.19,-96203.88,-8.65,TIME
XOM,O:XOM251121C00119000,2025-10-27,09:30:00,1.36,2025-11-21,16:00:00,0.02,1102,150000,Q4,-98.53,-147744.04,1.1,TIME
EEM,O:EEM251219C00058000,2025-11-03,09:30:00,0.46,2025-11-20,16:00:00,0.02,2173,100000,Q3,-95.65,-95664.15,-4.72,STOP
SOXX,O:SOXX251219C00330000,2025-11-05,09:30:00,6.06,2025-11-20,16:00:00,1.41,330,200000,Q5,-76.73,-153573.26,-8.35,STOP
AMGN,O:AMGN251219C00355000,2025-11-13,09:30:00,4.2,2025-12-11,16:00:00,0.15,119,50000,Q2,-96.43,-48220.88,-6.17,TIME
LYFT,O:LYFT251219C00023000,2025-11-19,09:30:00,0.98,2025-12-17,16:00:00,0.01,510,50000,Q2,-98.98,-49495.24,-11.5,TIME
CSCO,O:CSCO251219C00080000,2025-11-21,09:30:00,0.845,2025-12-19,16:00:00,0.01,1775,150000,Q4,-98.82,-148288.38,3.57,TIME
JNJ,O:JNJ251219C00210000,2025-11-21,09:30:00,1.9633,2025-12-19,16:00:00,0.02,509,100000,Q3,-98.98,-98966.14,1.08,TIME
LULU,O:LULU260116C00195000,2025-12-01,09:30:00,11.2,2025-12-29,16:00:00,19.48,133,150000,Q4,73.93,109919.98,17.19,TIME
GLD,O:GLD260116C00400000,2025-12-02,09:30:00,7.5533,2025-12-30,16:00:00,8.5,66,50000,Q2,12.53,6195.02,2.47,TIME
GEHC,O:GEHC260116C00090000,2025-12-05,09:30:00,1.25,2026-01-05,16:00:00,0.3,1600,200000,Q5,-76.0,-152124.0,2.47,TIME
LUV,O:LUV260116C00040000,2025-12-08,09:30:00,1.05,2026-01-06,16:00:00,2.81,952,100000,Q3,167.62,167368.26,11.39,TIME
AAL,O:AAL260116C00016000,2025-12-10,09:30:00,0.48,2026-01-08,16:00:00,0.39,3125,150000,Q4,-18.75,-28260.94,4.83,TIME
MDB,O:MDB260116C00470000,2025-12-15,09:30:00,3.06,2026-01-13,16:00:00,0.05,163,50000,Q2,-98.37,-49088.35,-2.38,TIME
MCD,O:MCD260116C00330000,2025-12-18,09:30:00,2.0,2026-01-06,16:00:00,0.03,500,100000,Q3,-98.5,-98550.75,-6.33,STOP
XLP,O:XLP260116C00079000,2025-12-22,09:30:00,0.65,2026-01-08,16:00:00,0.26,769,50000,Q2,-60.0,-30025.99,-1.96,STOP
AXP,O:AXP260116C00392500,2025-12-23,09:30:00,4.55,2026-01-14,16:00:00,0.15,329,150000,Q4,-96.7,-144837.32,-7.12,STOP
COF,O:COF260116C00252500,2025-12-24,09:30:00,3.4,2026-01-12,16:00:00,0.24,294,100000,Q3,-92.94,-92957.51,-6.89,STOP
AMGN,O:AMGN260220C00340000,2026-01-02,09:30:00,8.15,2026-01-30,16:00:00,9.26,61,50000,Q2,13.62,6717.9,3.88,TIME
XLF,O:XLF260220C00058000,2026-01-06,09:30:00,0.495,2026-01-23,16:00:00,0.03,4040,200000,Q5,-93.94,-187966.05,-5.7,STOP
XLE,O:XLE260220C00049000,2026-01-09,09:30:00,0.618,2026-02-06,16:00:00,4.49,809,50000,Q2,626.54,313038.18,13.8,TIME
XLP,O:XLP260220C00084000,2026-01-16,09:30:00,0.68,2026-02-13,16:00:00,5.7,1470,100000,Q3,738.24,737471.07,8.85,TIME
CMCSA,O:CMCSA260220C00030000,2026-01-21,09:30:00,0.678,2026-02-18,16:00:00,1.68,2949,200000,Q5,147.79,295142.11,12.41,TIME
HON,O:HON260220C00230000,2026-01-22,09:30:00,2.88,2026-02-19,16:00:00,10.81,694,200000,Q5,275.35,549866.96,9.34,TIME
GLD,O:GLD260220C00475000,2026-01-23,09:30:00,6.68,2026-02-20,16:00:00,0.05,299,200000,Q5,-99.25,-198337.61,3.09,TIME
JNJ,O:JNJ260220C00225000,2026-01-23,09:30:00,2.52,2026-02-20,16:00:00,18.18,396,100000,Q3,621.43,619726.14,10.22,TIME
OXY,O:OXY260220C00046000,2026-01-23,09:30:00,0.83,2026-02-20,16:00:00,5.66,1807,150000,Q4,581.93,872194.63,18.27,TIME
ZTS,O:ZTS260320C00130000,2026-02-02,09:30:00,4.7,2026-03-02,16:00:00,3.12,319,150000,Q4,-33.62,-50526.73,3.88,TIME
ZM,O:ZM260320C00105000,2026-02-09,09:30:00,1.96,2026-02-26,16:00:00,0.04,1020,200000,Q5,-97.96,-195942.0,-15.88,STOP
EEM,O:EEM260320C00063000,2026-02-13,09:30:00,0.71,2026-03-03,16:00:00,0.35,2112,150000,Q4,-50.7,-76143.94,-4.48,STOP
XOP,O:XOP260320C00155000,2026-02-18,09:30:00,2.75,2026-03-17,16:00:00,15.65,727,200000,Q5,469.09,937161.16,15.81,TIME
MCD,O:MCD260320C00340000,2026-02-25,09:30:00,2.38,2026-03-18,16:00:00,0.01,630,150000,Q4,-99.58,-149385.28,-5.03,STOP
XLU,O:XLU260320C00049000,2026-02-27,09:30:00,0.28,2026-03-20,16:00:00,0.01,7142,200000,Q5,-96.43,-192937.56,-5.42,STOP
AMGN,O:AMGN260417C00415000,2026-03-02,09:30:00,5.8,2026-03-18,16:00:00,0.74,86,50000,Q2,-87.24,-43544.12,-9.36,STOP
HAL,O:HAL260417C00038000,2026-03-02,09:30:00,1.4167,2026-03-27,16:00:00,3.11,352,50000,Q2,119.53,59525.66,9.06,TIME
SYK,O:SYK260417C00400000,2026-03-02,09:30:00,5.8,2026-03-11,16:00:00,0.53,258,150000,Q4,-90.86,-136047.66,-7.26,STOP
