date,n_positions_open,realized_pnl_today,cumulative_pnl,current_drawdown,max_drawdown_to_date
2020-01-07,1,0.0,0.0,0.0,0.0
2020-01-08,2,0.0,0.0,0.0,0.0
2020-01-09,3,0.0,0.0,0.0,0.0
2020-01-10,5,0.0,0.0,0.0,0.0
2020-01-13,6,0.0,0.0,0.0,0.0
2020-01-14,8,0.0,0.0,0.0,0.0
2020-01-15,10,0.0,0.0,0.0,0.0
2020-01-16,12,0.0,0.0,0.0,0.0
2020-01-17,13,0.0,0.0,0.0,0.0
2020-01-21,14,-74474.04,-74474.04,74474.04,74474.04
2020-01-22,14,0.0,-74474.04,74474.04,74474.04
2020-01-23,18,0.0,-74474.04,74474.04,74474.04
2020-01-24,20,-92466.86,-166940.9,166940.9,166940.9
2020-01-27,24,-275882.46,-442823.36,442823.36,442823.36
2020-01-28,23,0.0,-442823.36,442823.36,442823.36
2020-01-29,25,0.0,-442823.36,442823.36,442823.36
2020-01-30,28,-150346.25,-593169.61,593169.61,593169.61
2020-01-31,26,-31925.95,-625095.56,625095.56,625095.56
2020-02-03,29,0.0,-625095.56,625095.56,625095.56
2020-02-04,34,0.0,-625095.56,625095.56,625095.56
2020-02-05,35,0.0,-625095.56,625095.56,625095.56
2020-02-06,37,15968.99,-609126.57,609126.57,625095.56
2020-02-07,38,31676.54,-577450.03,577450.03,625095.56
2020-02-10,39,102500.29,-474949.74,474949.74,625095.56
2020-02-11,39,353432.49,-121517.25,121517.25,625095.56
2020-02-12,38,62950.86,-58566.39,58566.39,625095.56
2020-02-13,40,0.0,-58566.39,58566.39,625095.56
2020-02-14,42,-53521.05,-112087.44,112087.44,625095.56
2020-02-18,42,0.0,-112087.44,112087.44,625095.56
2020-02-19,43,53619.81,-58467.63,58467.63,625095.56
2020-02-20,44,127683.64,69216.01,0.0,625095.56
2020-02-21,44,73918.64,143134.65,0.0,625095.56
2020-02-24,44,-650597.73,-507463.08,650597.73,650597.73
2020-02-25,35,-476375.08,-983838.16,1126972.81,1126972.81
2020-02-26,27,-147786.7,-1131624.86,1274759.51,1274759.51
2020-02-27,26,-489347.01,-1620971.87,1764106.52,1764106.52
2020-02-28,20,-299820.88,-1920792.75,2063927.4,2063927.4
2020-03-02,18,30614.55,-1890178.2,2033312.85,2063927.4
2020-03-03,17,366521.53,-1523656.67,1666791.32,2063927.4
2020-03-04,17,2004.68,-1521651.99,1664786.64,2063927.4
2020-03-05,18,0.0,-1521651.99,1664786.64,2063927.4
2020-03-06,20,-168903.16,-1690555.15,1833689.8,2063927.4
2020-03-09,21,-392270.44,-2082825.59,2225960.24,2225960.24
2020-03-10,19,160150.82,-1922674.77,2065809.42,2225960.24
2020-03-11,20,-383002.97,-2305677.74,2448812.39,2448812.39
2020-03-12,19,-1505940.57,-3811618.31,3954752.96,3954752.96
2020-03-13,11,0.0,-3811618.31,3954752.96,3954752.96
2020-03-16,13,-571587.13,-4383205.44,4526340.09,4526340.09
2020-03-17,12,0.0,-4383205.44,4526340.09,4526340.09
2020-03-18,14,-43436.99,-4426642.43,4569777.08,4569777.08
2020-03-19,14,0.0,-4426642.43,4569777.08,4569777.08
2020-03-20,15,-88182.87,-4514825.3,4657959.95,4657959.95
2020-03-23,15,0.0,-4514825.3,4657959.95,4657959.95
2020-03-24,16,0.0,-4514825.3,4657959.95,4657959.95
2020-03-25,17,-111396.56,-4626221.86,4769356.51,4769356.51
2020-03-26,16,0.0,-4626221.86,4769356.51,4769356.51
2020-03-27,16,9151.45,-4617070.41,4760205.06,4769356.51
2020-03-30,16,1212440.88,-3404629.53,3547764.18,4769356.51
2020-03-31,16,68989.91,-3335639.62,3478774.27,4769356.51
2020-04-01,16,0.0,-3335639.62,3478774.27,4769356.51
2020-04-02,16,0.0,-3335639.62,3478774.27,4769356.51
2020-04-03,17,-307689.92,-3643329.54,3786464.19,4769356.51
2020-04-06,16,0.0,-3643329.54,3786464.19,4769356.51
2020-04-07,17,21242.97,-3622086.57,3765221.22,4769356.51
2020-04-08,17,730082.68,-2892003.89,3035138.54,4769356.51
2020-04-09,17,319352.49,-2572651.4,2715786.05,4769356.51
2020-04-13,16,668037.68,-1904613.72,2047748.37,4769356.51
2020-04-14,16,83752.98,-1820860.74,1963995.39,4769356.51
2020-04-15,16,390750.04,-1430110.7,1573245.35,4769356.51
2020-04-16,17,428886.12,-1001224.58,1144359.23,4769356.51
2020-04-17,17,281553.78,-719670.8,862805.45,4769356.51
2020-04-20,18,279655.36,-440015.44,583150.09,4769356.51
2020-04-21,19,64419.69,-375595.75,518730.4,4769356.51
2020-04-22,20,267892.49,-107703.26,250837.91,4769356.51
2020-04-23,19,0.0,-107703.26,250837.91,4769356.51
2020-04-24,21,0.0,-107703.26,250837.91,4769356.51
2020-04-27,23,145894.64,38191.38,104943.27,4769356.51
2020-04-28,23,21122.71,59314.09,83820.56,4769356.51
2020-04-29,24,-126933.59,-67619.5,210754.15,4769356.51
2020-04-30,24,0.0,-67619.5,210754.15,4769356.51
2020-05-01,25,66189.79,-1429.71,144564.36,4769356.51
2020-05-04,25,0.0,-1429.71,144564.36,4769356.51
2020-05-05,25,9990.97,8561.26,134573.39,4769356.51
2020-05-06,25,-10382.98,-1821.72,144956.37,4769356.51
2020-05-07,26,71010.13,69188.41,73946.24,4769356.51
2020-05-08,26,0.0,69188.41,73946.24,4769356.51
2020-05-11,27,113446.25,182634.66,0.0,4769356.51
2020-05-12,25,-18656.56,163978.1,18656.56,4769356.51
2020-05-13,25,-16793.27,147184.83,35449.83,4769356.51
2020-05-14,24,37884.3,185069.13,0.0,4769356.51
2020-05-15,25,-27078.86,157990.27,27078.86,4769356.51
2020-05-18,25,24348.1,182338.37,2730.76,4769356.51
2020-05-19,25,651599.7,833938.07,0.0,4769356.51
2020-05-20,25,0.0,833938.07,0.0,4769356.51
2020-05-21,26,254932.11,1088870.18,0.0,4769356.51
2020-05-22,26,514.23,1089384.41,0.0,4769356.51
2020-05-26,24,-11428.62,1077955.79,11428.62,4769356.51
2020-05-27,25,62635.97,1140591.76,0.0,4769356.51
2020-05-28,27,-48527.36,1092064.4,48527.36,4769356.51
2020-05-29,29,250969.61,1343034.01,0.0,4769356.51
2020-06-01,32,381924.94,1724958.95,0.0,4769356.51
2020-06-02,33,0.0,1724958.95,0.0,4769356.51
2020-06-03,34,232858.23,1957817.18,0.0,4769356.51
2020-06-04,37,132093.09,2089910.27,0.0,4769356.51
2020-06-05,40,484470.94,2574381.21,0.0,4769356.51
2020-06-08,41,92016.5,2666397.71,0.0,4769356.51
2020-06-09,42,0.0,2666397.71,0.0,4769356.51
2020-06-10,46,173282.54,2839680.25,0.0,4769356.51
2020-06-11,47,-32634.24,2807046.01,32634.24,4769356.51
2020-06-12,46,120088.13,2927134.14,0.0,4769356.51
2020-06-15,46,-11888.12,2915246.02,11888.12,4769356.51
2020-06-16,47,87113.72,3002359.74,0.0,4769356.51
2020-06-17,46,52528.76,3054888.5,0.0,4769356.51
2020-06-18,48,115114.42,3170002.92,0.0,4769356.51
2020-06-19,48,300434.85,3470437.77,0.0,4769356.51
2020-06-22,47,0.0,3470437.77,0.0,4769356.51
2020-06-23,49,249495.05,3719932.82,0.0,4769356.51
2020-06-24,49,116324.27,3836257.09,0.0,4769356.51
2020-06-25,47,79480.56,3915737.65,0.0,4769356.51
2020-06-26,46,-247907.26,3667830.39,247907.26,4769356.51
2020-06-29,43,-2617.6,3665212.79,250524.86,4769356.51
2020-06-30,41,-26870.79,3638342.0,277395.65,4769356.51
2020-07-01,42,-138918.9,3499423.1,416314.55,4769356.51
2020-07-02,39,26013.74,3525436.84,390300.81,4769356.51
2020-07-06,35,26298.65,3551735.49,364002.16,4769356.51
2020-07-07,36,-3735.26,3548000.23,367737.42,4769356.51
2020-07-08,38,-16226.77,3531773.46,383964.19,4769356.51
2020-07-09,37,-66046.76,3465726.7,450010.95,4769356.51
2020-07-10,38,496540.07,3962266.77,0.0,4769356.51
2020-07-13,37,460532.7,4422799.47,0.0,4769356.51
2020-07-14,37,637327.5,5060126.97,0.0,4769356.51
2020-07-15,36,7249.0,5067375.97,0.0,4769356.51
2020-07-16,39,1254945.2,6322321.17,0.0,4769356.51
2020-07-17,36,-214923.88,6107397.29,214923.88,4769356.51
2020-07-20,36,-42012.96,6065384.33,256936.84,4769356.51
2020-07-21,37,70079.27,6135463.6,186857.57,4769356.51
2020-07-22,36,66304.48,6201768.08,120553.09,4769356.51
2020-07-23,36,39386.5,6241154.58,81166.59,4769356.51
2020-07-24,37,-31096.83,6210057.75,112263.42,4769356.51
2020-07-27,36,-11348.9,6198708.85,123612.32,4769356.51
2020-07-28,35,73014.84,6271723.69,50597.48,4769356.51
2020-07-29,36,208293.99,6480017.68,0.0,4769356.51
2020-07-30,36,87919.1,6567936.78,0.0,4769356.51
2020-07-31,37,-77610.46,6490326.32,77610.46,4769356.51
2020-08-03,38,57442.57,6547768.89,20167.89,4769356.51
2020-08-04,38,238877.26,6786646.15,0.0,4769356.51
2020-08-05,37,-7576.0,6779070.15,7576.0,4769356.51
2020-08-06,37,9408.91,6788479.06,0.0,4769356.51
2020-08-07,38,16227.62,6804706.68,0.0,4769356.51
2020-08-10,38,350845.28,7155551.96,0.0,4769356.51
2020-08-11,36,10355.62,7165907.58,0.0,4769356.51
2020-08-12,36,734401.92,7900309.5,0.0,4769356.51
2020-08-13,35,81811.62,7982121.12,0.0,4769356.51
2020-08-14,35,213304.91,8195426.03,0.0,4769356.51
2020-08-17,35,22758.94,8218184.97,0.0,4769356.51
2020-08-18,33,22054.72,8240239.69,0.0,4769356.51
2020-08-19,34,20750.35,8260990.04,0.0,4769356.51
2020-08-20,33,-163717.92,8097272.12,163717.92,4769356.51
2020-08-21,32,205817.65,8303089.77,0.0,4769356.51
2020-08-24,31,0.0,8303089.77,0.0,4769356.51
2020-08-25,31,125266.66,8428356.43,0.0,4769356.51
2020-08-26,32,37868.76,8466225.19,0.0,4769356.51
2020-08-27,31,20436.94,8486662.13,0.0,4769356.51
2020-08-28,29,387696.0,8874358.13,0.0,4769356.51
2020-08-31,28,93784.86,8968142.99,0.0,4769356.51
2020-09-01,27,45740.3,9013883.29,0.0,4769356.51
2020-09-02,25,116428.89,9130312.18,0.0,4769356.51
2020-09-03,25,-80249.14,9050063.04,80249.14,4769356.51
2020-09-04,27,-331409.52,8718653.52,411658.66,4769356.51
2020-09-08,26,0.0,8718653.52,411658.66,4769356.51
2020-09-09,27,-190666.21,8527987.31,602324.87,4769356.51
2020-09-10,26,-123088.36,8404898.95,725413.23,4769356.51
2020-09-11,25,-187115.06,8217783.89,912528.29,4769356.51
2020-09-14,25,52711.44,8270495.33,859816.85,4769356.51
2020-09-15,27,0.0,8270495.33,859816.85,4769356.51
2020-09-16,29,-14222.58,8256272.75,874039.43,4769356.51
2020-09-17,29,153136.46,8409409.21,720902.97,4769356.51
2020-09-18,30,78104.72,8487513.93,642798.25,4769356.51
2020-09-21,29,-234664.93,8252849.0,877463.18,4769356.51
2020-09-22,27,0.0,8252849.0,877463.18,4769356.51
2020-09-23,30,-34682.39,8218166.61,912145.57,4769356.51
2020-09-24,29,-632250.4,7585916.21,1544395.97,4769356.51
2020-09-25,26,0.0,7585916.21,1544395.97,4769356.51
2020-09-28,27,0.0,7585916.21,1544395.97,4769356.51
2020-09-29,31,-55444.15,7530472.06,1599840.12,4769356.51
2020-09-30,32,-71798.68,7458673.38,1671638.8,4769356.51
2020-10-01,32,17188.65,7475862.03,1654450.15,4769356.51
2020-10-02,35,-60041.61,7415820.42,1714491.76,4769356.51
2020-10-05,34,603643.73,8019464.15,1110848.03,4769356.51
2020-10-06,32,0.0,8019464.15,1110848.03,4769356.51
2020-10-07,34,0.0,8019464.15,1110848.03,4769356.51
2020-10-08,36,25212.07,8044676.22,1085635.96,4769356.51
2020-10-09,39,45756.43,8090432.65,1039879.53,4769356.51
2020-10-12,38,119117.34,8209549.99,920762.19,4769356.51
2020-10-13,38,90996.3,8300546.29,829765.89,4769356.51
2020-10-14,37,-67768.42,8232777.87,897534.31,4769356.51
2020-10-15,38,6770.17,8239548.04,890764.14,4769356.51
2020-10-16,39,0.0,8239548.04,890764.14,4769356.51
2020-10-19,42,80736.54,8320284.58,810027.6,4769356.51
2020-10-20,43,178976.3,8499260.88,631051.3,4769356.51
2020-10-21,42,96566.98,8595827.86,534484.32,4769356.51
2020-10-22,41,7769.92,8603597.78,526714.4,4769356.51
2020-10-23,40,-34063.78,8569534.0,560778.18,4769356.51
2020-10-26,41,-447102.71,8122431.29,1007880.89,4769356.51
2020-10-27,36,-323306.04,7799125.25,1331186.93,4769356.51
2020-10-28,34,-12020.88,7787104.37,1343207.81,4769356.51
2020-10-29,33,-468525.08,7318579.29,1811732.89,4769356.51
2020-10-30,29,-156380.58,7162198.71,1968113.47,4769356.51
2020-11-02,29,-158300.4,7003898.31,2126413.87,4769356.51
2020-11-03,29,-261787.9,6742110.41,2388201.77,4769356.51
2020-11-04,26,-32097.27,6710013.14,2420299.04,4769356.51
2020-11-05,27,-47741.08,6662272.06,2468040.12,4769356.51
2020-11-06,27,0.0,6662272.06,2468040.12,4769356.51
2020-11-09,29,-2722.74,6659549.32,2470762.86,4769356.51
2020-11-10,29,-125107.3,6534442.02,2595870.16,4769356.51
2020-11-11,31,327641.83,6862083.85,2268228.33,4769356.51
2020-11-12,29,157777.63,7019861.48,2110450.7,4769356.51
2020-11-13,29,0.0,7019861.48,2110450.7,4769356.51
2020-11-16,32,393522.48,7413383.96,1716928.22,4769356.51
2020-11-17,31,0.0,7413383.96,1716928.22,4769356.51
2020-11-18,33,-61569.87,7351814.09,1778498.09,4769356.51
2020-11-19,34,0.0,7351814.09,1778498.09,4769356.51
2020-11-20,36,351195.15,7703009.24,1427302.94,4769356.51
2020-11-23,35,309553.3,8012562.54,1117749.64,4769356.51
2020-11-24,36,0.0,8012562.54,1117749.64,4769356.51
2020-11-25,38,828363.5,8840926.04,289386.14,4769356.51
2020-11-27,37,718926.64,9559852.68,0.0,4769356.51
2020-11-30,39,452936.76,10012789.44,0.0,4769356.51
2020-12-01,41,168311.78,10181101.22,0.0,4769356.51
2020-12-02,41,108936.71,10290037.93,0.0,4769356.51
2020-12-03,42,794169.49,11084207.42,0.0,4769356.51
2020-12-04,41,531358.64,11615566.06,0.0,4769356.51
2020-12-07,39,111235.8,11726801.86,0.0,4769356.51
2020-12-08,40,305751.49,12032553.35,0.0,4769356.51
2020-12-09,39,63455.75,12096009.1,0.0,4769356.51
2020-12-10,38,355543.2,12451552.3,0.0,4769356.51
2020-12-11,38,238282.68,12689834.98,0.0,4769356.51
2020-12-14,37,158192.63,12848027.61,0.0,4769356.51
2020-12-15,36,289420.04,13137447.65,0.0,4769356.51
2020-12-16,36,252952.17,13390399.82,0.0,4769356.51
2020-12-17,36,342171.78,13732571.6,0.0,4769356.51
2020-12-18,35,186046.97,13918618.57,0.0,4769356.51
2020-12-21,35,56464.79,13975083.36,0.0,4769356.51
2020-12-22,34,826464.95,14801548.31,0.0,4769356.51
2020-12-23,33,-56742.05,14744806.26,56742.05,4769356.51
2020-12-24,33,16208.88,14761015.14,40533.17,4769356.51
2020-12-28,31,-52214.39,14708800.75,92747.56,4769356.51
2020-12-29,30,938835.62,15647636.37,0.0,4769356.51
2020-12-30,28,59354.89,15706991.26,0.0,4769356.51
2020-12-31,29,-303504.02,15403487.24,303504.02,4769356.51
2021-01-04,28,43799.94,15447287.18,259704.08,4769356.51
2021-01-05,27,0.0,15447287.18,259704.08,4769356.51
2021-01-06,28,59426.01,15506713.19,200278.07,4769356.51
2021-01-07,26,51652.94,15558366.13,148625.13,4769356.51
2021-01-08,27,425169.66,15983535.79,0.0,4769356.51
2021-01-11,26,70816.71,16054352.5,0.0,4769356.51
2021-01-12,27,56781.45,16111133.95,0.0,4769356.51
2021-01-13,27,164505.75,16275639.7,0.0,4769356.51
2021-01-14,27,165684.16,16441323.86,0.0,4769356.51
2021-01-15,27,1245092.78,17686416.64,0.0,4769356.51
2021-01-19,25,5455.39,17691872.03,0.0,4769356.51
2021-01-20,25,377879.34,18069751.37,0.0,4769356.51
2021-01-21,25,-16360.25,18053391.12,16360.25,4769356.51
2021-01-22,24,59981.74,18113372.86,0.0,4769356.51
2021-01-25,24,-202975.88,17910396.98,202975.88,4769356.51
2021-01-26,20,0.0,17910396.98,202975.88,4769356.51
2021-01-27,22,-226327.57,17684069.41,429303.45,4769356.51
2021-01-28,20,0.0,17684069.41,429303.45,4769356.51
2021-01-29,22,33771.75,17717841.16,395531.7,4769356.51
2021-02-01,22,23036.25,17740877.41,372495.45,4769356.51
2021-02-02,24,-463691.48,17277185.93,836186.93,4769356.51
2021-02-03,23,958945.74,18236131.67,0.0,4769356.51
2021-02-04,25,-14857.44,18221274.23,14857.44,4769356.51
2021-02-05,26,-99540.28,18121733.95,114397.72,4769356.51
2021-02-08,27,82898.97,18204632.92,31498.75,4769356.51
2021-02-09,27,149485.92,18354118.84,0.0,4769356.51
2021-02-10,26,0.0,18354118.84,0.0,4769356.51
2021-02-11,27,70485.65,18424604.49,0.0,4769356.51
2021-02-12,28,38155.1,18462759.59,0.0,4769356.51
2021-02-16,30,0.0,18462759.59,0.0,4769356.51
2021-02-17,32,60952.73,18523712.32,0.0,4769356.51
2021-02-18,33,101749.0,18625461.32,0.0,4769356.51
2021-02-19,32,0.0,18625461.32,0.0,4769356.51
2021-02-22,33,63936.92,18689398.24,0.0,4769356.51
2021-02-23,33,-245746.29,18443651.95,245746.29,4769356.51
2021-02-24,32,136467.26,18580119.21,109279.03,4769356.51
2021-02-25,34,-67911.67,18512207.54,177190.7,4769356.51
2021-02-26,39,89043.48,18601251.02,88147.22,4769356.51
2021-03-01,38,34553.29,18635804.31,53593.93,4769356.51
2021-03-02,38,131812.85,18767617.16,0.0,4769356.51
2021-03-03,36,0.0,18767617.16,0.0,4769356.51
2021-03-04,38,-514471.1,18253146.06,514471.1,4769356.51
2021-03-05,33,-82824.58,18170321.48,597295.68,4769356.51
2021-03-08,32,133594.37,18303915.85,463701.31,4769356.51
2021-03-09,31,87888.34,18391804.19,375812.97,4769356.51
2021-03-10,30,106603.31,18498407.5,269209.66,4769356.51
2021-03-11,31,0.0,18498407.5,269209.66,4769356.51
2021-03-12,32,-72313.04,18426094.46,341522.7,4769356.51
2021-03-15,30,0.0,18426094.46,341522.7,4769356.51
2021-03-16,32,116018.51,18542112.97,225504.19,4769356.51
2021-03-17,31,113149.44,18655262.41,112354.75,4769356.51
2021-03-18,30,19047.57,18674309.98,93307.18,4769356.51
2021-03-19,29,64357.7,18738667.68,28949.48,4769356.51
2021-03-22,31,-30309.2,18708358.48,59258.68,4769356.51
2021-03-23,31,-41223.77,18667134.71,100482.45,4769356.51
2021-03-24,32,-48615.62,18618519.09,149098.07,4769356.51
2021-03-25,30,179551.51,18798070.6,0.0,4769356.51
2021-03-26,26,11564.85,18809635.45,0.0,4769356.51
2021-03-29,26,75558.67,18885194.12,0.0,4769356.51
2021-03-30,28,23356.24,18908550.36,0.0,4769356.51
2021-03-31,29,-37659.21,18870891.15,37659.21,4769356.51
2021-04-01,27,-13266.54,18857624.61,50925.75,4769356.51
2021-04-05,27,55889.55,18913514.16,0.0,4769356.51
2021-04-06,27,-143429.87,18770084.29,143429.87,4769356.51
2021-04-07,26,0.0,18770084.29,143429.87,4769356.51
2021-04-08,27,164129.6,18934213.89,0.0,4769356.51
2021-04-09,26,-27864.58,18906349.31,27864.58,4769356.51
2021-04-12,29,0.0,18906349.31,27864.58,4769356.51
2021-04-13,30,-78810.42,18827538.89,106675.0,4769356.51
2021-04-14,31,0.0,18827538.89,106675.0,4769356.51
2021-04-15,32,0.0,18827538.89,106675.0,4769356.51
2021-04-16,32,0.0,18827538.89,106675.0,4769356.51
2021-04-19,34,-297629.23,18529909.66,404304.23,4769356.51
2021-04-20,32,78477.58,18608387.24,325826.65,4769356.51
2021-04-21,31,103865.2,18712252.44,221961.45,4769356.51
2021-04-22,30,-1042.58,18711209.86,223004.03,4769356.51
2021-04-23,31,-69959.67,18641250.19,292963.7,4769356.51
2021-04-26,31,82063.55,18723313.74,210900.15,4769356.51
2021-04-27,30,214249.76,18937563.5,0.0,4769356.51
2021-04-28,29,21.71,18937585.21,0.0,4769356.51
2021-04-29,28,-98271.8,18839313.41,98271.8,4769356.51
2021-04-30,28,84421.58,18923734.99,13850.22,4769356.51
2021-05-03,28,-77620.14,18846114.85,91470.36,4769356.51
2021-05-04,29,8404.24,18854519.09,83066.12,4769356.51
2021-05-05,31,275586.45,19130105.54,0.0,4769356.51
2021-05-06,32,-2594.6,19127510.94,2594.6,4769356.51
2021-05-07,33,173844.96,19301355.9,0.0,4769356.51
2021-05-10,31,21473.23,19322829.13,0.0,4769356.51
2021-05-11,31,-244717.44,19078111.69,244717.44,4769356.51
2021-05-12,26,-40841.63,19037270.06,285559.07,4769356.51
2021-05-13,24,0.0,19037270.06,285559.07,4769356.51
2021-05-14,27,88241.18,19125511.24,197317.89,4769356.51
2021-05-17,28,0.0,19125511.24,197317.89,4769356.51
2021-05-18,30,-36826.98,19088684.26,234144.87,4769356.51
2021-05-19,30,-24573.58,19064110.68,258718.45,4769356.51
2021-05-20,28,0.0,19064110.68,258718.45,4769356.51
2021-05-21,30,-60223.49,19003887.19,318941.94,4769356.51
2021-05-24,29,123065.3,19126952.49,195876.64,4769356.51
2021-05-25,28,146612.97,19273565.46,49263.67,4769356.51
2021-05-26,29,88288.23,19361853.69,0.0,4769356.51
2021-05-27,29,1631668.31,20993522.0,0.0,4769356.51
2021-05-28,29,83169.21,21076691.21,0.0,4769356.51
2021-06-01,28,-30170.8,21046520.41,30170.8,4769356.51
2021-06-02,27,26350.75,21072871.16,3820.05,4769356.51
2021-06-03,26,65404.72,21138275.88,0.0,4769356.51
2021-06-04,25,-3941.43,21134334.45,3941.43,4769356.51
2021-06-07,25,143013.59,21277348.04,0.0,4769356.51
2021-06-08,24,-21206.04,21256142.0,21206.04,4769356.51
2021-06-09,24,0.0,21256142.0,21206.04,4769356.51
2021-06-10,26,0.0,21256142.0,21206.04,4769356.51
2021-06-11,27,81737.71,21337879.71,0.0,4769356.51
2021-06-14,25,129863.14,21467742.85,0.0,4769356.51
2021-06-15,22,-7446.74,21460296.11,7446.74,4769356.51
2021-06-16,23,404477.73,21864773.84,0.0,4769356.51
2021-06-17,22,-195886.29,21668887.55,195886.29,4769356.51
2021-06-18,24,30955.38,21699842.93,164930.91,4769356.51
2021-06-21,25,0.0,21699842.93,164930.91,4769356.51
2021-06-22,26,0.0,21699842.93,164930.91,4769356.51
2021-06-23,28,123287.68,21823130.61,41643.23,4769356.51
2021-06-24,28,77477.81,21900608.42,0.0,4769356.51
2021-06-25,28,697968.05,22598576.47,0.0,4769356.51
2021-06-28,29,165919.82,22764496.29,0.0,4769356.51
2021-06-29,28,240394.36,23004890.65,0.0,4769356.51
2021-06-30,30,196597.05,23201487.7,0.0,4769356.51
2021-07-01,30,32586.87,23234074.57,0.0,4769356.51
2021-07-02,31,16646.09,23250720.66,0.0,4769356.51
2021-07-06,33,27491.98,23278212.64,0.0,4769356.51
2021-07-07,35,-209688.08,23068524.56,209688.08,4769356.51
2021-07-08,33,-18972.29,23049552.27,228660.37,4769356.51
2021-07-09,32,16396.67,23065948.94,212263.7,4769356.51
2021-07-12,31,112494.33,23178443.27,99769.37,4769356.51
2021-07-13,31,-179006.73,22999436.54,278776.1,4769356.51
2021-07-14,31,-258936.95,22740499.59,537713.05,4769356.51
2021-07-15,31,-239096.0,22501403.59,776809.05,4769356.51
2021-07-16,31,-494544.13,22006859.46,1271353.18,4769356.51
2021-07-19,27,-300529.06,21706330.4,1571882.24,4769356.51
2021-07-20,24,0.0,21706330.4,1571882.24,4769356.51
2021-07-21,25,47141.78,21753472.18,1524740.46,4769356.51
2021-07-22,24,52291.93,21805764.11,1472448.53,4769356.51
2021-07-23,25,102455.32,21908219.43,1369993.21,4769356.51
2021-07-26,26,0.0,21908219.43,1369993.21,4769356.51
2021-07-27,28,0.0,21908219.43,1369993.21,4769356.51
2021-07-28,29,-344371.44,21563847.99,1714364.65,4769356.51
2021-07-29,29,0.0,21563847.99,1714364.65,4769356.51
2021-07-30,30,-154302.78,21409545.21,1868667.43,4769356.51
2021-08-02,29,-223052.73,21186492.48,2091720.16,4769356.51
2021-08-03,28,71704.65,21258197.13,2020015.51,4769356.51
2021-08-04,26,0.0,21258197.13,2020015.51,4769356.51
2021-08-05,28,83721.98,21341919.11,1936293.53,4769356.51
2021-08-06,28,0.0,21341919.11,1936293.53,4769356.51
2021-08-09,29,66218.37,21408137.48,1870075.16,4769356.51
2021-08-10,29,20519.29,21428656.77,1849555.87,4769356.51
2021-08-11,28,-15399.81,21413256.96,1864955.68,4769356.51
2021-08-12,23,22193.17,21435450.13,1842762.51,4769356.51
2021-08-13,22,49276.6,21484726.73,1793485.91,4769356.51
2021-08-16,22,140716.12,21625442.85,1652769.79,4769356.51
2021-08-17,20,0.0,21625442.85,1652769.79,4769356.51
2021-08-18,22,58379.77,21683822.62,1594390.02,4769356.51
2021-08-19,23,34451.14,21718273.76,1559938.88,4769356.51
2021-08-20,23,-2616.56,21715657.2,1562555.44,4769356.51
2021-08-23,24,0.0,21715657.2,1562555.44,4769356.51
2021-08-24,26,22974.04,21738631.24,1539581.4,4769356.51
2021-08-25,25,20617.35,21759248.59,1518964.05,4769356.51
2021-08-26,23,0.0,21759248.59,1518964.05,4769356.51
2021-08-27,24,-125229.85,21634018.74,1644193.9,4769356.51
2021-08-30,25,68935.72,21702954.46,1575258.18,4769356.51
2021-08-31,25,-121881.82,21581072.64,1697140.0,4769356.51
2021-09-01,26,19486.23,21600558.87,1677653.77,4769356.51
2021-09-02,23,37790.38,21638349.25,1639863.39,4769356.51
2021-09-03,24,61223.87,21699573.12,1578639.52,4769356.51
2021-09-07,27,-57944.29,21641628.83,1636583.81,4769356.51
2021-09-08,27,0.0,21641628.83,1636583.81,4769356.51
2021-09-09,28,-51943.85,21589684.98,1688527.66,4769356.51
2021-09-10,28,0.0,21589684.98,1688527.66,4769356.51
2021-09-13,29,-108757.07,21480927.91,1797284.73,4769356.51
2021-09-14,28,41225.75,21522153.66,1756058.98,4769356.51
2021-09-15,28,6208.93,21528362.59,1749850.05,4769356.51
2021-09-16,28,141647.64,21670010.23,1608202.41,4769356.51
2021-09-17,28,-153150.08,21516860.15,1761352.49,4769356.51
2021-09-20,27,-196126.1,21320734.05,1957478.59,4769356.51
2021-09-21,23,-88926.97,21231807.08,2046405.56,4769356.51
2021-09-22,22,-123022.62,21108784.46,2169428.18,4769356.51
2021-09-23,23,0.0,21108784.46,2169428.18,4769356.51
2021-09-24,26,-85305.54,21023478.92,2254733.72,4769356.51
2021-09-27,27,437997.54,21461476.46,1816736.18,4769356.51
2021-09-28,27,-120676.28,21340800.18,1937412.46,4769356.51
2021-09-29,27,-19705.77,21321094.41,1957118.23,4769356.51
2021-09-30,26,-343118.46,20977975.95,2300236.69,4769356.51
2021-10-01,25,58900.64,21036876.59,2241336.05,4769356.51
2021-10-04,26,-437867.92,20599008.67,2679203.97,4769356.51
2021-10-05,28,-63014.75,20535993.92,2742218.72,4769356.51
2021-10-06,28,18408.75,20554402.67,2723809.97,4769356.51
2021-10-07,31,3371.45,20557774.12,2720438.52,4769356.51
2021-10-08,32,0.0,20557774.12,2720438.52,4769356.51
2021-10-11,34,-110173.19,20447600.93,2830611.71,4769356.51
2021-10-12,36,60005.71,20507606.64,2770606.0,4769356.51
2021-10-13,37,0.0,20507606.64,2770606.0,4769356.51
2021-10-14,38,-48495.88,20459110.76,2819101.88,4769356.51
2021-10-15,38,5326.41,20464437.17,2813775.47,4769356.51
2021-10-18,37,173059.85,20637497.02,2640715.62,4769356.51
2021-10-19,38,-98601.61,20538895.41,2739317.23,4769356.51
2021-10-20,38,76515.6,20615411.01,2662801.63,4769356.51
2021-10-21,39,21804.31,20637215.32,2640997.32,4769356.51
2021-10-22,37,-69206.76,20568008.56,2710204.08,4769356.51
2021-10-25,39,-60592.04,20507416.52,2770796.12,4769356.51
2021-10-26,40,60792.05,20568208.57,2710004.07,4769356.51
2021-10-27,39,158118.18,20726326.75,2551885.89,4769356.51
2021-10-28,39,33748.59,20760075.34,2518137.3,4769356.51
2021-10-29,39,378579.98,21138655.32,2139557.32,4769356.51
2021-11-01,40,517046.0,21655701.32,1622511.32,4769356.51
2021-11-02,36,124803.3,21780504.62,1497708.02,4769356.51
2021-11-03,36,710461.55,22490966.17,787246.47,4769356.51
2021-11-04,33,137054.75,22628020.92,650191.72,4769356.51
2021-11-05,33,21401.79,22649422.71,628789.93,4769356.51
2021-11-08,34,24055.77,22673478.48,604734.16,4769356.51
2021-11-09,35,205654.22,22879132.7,399079.94,4769356.51
2021-11-10,36,-67990.24,22811142.46,467070.18,4769356.51
2021-11-11,38,110335.8,22921478.26,356734.38,4769356.51
2021-11-12,39,-2377.69,22919100.57,359112.07,4769356.51
2021-11-15,39,53726.62,22972827.19,305385.45,4769356.51
2021-11-16,40,-156149.87,22816677.32,461535.32,4769356.51
2021-11-17,39,128671.02,22945348.34,332864.3,4769356.51
2021-11-18,40,-124669.89,22820678.45,457534.19,4769356.51
2021-11-19,40,352639.26,23173317.71,104894.93,4769356.51
2021-11-22,39,-64429.35,23108888.36,169324.28,4769356.51
2021-11-23,37,99920.28,23208808.64,69404.0,4769356.51
2021-11-24,36,93330.91,23302139.55,0.0,4769356.51
2021-11-26,36,-230974.04,23071165.51,230974.04,4769356.51
2021-11-29,34,50742.66,23121908.17,180231.38,4769356.51
2021-11-30,31,-301128.11,22820780.06,481359.49,4769356.51
2021-12-01,29,-212936.9,22607843.16,694296.39,4769356.51
2021-12-02,30,140354.56,22748197.72,553941.83,4769356.51
2021-12-03,31,-859449.26,21888748.46,1413391.09,4769356.51
2021-12-06,26,-423707.62,21465040.84,1837098.71,4769356.51
2021-12-07,26,54784.94,21519825.78,1782313.77,4769356.51
2021-12-08,27,101879.31,21621705.09,1680434.46,4769356.51
2021-12-09,25,-53807.82,21567897.27,1734242.28,4769356.51
2021-12-10,23,0.0,21567897.27,1734242.28,4769356.51
2021-12-13,24,0.0,21567897.27,1734242.28,4769356.51
2021-12-14,27,14231.22,21582128.49,1720011.06,4769356.51
2021-12-15,26,-229664.8,21352463.69,1949675.86,4769356.51
2021-12-16,25,-70964.29,21281499.4,2020640.15,4769356.51
2021-12-17,28,65630.63,21347130.03,1955009.52,4769356.51
2021-12-20,29,-66345.78,21280784.25,2021355.3,4769356.51
2021-12-21,30,0.0,21280784.25,2021355.3,4769356.51
2021-12-22,31,61642.63,21342426.88,1959712.67,4769356.51
2021-12-23,31,85472.32,21427899.2,1874240.35,4769356.51
2021-12-27,31,0.0,21427899.2,1874240.35,4769356.51
2021-12-28,32,23104.19,21451003.39,1851136.16,4769356.51
2021-12-29,33,-209031.26,21241972.13,2060167.42,4769356.51
2021-12-30,33,244468.7,21486440.83,1815698.72,4769356.51
2021-12-31,31,112902.83,21599343.66,1702795.89,4769356.51
2022-01-03,30,259515.51,21858859.17,1443280.38,4769356.51
2022-01-04,29,117190.34,21976049.51,1326090.04,4769356.51
2022-01-05,28,49596.93,22025646.44,1276493.11,4769356.51
2022-01-06,28,0.0,22025646.44,1276493.11,4769356.51
2022-01-07,28,18538.24,22044184.68,1257954.87,4769356.51
2022-01-10,28,-54869.06,21989315.62,1312823.93,4769356.51
2022-01-11,29,56274.43,22045590.05,1256549.5,4769356.51
2022-01-12,29,19329.68,22064919.73,1237219.82,4769356.51
2022-01-13,32,11598.55,22076518.28,1225621.27,4769356.51
2022-01-14,32,-29445.58,22047072.7,1255066.85,4769356.51
2022-01-18,30,-92977.12,21954095.58,1348043.97,4769356.51
2022-01-19,28,-39675.82,21914419.76,1387719.79,4769356.51
2022-01-20,29,-25854.63,21888565.13,1413574.42,4769356.51
2022-01-21,30,-396979.4,21491585.73,1810553.82,4769356.51
2022-01-24,30,-558524.38,20933061.35,2369078.2,4769356.51
2022-01-25,26,0.0,20933061.35,2369078.2,4769356.51
2022-01-26,26,-84651.97,20848409.38,2453730.17,4769356.51
2022-01-27,26,-87164.77,20761244.61,2540894.94,4769356.51
2022-01-28,26,-202463.27,20558781.34,2743358.21,4769356.51
2022-01-31,25,170137.92,20728919.26,2573220.29,4769356.51
2022-02-01,24,-36004.57,20692914.69,2609224.86,4769356.51
2022-02-02,23,0.0,20692914.69,2609224.86,4769356.51
2022-02-03,25,0.0,20692914.69,2609224.86,4769356.51
2022-02-04,25,0.0,20692914.69,2609224.86,4769356.51
2022-02-07,26,15423.06,20708337.75,2593801.8,4769356.51
2022-02-08,27,28795.39,20737133.14,2565006.41,4769356.51
2022-02-09,30,-56005.13,20681128.01,2621011.54,4769356.51
2022-02-10,31,224520.57,20905648.58,2396490.97,4769356.51
2022-02-11,30,0.0,20905648.58,2396490.97,4769356.51
2022-02-14,33,272492.71,21178141.29,2123998.26,4769356.51
2022-02-15,32,0.0,21178141.29,2123998.26,4769356.51
2022-02-16,33,-15176.8,21162964.49,2139175.06,4769356.51
2022-02-17,32,219483.29,21382447.78,1919691.77,4769356.51
2022-02-18,31,452677.8,21835125.58,1467013.97,4769356.51
2022-02-22,28,247846.7,22082972.28,1219167.27,4769356.51
2022-02-23,28,0.0,22082972.28,1219167.27,4769356.51
2022-02-24,30,-894753.16,21188219.12,2113920.43,4769356.51
2022-02-25,23,64293.71,21252512.83,2049626.72,4769356.51
2022-02-28,23,116391.01,21368903.84,1933235.71,4769356.51
2022-03-01,21,-350218.68,21018685.16,2283454.39,4769356.51
2022-03-02,18,0.0,21018685.16,2283454.39,4769356.51
2022-03-03,20,-36251.23,20982433.93,2319705.62,4769356.51
2022-03-04,21,-979740.64,20002693.29,3299446.26,4769356.51
2022-03-07,16,-85622.54,19917070.75,3385068.8,4769356.51
2022-03-08,16,0.0,19917070.75,3385068.8,4769356.51
2022-03-09,17,0.0,19917070.75,3385068.8,4769356.51
2022-03-10,19,0.0,19917070.75,3385068.8,4769356.51
2022-03-11,20,0.0,19917070.75,3385068.8,4769356.51
2022-03-14,22,-190668.68,19726402.07,3575737.48,4769356.51
2022-03-15,21,-213973.66,19512428.41,3789711.14,4769356.51
2022-03-16,21,0.0,19512428.41,3789711.14,4769356.51
2022-03-17,21,0.0,19512428.41,3789711.14,4769356.51
2022-03-18,21,38257.4,19550685.81,3751453.74,4769356.51
2022-03-21,20,0.0,19550685.81,3751453.74,4769356.51
2022-03-22,22,39798.35,19590484.16,3711655.39,4769356.51
2022-03-23,23,42229.54,19632713.7,3669425.85,4769356.51
2022-03-24,23,-71836.12,19560877.58,3741261.97,4769356.51
2022-03-25,23,125395.35,19686272.93,3615866.62,4769356.51
2022-03-28,24,0.0,19686272.93,3615866.62,4769356.51
2022-03-29,25,0.0,19686272.93,3615866.62,4769356.51
2022-03-30,25,45070.13,19731343.06,3570796.49,4769356.51
2022-03-31,24,475501.48,20206844.54,3095295.01,4769356.51
2022-04-01,23,0.0,20206844.54,3095295.01,4769356.51
2022-04-04,25,520351.28,20727195.82,2574943.73,4769356.51
2022-04-05,25,22304.82,20749500.64,2552638.91,4769356.51
2022-04-06,26,252515.31,21002015.95,2300123.6,4769356.51
2022-04-07,25,0.0,21002015.95,2300123.6,4769356.51
2022-04-08,28,-226784.37,20775231.58,2526907.97,4769356.51
2022-04-11,27,65168.06,20840399.64,2461739.91,4769356.51
2022-04-12,28,24290.96,20864690.6,2437448.95,4769356.51
2022-04-13,30,0.0,20864690.6,2437448.95,4769356.51
2022-04-14,31,0.0,20864690.6,2437448.95,4769356.51
2022-04-18,33,-196057.1,20668633.5,2633506.05,4769356.51
2022-04-19,32,83129.25,20751762.75,2550376.8,4769356.51
2022-04-20,32,-94966.8,20656795.95,2645343.6,4769356.51
2022-04-21,32,-548582.8,20108213.15,3193926.4,4769356.51
2022-04-22,29,-81714.75,20026498.4,3275641.15,4769356.51
2022-04-25,30,-469054.63,19557443.77,3744695.78,4769356.51
2022-04-26,27,-200397.94,19357045.83,3945093.72,4769356.51
2022-04-27,26,0.0,19357045.83,3945093.72,4769356.51
2022-04-28,27,-169093.78,19187952.05,4114187.5,4769356.51
2022-04-29,27,-552032.25,18635919.8,4666219.75,4769356.51
2022-05-02,28,-569252.77,18066667.03,5235472.52,5235472.52
2022-05-03,25,0.0,18066667.03,5235472.52,5235472.52
2022-05-04,27,22824.93,18089491.96,5212647.59,5235472.52
2022-05-05,27,-231507.76,17857984.2,5444155.35,5444155.35
2022-05-06,27,-438133.35,17419850.85,5882288.7,5882288.7
2022-05-09,25,-240280.41,17179570.44,6122569.11,6122569.11
2022-05-10,26,-612945.29,16566625.15,6735514.4,6735514.4
2022-05-11,25,-947047.23,15619577.92,7682561.63,7682561.63
2022-05-12,20,-704703.99,14914873.93,8387265.62,8387265.62
2022-05-13,17,0.0,14914873.93,8387265.62,8387265.62
2022-05-16,18,0.0,14914873.93,8387265.62,8387265.62
2022-05-17,20,0.0,14914873.93,8387265.62,8387265.62
2022-05-18,23,-222332.35,14692541.58,8609597.97,8609597.97
2022-05-19,23,0.0,14692541.58,8609597.97,8609597.97
2022-05-20,25,-126693.02,14565848.56,8736290.99,8736290.99
2022-05-23,28,0.0,14565848.56,8736290.99,8736290.99
2022-05-24,30,0.0,14565848.56,8736290.99,8736290.99
2022-05-25,32,0.0,14565848.56,8736290.99,8736290.99
2022-05-26,32,0.0,14565848.56,8736290.99,8736290.99
2022-05-27,34,304235.34,14870083.9,8432055.65,8736290.99
2022-05-31,33,0.0,14870083.9,8432055.65,8736290.99
2022-06-01,34,152008.94,15022092.84,8280046.71,8736290.99
2022-06-02,34,-17657.67,15004435.17,8297704.38,8736290.99
2022-06-03,33,0.0,15004435.17,8297704.38,8736290.99
2022-06-06,34,0.0,15004435.17,8297704.38,8736290.99
2022-06-07,37,349819.9,15354255.07,7947884.48,8736290.99
2022-06-08,35,576134.05,15930389.12,7371750.43,8736290.99
2022-06-09,33,6903.59,15937292.71,7364846.84,8736290.99
2022-06-10,34,1892.63,15939185.34,7362954.21,8736290.99
2022-06-13,34,-734421.7,15204763.64,8097375.91,8736290.99
2022-06-14,32,38314.61,15243078.25,8059061.3,8736290.99
2022-06-15,32,-126471.04,15116607.21,8185532.34,8736290.99
2022-06-16,34,-262650.01,14853957.2,8448182.35,8736290.99
2022-06-17,26,-133781.86,14720175.34,8581964.21,8736290.99
2022-06-21,24,271552.53,14991727.87,8310411.68,8736290.99
2022-06-22,22,258726.66,15250454.53,8051685.02,8736290.99
2022-06-23,22,-15764.87,15234689.66,8067449.89,8736290.99
2022-06-24,24,0.0,15234689.66,8067449.89,8736290.99
2022-06-27,27,-91120.22,15143569.44,8158570.11,8736290.99
2022-06-28,29,53264.52,15196833.96,8105305.59,8736290.99
2022-06-29,30,0.0,15196833.96,8105305.59,8736290.99
2022-06-30,31,0.0,15196833.96,8105305.59,8736290.99
2022-07-01,32,0.0,15196833.96,8105305.59,8736290.99
2022-07-05,34,-150430.53,15046403.43,8255736.12,8736290.99
2022-07-06,34,6034.5,15052437.93,8249701.62,8736290.99
2022-07-07,35,0.0,15052437.93,8249701.62,8736290.99
2022-07-08,38,0.0,15052437.93,8249701.62,8736290.99
2022-07-11,39,-111078.96,14941358.97,8360780.58,8736290.99
2022-07-12,40,0.0,14941358.97,8360780.58,8736290.99
2022-07-13,41,208338.09,15149697.06,8152442.49,8736290.99
2022-07-14,38,8232.14,15157929.2,8144210.35,8736290.99
2022-07-15,37,226795.16,15384724.36,7917415.19,8736290.99
2022-07-18,34,43035.35,15427759.71,7874379.84,8736290.99
2022-07-19,35,85901.06,15513660.77,7788478.78,8736290.99
2022-07-20,35,378669.84,15892330.61,7409808.94,8736290.99
2022-07-21,36,148974.83,16041305.44,7260834.11,8736290.99
2022-07-22,34,224381.48,16265686.92,7036452.63,8736290.99
2022-07-25,33,100615.26,16366302.18,6935837.37,8736290.99
2022-07-26,31,-27741.76,16338560.42,6963579.13,8736290.99
2022-07-27,28,-75607.84,16262952.58,7039186.97,8736290.99
2022-07-28,28,67676.21,16330628.79,6971510.76,8736290.99
2022-07-29,30,148406.81,16479035.6,6823103.95,8736290.99
2022-08-01,30,378789.59,16857825.19,6444314.36,8736290.99
2022-08-02,31,-24762.26,16833062.93,6469076.62,8736290.99
2022-08-03,31,32294.71,16865357.64,6436781.91,8736290.99
2022-08-04,32,140857.36,17006215.0,6295924.55,8736290.99
2022-08-05,30,77540.73,17083755.73,6218383.82,8736290.99
2022-08-08,30,-14895.76,17068859.97,6233279.58,8736290.99
2022-08-09,33,203149.48,17272009.45,6030130.1,8736290.99
2022-08-10,35,163652.51,17435661.96,5866477.59,8736290.99
2022-08-11,38,20239.13,17455901.09,5846238.46,8736290.99
2022-08-12,39,293917.11,17749818.2,5552321.35,8736290.99
2022-08-15,39,413000.28,18162818.48,5139321.07,8736290.99
2022-08-16,39,25128.9,18187947.38,5114192.17,8736290.99
2022-08-17,39,36773.27,18224720.65,5077418.9,8736290.99
2022-08-18,40,-75324.64,18149396.01,5152743.54,8736290.99
2022-08-19,39,96000.86,18245396.87,5056742.68,8736290.99
2022-08-22,39,-77491.17,18167905.7,5134233.85,8736290.99
2022-08-23,39,0.0,18167905.7,5134233.85,8736290.99
2022-08-24,40,99541.54,18267447.24,5034692.31,8736290.99
2022-08-25,39,-195667.31,18071779.93,5230359.62,8736290.99
2022-08-26,36,-344706.24,17727073.69,5575065.86,8736290.99
2022-08-29,32,-141604.81,17585468.88,5716670.67,8736290.99
2022-08-30,30,-306537.78,17278931.1,6023208.45,8736290.99
2022-08-31,28,-226042.75,17052888.35,6249251.2,8736290.99
2022-09-01,26,-567369.69,16485518.66,6816620.89,8736290.99
2022-09-02,23,-102660.13,16382858.53,6919281.02,8736290.99
2022-09-06,25,-247899.33,16134959.2,7167180.35,8736290.99
2022-09-07,24,-71505.22,16063453.98,7238685.57,8736290.99
2022-09-08,24,-36532.06,16026921.92,7275217.63,8736290.99
2022-09-09,24,0.0,16026921.92,7275217.63,8736290.99
2022-09-12,25,-39077.94,15987843.98,7314295.57,8736290.99
2022-09-13,26,-47722.41,15940121.57,7362017.98,8736290.99
2022-09-14,28,0.0,15940121.57,7362017.98,8736290.99
2022-09-15,32,-110824.53,15829297.04,7472842.51,8736290.99
2022-09-16,33,-284436.54,15544860.5,7757279.05,8736290.99
2022-09-19,31,-129230.43,15415630.07,7886509.48,8736290.99
2022-09-20,32,-234508.8,15181121.27,8121018.28,8736290.99
2022-09-21,32,-59993.61,15121127.66,8181011.89,8736290.99
2022-09-22,32,-164880.54,14956247.12,8345892.43,8736290.99
2022-09-23,33,-767099.26,14189147.86,9112991.69,9112991.69
2022-09-26,27,-413682.65,13775465.21,9526674.34,9526674.34
2022-09-27,26,-311874.13,13463591.08,9838548.47,9838548.47
2022-09-28,24,0.0,13463591.08,9838548.47,9838548.47
2022-09-29,25,-3187.58,13460403.5,9841736.05,9841736.05
2022-09-30,26,-361964.05,13098439.45,10203700.1,10203700.1
2022-10-03,28,-166588.04,12931851.41,10370288.14,10370288.14
2022-10-04,29,39666.27,12971517.68,10330621.87,10370288.14
2022-10-05,27,-104066.49,12867451.19,10434688.36,10434688.36
2022-10-06,28,-34878.44,12832572.75,10469566.8,10469566.8
2022-10-07,29,0.0,12832572.75,10469566.8,10469566.8
2022-10-10,30,-217666.26,12614906.49,10687233.06,10687233.06
2022-10-11,31,-723648.33,11891258.16,11410881.39,11410881.39
2022-10-12,27,-147025.81,11744232.35,11557907.2,11557907.2
2022-10-13,28,-530262.44,11213969.91,12088169.64,12088169.64
2022-10-14,26,-64115.04,11149854.87,12152284.68,12152284.68
2022-10-17,25,0.0,11149854.87,12152284.68,12152284.68
2022-10-18,27,-8454.91,11141399.96,12160739.59,12160739.59
2022-10-19,29,0.0,11141399.96,12160739.59,12160739.59
2022-10-20,31,-263090.04,10878309.92,12423829.63,12423829.63
2022-10-21,33,-133942.2,10744367.72,12557771.83,12557771.83
2022-10-24,33,-183215.96,10561151.76,12740987.79,12740987.79
2022-10-25,36,29238.39,10590390.15,12711749.4,12740987.79
2022-10-26,36,-5052.55,10585337.6,12716801.95,12740987.79
2022-10-27,38,45524.58,10630862.18,12671277.37,12740987.79
2022-10-28,38,-40503.15,10590359.03,12711780.52,12740987.79
2022-10-31,41,79837.87,10670196.9,12631942.65,12740987.79
2022-11-01,40,0.0,10670196.9,12631942.65,12740987.79
2022-11-02,41,-269458.47,10400738.43,12901401.12,12901401.12
2022-11-03,40,85508.33,10486246.76,12815892.79,12901401.12
2022-11-04,41,-73365.77,10412880.99,12889258.56,12901401.12
2022-11-07,41,-172652.8,10240228.19,13061911.36,13061911.36
2022-11-08,41,-80695.31,10159532.88,13142606.67,13142606.67
2022-11-09,44,274868.23,10434401.11,12867738.44,13142606.67
2022-11-10,44,138040.03,10572441.14,12729698.41,13142606.67
2022-11-11,46,-51656.19,10520784.95,12781354.6,13142606.67
2022-11-14,48,-204863.09,10315921.86,12986217.69,13142606.67
2022-11-15,46,204695.34,10520617.2,12781522.35,13142606.67
2022-11-16,46,-120404.24,10400212.96,12901926.59,13142606.67
2022-11-17,45,366788.11,10767001.07,12535138.48,13142606.67
2022-11-18,43,132312.51,10899313.58,12402825.97,13142606.67
2022-11-21,43,428423.0,11327736.58,11974402.97,13142606.67
2022-11-22,41,306187.37,11633923.95,11668215.6,13142606.67
2022-11-23,40,58043.69,11691967.64,11610171.91,13142606.67
2022-11-25,40,0.0,11691967.64,11610171.91,13142606.67
2022-11-28,42,119471.36,11811439.0,11490700.55,13142606.67
2022-11-29,42,44034.5,11855473.5,11446666.05,13142606.67
2022-11-30,42,99855.32,11955328.82,11346810.73,13142606.67
2022-12-01,43,0.0,11955328.82,11346810.73,13142606.67
2022-12-02,45,267102.25,12222431.07,11079708.48,13142606.67
2022-12-05,46,99457.83,12321888.9,10980250.65,13142606.67
2022-12-06,46,-147790.39,12174098.51,11128041.04,13142606.67
2022-12-07,43,-21283.37,12152815.14,11149324.41,13142606.67
2022-12-08,39,-29756.67,12123058.47,11179081.08,13142606.67
2022-12-09,40,202233.56,12325292.03,10976847.52,13142606.67
2022-12-12,40,79795.53,12405087.56,10897051.99,13142606.67
2022-12-13,36,8802.48,12413890.04,10888249.51,13142606.67
2022-12-14,36,9166.57,12423056.61,10879082.94,13142606.67
2022-12-15,35,-77221.35,12345835.26,10956304.29,13142606.67
2022-12-16,33,-105437.48,12240397.78,11061741.77,13142606.67
2022-12-19,32,-83037.43,12157360.35,11144779.2,13142606.67
2022-12-20,32,24092.03,12181452.38,11120687.17,13142606.67
2022-12-21,31,-12420.44,12169031.94,11133107.61,13142606.67
2022-12-22,33,-50004.11,12119027.83,11183111.72,13142606.67
2022-12-23,32,-2634.81,12116393.02,11185746.53,13142606.67
2022-12-27,31,-138058.29,11978334.73,11323804.82,13142606.67
2022-12-28,29,-96645.71,11881689.02,11420450.53,13142606.67
2022-12-29,28,63779.03,11945468.05,11356671.5,13142606.67
2022-12-30,28,-28173.03,11917295.02,11384844.53,13142606.67
2023-01-03,30,-75282.28,11842012.74,11460126.81,13142606.67
2023-01-04,30,-20452.92,11821559.82,11480579.73,13142606.67
2023-01-05,29,122854.24,11944414.06,11357725.49,13142606.67
2023-01-06,31,0.0,11944414.06,11357725.49,13142606.67
2023-01-09,33,12465.6,11956879.66,11345259.89,13142606.67
2023-01-10,35,71734.5,12028614.16,11273525.39,13142606.67
2023-01-11,36,-1774.05,12026840.11,11275299.44,13142606.67
2023-01-12,36,10556.0,12037396.11,11264743.44,13142606.67
2023-01-13,38,3895.26,12041291.37,11260848.18,13142606.67
2023-01-17,38,-76931.48,11964359.89,11337779.66,13142606.67
2023-01-18,39,-1787.92,11962571.97,11339567.58,13142606.67
2023-01-19,40,-29171.63,11933400.34,11368739.21,13142606.67
2023-01-20,41,59178.78,11992579.12,11309560.43,13142606.67
2023-01-23,41,91001.13,12083580.25,11218559.3,13142606.67
2023-01-24,41,64135.64,12147715.89,11154423.66,13142606.67
2023-01-25,44,430423.14,12578139.03,10724000.52,13142606.67
2023-01-26,44,1005260.94,13583399.97,9718739.58,13142606.67
2023-01-27,43,160385.54,13743785.51,9558354.04,13142606.67
2023-01-30,43,375340.68,14119126.19,9183013.36,13142606.67
2023-01-31,44,347445.78,14466571.97,8835567.58,13142606.67
2023-02-01,45,748991.06,15215563.03,8086576.52,13142606.67
2023-02-02,46,472428.37,15687991.4,7614148.15,13142606.67
2023-02-03,47,77606.12,15765597.52,7536542.03,13142606.67
2023-02-06,47,89228.95,15854826.47,7447313.08,13142606.67
2023-02-07,47,374500.22,16229326.69,7072812.86,13142606.67
2023-02-08,48,150449.94,16379776.63,6922362.92,13142606.67
2023-02-09,47,348941.14,16728717.77,6573421.78,13142606.67
2023-02-10,49,66590.1,16795307.87,6506831.68,13142606.67
2023-02-13,47,13672.18,16808980.05,6493159.5,13142606.67
2023-02-14,48,45593.08,16854573.13,6447566.42,13142606.67
2023-02-15,49,501010.37,17355583.5,5946556.05,13142606.67
2023-02-16,49,9024.84,17364608.34,5937531.21,13142606.67
2023-02-17,49,269674.94,17634283.28,5667856.27,13142606.67
2023-02-21,49,263574.96,17897858.24,5404281.31,13142606.67
2023-02-22,47,85610.45,17983468.69,5318670.86,13142606.67
2023-02-23,45,108930.2,18092398.89,5209740.66,13142606.67
2023-02-24,47,-590756.42,17501642.47,5800497.08,13142606.67
2023-02-27,46,-45249.4,17456393.07,5845746.48,13142606.67
2023-02-28,46,32695.52,17489088.59,5813050.96,13142606.67
2023-03-01,44,-88249.16,17400839.43,5901300.12,13142606.67
2023-03-02,42,-332497.74,17068341.69,6233797.86,13142606.67
2023-03-03,42,-214774.6,16853567.09,6448572.46,13142606.67
2023-03-06,40,-164250.26,16689316.83,6612822.72,13142606.67
2023-03-07,39,-113562.02,16575754.81,6726384.74,13142606.67
2023-03-08,38,-510309.15,16065445.66,7236693.89,13142606.67
2023-03-09,34,-651432.61,15414013.05,7888126.5,13142606.67
2023-03-10,32,-617514.44,14796498.61,8505640.94,13142606.67
2023-03-13,29,-852492.71,13944005.9,9358133.65,13142606.67
2023-03-14,22,-119017.3,13824988.6,9477150.95,13142606.67
2023-03-15,23,-138485.42,13686503.18,9615636.37,13142606.67
2023-03-16,24,-257775.49,13428727.69,9873411.86,13142606.67
2023-03-17,24,0.0,13428727.69,9873411.86,13142606.67
2023-03-20,26,-296524.92,13132202.77,10169936.78,13142606.67
2023-03-21,27,-44355.19,13087847.58,10214291.97,13142606.67
2023-03-22,29,-352725.07,12735122.51,10567017.04,13142606.67
2023-03-23,28,61022.97,12796145.48,10505994.07,13142606.67
2023-03-24,27,136558.62,12932704.1,10369435.45,13142606.67
2023-03-27,27,-147574.64,12785129.46,10517010.09,13142606.67
2023-03-28,27,0.0,12785129.46,10517010.09,13142606.67
2023-03-29,28,0.0,12785129.46,10517010.09,13142606.67
2023-03-30,29,16976.79,12802106.25,10500033.3,13142606.67
2023-03-31,32,0.0,12802106.25,10500033.3,13142606.67
2023-04-03,33,0.0,12802106.25,10500033.3,13142606.67
2023-04-04,35,70347.08,12872453.33,10429686.22,13142606.67
2023-04-05,35,9788.24,12882241.57,10419897.98,13142606.67
2023-04-06,37,-96930.14,12785311.43,10516828.12,13142606.67
2023-04-10,39,734316.97,13519628.4,9782511.15,13142606.67
2023-04-11,38,61895.78,13581524.18,9720615.37,13142606.67
2023-04-12,39,160226.85,13741751.03,9560388.52,13142606.67
2023-04-13,38,322177.18,14063928.21,9238211.34,13142606.67
2023-04-14,37,776974.22,14840902.43,8461237.12,13142606.67
2023-04-17,39,-31132.03,14809770.4,8492369.15,13142606.67
2023-04-18,40,96535.29,14906305.69,8395833.86,13142606.67
2023-04-19,42,121245.27,15027550.96,8274588.59,13142606.67
2023-04-20,41,-14246.96,15013304.0,8288835.55,13142606.67
2023-04-21,43,41209.1,15054513.1,8247626.45,13142606.67
2023-04-24,44,152654.21,15207167.31,8094972.24,13142606.67
2023-04-25,44,-164942.58,15042224.73,8259914.82,13142606.67
2023-04-26,44,-458124.06,14584100.67,8718038.88,13142606.67
2023-04-27,41,-377909.05,14206191.62,9095947.93,13142606.67
2023-04-28,38,-173949.75,14032241.87,9269897.68,13142606.67
2023-05-01,37,-273242.47,13758999.4,9543140.15,13142606.67
2023-05-02,38,-85273.82,13673725.58,9628413.97,13142606.67
2023-05-03,38,-238649.33,13435076.25,9867063.3,13142606.67
2023-05-04,38,-189657.27,13245418.98,10056720.57,13142606.67
2023-05-05,37,103617.55,13349036.53,9953103.02,13142606.67
2023-05-08,36,-24231.76,13324804.77,9977334.78,13142606.67
2023-05-09,37,-31302.33,13293502.44,10008637.11,13142606.67
2023-05-10,37,0.0,13293502.44,10008637.11,13142606.67
2023-05-11,39,-162737.6,13130764.84,10171374.71,13142606.67
2023-05-12,40,-193662.22,12937102.62,10365036.93,13142606.67
2023-05-15,41,31706.68,12968809.3,10333330.25,13142606.67
2023-05-16,39,-54178.06,12914631.24,10387508.31,13142606.67
2023-05-17,41,35174.82,12949806.06,10352333.49,13142606.67
2023-05-18,40,151116.25,13100922.31,10201217.24,13142606.67
2023-05-19,40,110817.58,13211739.89,10090399.66,13142606.67
2023-05-22,41,-85333.24,13126406.65,10175732.9,13142606.67
2023-05-23,39,55944.93,13182351.58,10119787.97,13142606.67
2023-05-24,36,-50331.0,13132020.58,10170118.97,13142606.67
2023-05-25,36,-325416.83,12806603.75,10495535.8,13142606.67
2023-05-26,33,194495.14,13001098.89,10301040.66,13142606.67
2023-05-30,34,-184322.65,12816776.24,10485363.31,13142606.67
2023-05-31,34,359680.28,13176456.52,10125683.03,13142606.67
2023-06-01,35,-3418.67,13173037.85,10129101.7,13142606.67
2023-06-02,36,1060056.43,14233094.28,9069045.27,13142606.67
2023-06-05,36,-19248.89,14213845.39,9088294.16,13142606.67
2023-06-06,37,71966.05,14285811.44,9016328.11,13142606.67
2023-06-07,39,-10301.08,14275510.36,9026629.19,13142606.67
2023-06-08,40,945604.47,15221114.83,8081024.72,13142606.67
2023-06-09,39,0.0,15221114.83,8081024.72,13142606.67
2023-06-12,41,345110.37,15566225.2,7735914.35,13142606.67
2023-06-13,40,0.0,15566225.2,7735914.35,13142606.67
2023-06-14,41,1999079.7,17565304.9,5736834.65,13142606.67
2023-06-15,40,739962.79,18305267.69,4996871.86,13142606.67
2023-06-16,41,54462.57,18359730.26,4942409.29,13142606.67
2023-06-20,42,558383.88,18918114.14,4384025.41,13142606.67
2023-06-21,41,0.0,18918114.14,4384025.41,13142606.67
2023-06-22,43,58756.27,18976870.41,4325269.14,13142606.67
2023-06-23,43,199594.76,19176465.17,4125674.38,13142606.67
2023-06-26,41,441788.37,19618253.54,3683886.01,13142606.67
2023-06-27,39,411085.1,20029338.64,3272800.91,13142606.67
2023-06-28,37,286136.74,20315475.38,2986664.17,13142606.67
2023-06-29,37,149003.88,20464479.26,2837660.29,13142606.67
2023-06-30,35,379683.87,20844163.13,2457976.42,13142606.67
2023-07-03,34,426902.58,21271065.71,2031073.84,13142606.67
2023-07-05,32,265721.49,21536787.2,1765352.35,13142606.67
2023-07-06,31,324784.22,21861571.42,1440568.13,13142606.67
2023-07-07,26,75261.82,21936833.24,1365306.31,13142606.67
2023-07-10,25,237629.72,22174462.96,1127676.59,13142606.67
2023-07-11,27,-60203.8,22114259.16,1187880.39,13142606.67
2023-07-12,27,100235.22,22214494.38,1087645.17,13142606.67
2023-07-13,27,72142.36,22286636.74,1015502.81,13142606.67
2023-07-14,28,89058.98,22375695.72,926443.83,13142606.67
2023-07-17,30,34148.68,22409844.4,892295.15,13142606.67
2023-07-18,29,106383.32,22516227.72,785911.83,13142606.67
2023-07-19,28,-318679.23,22197548.49,1104591.06,13142606.67
2023-07-20,28,131406.41,22328954.9,973184.65,13142606.67
2023-07-21,29,91801.38,22420756.28,881383.27,13142606.67
2023-07-24,29,92103.9,22512860.18,789279.37,13142606.67
2023-07-25,29,62978.64,22575838.82,726300.73,13142606.67
2023-07-26,31,0.0,22575838.82,726300.73,13142606.67
2023-07-27,34,9015.99,22584854.81,717284.74,13142606.67
2023-07-28,36,296242.7,22881097.51,421042.04,13142606.67
2023-07-31,38,87640.56,22968738.07,333401.48,13142606.67
2023-08-01,40,103123.65,23071861.72,230277.83,13142606.67
2023-08-02,41,271447.94,23343309.66,0.0,13142606.67
2023-08-03,41,-329650.26,23013659.4,329650.26,13142606.67
2023-08-04,43,-386359.19,22627300.21,716009.45,13142606.67
2023-08-07,42,237259.89,22864560.1,478749.56,13142606.67
2023-08-08,40,-191854.69,22672705.41,670604.25,13142606.67
2023-08-09,39,-41471.25,22631234.16,712075.5,13142606.67
2023-08-10,41,-490034.92,22141199.24,1202110.42,13142606.67
2023-08-11,41,-462090.97,21679108.27,1664201.39,13142606.67
2023-08-14,41,-85771.4,21593336.87,1749972.79,13142606.67
2023-08-15,43,-216019.19,21377317.68,1965991.98,13142606.67
2023-08-16,41,-143913.03,21233404.65,2109905.01,13142606.67
2023-08-17,42,-49221.25,21184183.4,2159126.26,13142606.67
2023-08-18,40,-281136.65,20903046.75,2440262.91,13142606.67
2023-08-21,39,0.0,20903046.75,2440262.91,13142606.67
2023-08-22,40,66808.05,20969854.8,2373454.86,13142606.67
2023-08-23,43,-134319.3,20835535.5,2507774.16,13142606.67
2023-08-24,43,-30960.2,20804575.3,2538734.36,13142606.67
2023-08-25,44,-2181.08,20802394.22,2540915.44,13142606.67
2023-08-28,45,0.0,20802394.22,2540915.44,13142606.67
2023-08-29,47,0.0,20802394.22,2540915.44,13142606.67
2023-08-30,47,13991.82,20816386.04,2526923.62,13142606.67
2023-08-31,46,-138296.94,20678089.1,2665220.56,13142606.67
2023-09-01,43,-91815.62,20586273.48,2757036.18,13142606.67
2023-09-05,39,61010.58,20647284.06,2696025.6,13142606.67
2023-09-06,40,-138338.11,20508945.95,2834363.71,13142606.67
2023-09-07,39,10425.75,20519371.7,2823937.96,13142606.67
2023-09-08,39,166033.92,20685405.62,2657904.04,13142606.67
2023-09-11,37,-17748.06,20667657.56,2675652.1,13142606.67
2023-09-12,34,-41907.82,20625749.74,2717559.92,13142606.67
2023-09-13,34,-85424.17,20540325.57,2802984.09,13142606.67
2023-09-14,33,250.47,20540576.04,2802733.62,13142606.67
2023-09-15,32,79798.09,20620374.13,2722935.53,13142606.67
2023-09-18,32,-41220.53,20579153.6,2764156.06,13142606.67
2023-09-19,30,-54036.47,20525117.13,2818192.53,13142606.67
2023-09-20,31,-304592.81,20220524.32,3122785.34,13142606.67
2023-09-21,26,-151988.45,20068535.87,3274773.79,13142606.67
2023-09-22,28,-56417.11,20012118.76,3331190.9,13142606.67
2023-09-25,28,-71496.11,19940622.65,3402687.01,13142606.67
2023-09-26,26,-281357.79,19659264.86,3684044.8,13142606.67
2023-09-27,26,-69696.12,19589568.74,3753740.92,13142606.67
2023-09-28,26,-75763.78,19513804.96,3829504.7,13142606.67
2023-09-29,26,-153132.95,19360672.01,3982637.65,13142606.67
2023-10-02,26,0.0,19360672.01,3982637.65,13142606.67
2023-10-03,28,-158910.22,19201761.79,4141547.87,13142606.67
2023-10-04,27,-66908.62,19134853.17,4208456.49,13142606.67
2023-10-05,26,-242846.61,18892006.56,4451303.1,13142606.67
2023-10-06,24,-288366.01,18603640.55,4739669.11,13142606.67
2023-10-09,22,0.0,18603640.55,4739669.11,13142606.67
2023-10-10,25,83490.41,18687130.96,4656178.7,13142606.67
2023-10-11,25,51074.36,18738205.32,4605104.34,13142606.67
2023-10-12,24,0.0,18738205.32,4605104.34,13142606.67
2023-10-13,24,-27214.46,18710990.86,4632318.8,13142606.67
2023-10-16,26,111120.07,18822110.93,4521198.73,13142606.67
2023-10-17,27,16683.98,18838794.91,4504514.75,13142606.67
2023-10-18,27,0.0,18838794.91,4504514.75,13142606.67
2023-10-19,28,5024.26,18843819.17,4499490.49,13142606.67
2023-10-20,27,-272956.49,18570862.68,4772446.98,13142606.67
2023-10-23,26,-65784.4,18505078.28,4838231.38,13142606.67
2023-10-24,25,86163.88,18591242.16,4752067.5,13142606.67
2023-10-25,24,-176249.31,18414992.85,4928316.81,13142606.67
2023-10-26,25,-246710.32,18168282.53,5175027.13,13142606.67
2023-10-27,25,-46923.59,18121358.94,5221950.72,13142606.67
2023-10-30,25,-272011.87,17849347.07,5493962.59,13142606.67
2023-10-31,26,-87147.34,17762199.73,5581109.93,13142606.67
2023-11-01,28,0.0,17762199.73,5581109.93,13142606.67
2023-11-02,31,-142880.14,17619319.59,5723990.07,13142606.67
2023-11-03,32,105154.62,17724474.21,5618835.45,13142606.67
2023-11-06,32,-7031.43,17717442.78,5625866.88,13142606.67
2023-11-07,33,1903.81,17719346.59,5623963.07,13142606.67
2023-11-08,33,-82748.67,17636597.92,5706711.74,13142606.67
2023-11-09,32,0.0,17636597.92,5706711.74,13142606.67
2023-11-10,37,0.0,17636597.92,5706711.74,13142606.67
2023-11-13,38,98915.33,17735513.25,5607796.41,13142606.67
2023-11-14,38,88834.88,17824348.13,5518961.53,13142606.67
2023-11-15,38,0.0,17824348.13,5518961.53,13142606.67
2023-11-16,39,65761.77,17890109.9,5453199.76,13142606.67
2023-11-17,39,0.0,17890109.9,5453199.76,13142606.67
2023-11-20,40,0.0,17890109.9,5453199.76,13142606.67
2023-11-21,42,144031.38,18034141.28,5309168.38,13142606.67
2023-11-22,43,279067.84,18313209.12,5030100.54,13142606.67
2023-11-24,41,158198.42,18471407.54,4871902.12,13142606.67
2023-11-27,41,134487.13,18605894.67,4737414.99,13142606.67
2023-11-28,41,521731.02,19127625.69,4215683.97,13142606.67
2023-11-29,39,1001315.11,20128940.8,3214368.86,13142606.67
2023-11-30,37,231801.01,20360741.81,2982567.85,13142606.67
2023-12-01,38,144093.22,20504835.03,2838474.63,13142606.67
2023-12-04,37,88268.27,20593103.3,2750206.36,13142606.67
2023-12-05,38,-61055.34,20532047.96,2811261.7,13142606.67
2023-12-06,38,-92200.37,20439847.59,2903462.07,13142606.67
2023-12-07,39,241400.27,20681247.86,2662061.8,13142606.67
2023-12-08,39,280338.93,20961586.79,2381722.87,13142606.67
2023-12-11,36,37109.37,20998696.16,2344613.5,13142606.67
2023-12-12,36,426181.13,21424877.29,1918432.37,13142606.67
2023-12-13,37,96210.03,21521087.32,1822222.34,13142606.67
2023-12-14,39,134234.18,21655321.5,1687988.16,13142606.67
2023-12-15,41,333680.07,21989001.57,1354308.09,13142606.67
2023-12-18,38,167028.25,22156029.82,1187279.84,13142606.67
2023-12-19,39,68839.24,22224869.06,1118440.6,13142606.67
2023-12-20,39,225736.37,22450605.43,892704.23,13142606.67
2023-12-21,40,-29892.48,22420712.95,922596.71,13142606.67
2023-12-22,41,371202.85,22791915.8,551393.86,13142606.67
2023-12-26,40,297860.33,23089776.13,253533.53,13142606.67
2023-12-27,40,152274.48,23242050.61,101259.05,13142606.67
2023-12-28,40,36323.08,23278373.69,64935.97,13142606.67
2023-12-29,41,526610.0,23804983.69,0.0,13142606.67
2024-01-02,40,-28147.06,23776836.63,28147.06,13142606.67
2024-01-03,40,-200066.96,23576769.67,228214.02,13142606.67
2024-01-04,37,112409.18,23689178.85,115804.84,13142606.67
2024-01-05,35,523020.02,24212198.87,0.0,13142606.67
2024-01-08,35,67514.98,24279713.85,0.0,13142606.67
2024-01-09,36,96911.27,24376625.12,0.0,13142606.67
2024-01-10,35,44442.68,24421067.8,0.0,13142606.67
2024-01-11,37,34928.79,24455996.59,0.0,13142606.67
2024-01-12,34,-152817.91,24303178.68,152817.91,13142606.67
2024-01-16,31,-292618.86,24010559.82,445436.77,13142606.67
2024-01-17,28,-490555.69,23520004.13,935992.46,13142606.67
2024-01-18,27,-36847.55,23483156.58,972840.01,13142606.67
2024-01-19,27,32685.53,23515842.11,940154.48,13142606.67
2024-01-22,31,5833.77,23521675.88,934320.71,13142606.67
2024-01-23,30,24379.12,23546055.0,909941.59,13142606.67
2024-01-24,30,0.0,23546055.0,909941.59,13142606.67
2024-01-25,33,30254.17,23576309.17,879687.42,13142606.67
2024-01-26,34,0.0,23576309.17,879687.42,13142606.67
2024-01-29,35,0.0,23576309.17,879687.42,13142606.67
2024-01-30,36,-72081.42,23504227.75,951768.84,13142606.67
2024-01-31,35,9702.77,23513930.52,942066.07,13142606.67
2024-02-01,36,0.0,23513930.52,942066.07,13142606.67
2024-02-02,40,-96458.02,23417472.5,1038524.09,13142606.67
2024-02-05,40,-101215.42,23316257.08,1139739.51,13142606.67
2024-02-06,40,18372.32,23334629.4,1121367.19,13142606.67
2024-02-07,38,-81358.57,23253270.83,1202725.76,13142606.67
2024-02-08,39,44683.5,23297954.33,1158042.26,13142606.67
2024-02-09,37,38531.92,23336486.25,1119510.34,13142606.67
2024-02-12,38,-31657.98,23304828.27,1151168.32,13142606.67
2024-02-13,39,-128265.67,23176562.6,1279433.99,13142606.67
2024-02-14,39,283078.55,23459641.15,996355.44,13142606.67
2024-02-15,37,117481.97,23577123.12,878873.47,13142606.67
2024-02-16,39,271062.5,23848185.62,607810.97,13142606.67
2024-02-20,37,37037.1,23885222.72,570773.87,13142606.67
2024-02-21,37,-93993.79,23791228.93,664767.66,13142606.67
2024-02-22,36,0.0,23791228.93,664767.66,13142606.67
2024-02-23,38,-172260.69,23618968.24,837028.35,13142606.67
2024-02-26,37,-151104.28,23467863.96,988132.63,13142606.67
2024-02-27,37,86129.28,23553993.24,902003.35,13142606.67
2024-02-28,38,72140.17,23626133.41,829863.18,13142606.67
2024-02-29,40,-23045.66,23603087.75,852908.84,13142606.67
2024-03-01,38,88278.97,23691366.72,764629.87,13142606.67
2024-03-04,37,735110.85,24426477.57,29519.02,13142606.67
2024-03-05,35,101583.13,24528060.7,0.0,13142606.67
2024-03-06,36,0.0,24528060.7,0.0,13142606.67
2024-03-07,38,9105.41,24537166.11,0.0,13142606.67
2024-03-08,37,87197.59,24624363.7,0.0,13142606.67
2024-03-11,38,22123.38,24646487.08,0.0,13142606.67
2024-03-12,38,78724.43,24725211.51,0.0,13142606.67
2024-03-13,38,272549.49,24997761.0,0.0,13142606.67
2024-03-14,39,-161450.04,24836310.96,161450.04,13142606.67
2024-03-15,38,-14329.42,24821981.54,175779.46,13142606.67
2024-03-18,34,299572.85,25121554.39,0.0,13142606.67
2024-03-19,33,-131992.71,24989561.68,131992.71,13142606.67
2024-03-20,32,-10457.33,24979104.35,142450.04,13142606.67
2024-03-21,33,68020.5,25047124.85,74429.54,13142606.67
2024-03-22,34,119688.98,25166813.83,0.0,13142606.67
2024-03-25,35,118297.4,25285111.23,0.0,13142606.67
2024-03-26,36,55114.43,25340225.66,0.0,13142606.67
2024-03-27,37,44038.74,25384264.4,0.0,13142606.67
2024-03-28,39,0.0,25384264.4,0.0,13142606.67
2024-04-01,43,383044.46,25767308.86,0.0,13142606.67
2024-04-02,46,0.0,25767308.86,0.0,13142606.67
2024-04-03,48,-177279.21,25590029.65,177279.21,13142606.67
2024-04-04,47,103266.69,25693296.34,74012.52,13142606.67
2024-04-05,49,1508.29,25694804.63,72504.23,13142606.67
2024-04-08,51,-17537.59,25677267.04,90041.82,13142606.67
2024-04-09,51,110072.74,25787339.78,0.0,13142606.67
2024-04-10,50,-50498.74,25736841.04,50498.74,13142606.67
2024-04-11,50,17701.17,25754542.21,32797.57,13142606.67
2024-04-12,49,16127.7,25770669.91,16669.87,13142606.67
2024-04-15,47,61911.47,25832581.38,0.0,13142606.67
2024-04-16,47,-24675.28,25807906.1,24675.28,13142606.67
2024-04-17,44,-102899.42,25705006.68,127574.7,13142606.67
2024-04-18,42,-114241.55,25590765.13,241816.25,13142606.67
2024-04-19,39,-352342.37,25238422.76,594158.62,13142606.67
2024-04-22,36,-42551.96,25195870.8,636710.58,13142606.67
2024-04-23,34,-160730.08,25035140.72,797440.66,13142606.67
2024-04-24,35,-3056.75,25032083.97,800497.41,13142606.67
2024-04-25,34,-53523.36,24978560.61,854020.77,13142606.67
2024-04-26,33,-98295.16,24880265.45,952315.93,13142606.67
2024-04-29,32,137701.95,25017967.4,814613.98,13142606.67
2024-04-30,31,-92869.34,24925098.06,907483.32,13142606.67
2024-05-01,31,-13243.96,24911854.1,920727.28,13142606.67
2024-05-02,31,-16091.91,24895762.19,936819.19,13142606.67
2024-05-03,32,45528.87,24941291.06,891290.32,13142606.67
2024-05-06,32,99082.71,25040373.77,792207.61,13142606.67
2024-05-07,33,0.0,25040373.77,792207.61,13142606.67
2024-05-08,35,0.0,25040373.77,792207.61,13142606.67
2024-05-09,36,-39559.58,25000814.19,831767.19,13142606.67
2024-05-10,35,-159312.11,24841502.08,991079.3,13142606.67
2024-05-13,36,33836.82,24875338.9,957242.48,13142606.67
2024-05-14,36,110591.68,24985930.58,846650.8,13142606.67
2024-05-15,37,57281.14,25043211.72,789369.66,13142606.67
2024-05-16,39,0.0,25043211.72,789369.66,13142606.67
2024-05-17,40,68225.26,25111436.98,721144.4,13142606.67
2024-05-20,39,369637.33,25481074.31,351507.07,13142606.67
2024-05-21,38,152918.93,25633993.24,198588.14,13142606.67
2024-05-22,36,-60445.93,25573547.31,259034.07,13142606.67
2024-05-23,37,94990.79,25668538.1,164043.28,13142606.67
2024-05-24,35,66834.69,25735372.79,97208.59,13142606.67
2024-05-28,33,88171.17,25823543.96,9037.42,13142606.67
2024-05-29,33,-509035.63,25314508.33,518073.05,13142606.67
2024-05-30,27,43108.55,25357616.88,474964.5,13142606.67
2024-05-31,28,-67531.64,25290085.24,542496.14,13142606.67
2024-06-03,28,-93195.34,25196889.9,635691.48,13142606.67
2024-06-04,24,-137850.27,25059039.63,773541.75,13142606.67
2024-06-05,22,163370.57,25222410.2,610171.18,13142606.67
2024-06-06,22,7999.35,25230409.55,602171.83,13142606.67
2024-06-07,22,0.0,25230409.55,602171.83,13142606.67
2024-06-10,22,-58298.48,25172111.07,660470.31,13142606.67
2024-06-11,23,0.0,25172111.07,660470.31,13142606.67
2024-06-12,26,51765.99,25223877.06,608704.32,13142606.67
2024-06-13,27,144599.24,25368476.3,464105.08,13142606.67
2024-06-14,28,-53802.2,25314674.1,517907.28,13142606.67
2024-06-17,29,-137057.54,25177616.56,654964.82,13142606.67
2024-06-18,29,0.0,25177616.56,654964.82,13142606.67
2024-06-20,32,89530.16,25267146.72,565434.66,13142606.67
2024-06-21,31,-556418.26,24710728.46,1121852.92,13142606.67
2024-06-24,32,-1368.36,24709360.1,1123221.28,13142606.67
2024-06-25,31,-70263.4,24639096.7,1193484.68,13142606.67
2024-06-26,32,-93152.48,24545944.22,1286637.16,13142606.67
2024-06-27,33,-98636.68,24447307.54,1385273.84,13142606.67
2024-06-28,32,-10817.55,24436489.99,1396091.39,13142606.67
2024-07-01,33,-273535.05,24162954.94,1669626.44,13142606.67
2024-07-02,30,-120435.04,24042519.9,1790061.48,13142606.67
2024-07-03,30,0.0,24042519.9,1790061.48,13142606.67
2024-07-05,32,-71186.4,23971333.5,1861247.88,13142606.67
2024-07-08,33,39322.86,24010656.36,1821925.02,13142606.67
2024-07-09,33,0.0,24010656.36,1821925.02,13142606.67
2024-07-10,36,-37755.75,23972900.61,1859680.77,13142606.67
2024-07-11,37,37239.33,24010139.94,1822441.44,13142606.67
2024-07-12,36,82219.17,24092359.11,1740222.27,13142606.67
2024-07-15,35,64019.29,24156378.4,1676202.98,13142606.67
2024-07-16,35,9509.25,24165887.65,1666693.73,13142606.67
2024-07-17,35,-318606.61,23847281.04,1985300.34,13142606.67
2024-07-18,34,-249269.1,23598011.94,2234569.44,13142606.67
2024-07-19,31,0.0,23598011.94,2234569.44,13142606.67
2024-07-22,34,-11745.87,23586266.07,2246315.31,13142606.67
2024-07-23,32,529503.32,24115769.39,1716811.99,13142606.67
2024-07-24,35,-157334.05,23958435.34,1874146.04,13142606.67
2024-07-25,33,-311683.5,23646751.84,2185829.54,13142606.67
2024-07-26,32,117643.01,23764394.85,2068186.53,13142606.67
2024-07-29,35,42255.72,23806650.57,2025930.81,13142606.67
2024-07-30,35,162617.97,23969268.54,1863312.84,13142606.67
2024-07-31,36,0.0,23969268.54,1863312.84,13142606.67
2024-08-01,38,-344740.47,23624528.07,2208053.31,13142606.67
2024-08-02,32,-333830.3,23290697.77,2541883.61,13142606.67
2024-08-05,30,-624856.63,22665841.14,3166740.24,13142606.67
2024-08-06,25,-209162.73,22456678.41,3375902.97,13142606.67
2024-08-07,25,-125133.46,22331544.95,3501036.43,13142606.67
2024-08-08,24,0.0,22331544.95,3501036.43,13142606.67
2024-08-09,27,0.0,22331544.95,3501036.43,13142606.67
2024-08-12,29,112159.36,22443704.31,3388877.07,13142606.67
2024-08-13,27,-15136.29,22428568.02,3404013.36,13142606.67
2024-08-14,28,0.0,22428568.02,3404013.36,13142606.67
2024-08-15,30,57806.6,22486374.62,3346206.76,13142606.67
2024-08-16,30,119311.55,22605686.17,3226895.21,13142606.67
2024-08-19,28,0.0,22605686.17,3226895.21,13142606.67
2024-08-20,29,0.0,22605686.17,3226895.21,13142606.67
2024-08-21,31,83898.18,22689584.35,3142997.03,13142606.67
2024-08-22,30,15265.39,22704849.74,3127731.64,13142606.67
2024-08-23,31,334659.4,23039509.14,2793072.24,13142606.67
2024-08-26,29,2057.9,23041567.04,2791014.34,13142606.67
2024-08-27,31,86774.23,23128341.27,2704240.11,13142606.67
2024-08-28,32,-94774.39,23033566.88,2799014.5,13142606.67
2024-08-29,32,0.0,23033566.88,2799014.5,13142606.67
2024-08-30,34,170907.98,23204474.86,2628106.52,13142606.67
2024-09-03,34,45692.07,23250166.93,2582414.45,13142606.67
2024-09-04,35,96846.56,23347013.49,2485567.89,13142606.67
2024-09-05,35,27634.93,23374648.42,2457932.96,13142606.67
2024-09-06,35,20551.15,23395199.57,2437381.81,13142606.67
2024-09-09,33,104945.74,23500145.31,2332436.07,13142606.67
2024-09-10,34,0.0,23500145.31,2332436.07,13142606.67
2024-09-11,35,71802.81,23571948.12,2260633.26,13142606.67
2024-09-12,34,108611.8,23680559.92,2152021.46,13142606.67
2024-09-13,34,-26278.96,23654280.96,2178300.42,13142606.67
2024-09-16,35,40754.44,23695035.4,2137545.98,13142606.67
2024-09-17,35,214003.31,23909038.71,1923542.67,13142606.67
2024-09-18,34,47103.19,23956141.9,1876439.48,13142606.67
2024-09-19,34,13288.4,23969430.3,1863151.08,13142606.67
2024-09-20,34,-420.31,23969009.99,1863571.39,13142606.67
2024-09-23,35,200309.43,24169319.42,1663261.96,13142606.67
2024-09-24,34,89373.21,24258692.63,1573888.75,13142606.67
2024-09-25,33,-113055.66,24145636.97,1686944.41,13142606.67
2024-09-26,31,26436.6,24172073.57,1660507.81,13142606.67
2024-09-27,32,105214.56,24277288.13,1555293.25,13142606.67
2024-09-30,32,102731.8,24380019.93,1452561.45,13142606.67
2024-10-01,34,30562.37,24410582.3,1421999.08,13142606.67
2024-10-02,34,95006.63,24505588.93,1326992.45,13142606.67
2024-10-03,34,-5184.93,24500404.0,1332177.38,13142606.67
2024-10-04,35,66558.81,24566962.81,1265618.57,13142606.67
2024-10-07,36,1065204.73,25632167.54,200413.84,13142606.67
2024-10-08,34,-17281.16,25614886.38,217695.0,13142606.67
2024-10-09,34,316324.17,25931210.55,0.0,13142606.67
2024-10-10,33,143686.09,26074896.64,0.0,13142606.67
2024-10-11,33,37058.06,26111954.7,0.0,13142606.67
2024-10-14,32,-5665.95,26106288.75,5665.95,13142606.67
2024-10-15,32,-107734.03,25998554.72,113399.98,13142606.67
2024-10-16,36,2635.16,26001189.88,110764.82,13142606.67
2024-10-17,37,48208.14,26049398.02,62556.68,13142606.67
2024-10-18,40,208286.42,26257684.44,0.0,13142606.67
2024-10-21,40,-69124.44,26188560.0,69124.44,13142606.67
2024-10-22,40,127448.91,26316008.91,0.0,13142606.67
2024-10-23,39,-97588.61,26218420.3,97588.61,13142606.67
2024-10-24,37,348605.04,26567025.34,0.0,13142606.67
2024-10-25,33,-59488.82,26507536.52,59488.82,13142606.67
2024-10-28,34,155432.66,26662969.18,0.0,13142606.67
2024-10-29,34,-215864.86,26447104.32,215864.86,13142606.67
2024-10-30,33,170993.91,26618098.23,44870.95,13142606.67
2024-10-31,33,-28558.95,26589539.28,73429.9,13142606.67
2024-11-01,31,204563.98,26794103.26,0.0,13142606.67
2024-11-04,31,-125271.27,26668831.99,125271.27,13142606.67
2024-11-05,31,47400.96,26716232.95,77870.31,13142606.67
2024-11-06,33,-315220.41,26401012.54,393090.72,13142606.67
2024-11-07,31,559327.07,26960339.61,0.0,13142606.67
2024-11-08,30,0.0,26960339.61,0.0,13142606.67
2024-11-11,32,0.0,26960339.61,0.0,13142606.67
2024-11-12,33,503639.07,27463978.68,0.0,13142606.67
2024-11-13,29,291614.97,27755593.65,0.0,13142606.67
2024-11-14,29,356730.84,28112324.49,0.0,13142606.67
2024-11-15,28,421835.07,28534159.56,0.0,13142606.67
2024-11-18,28,136020.42,28670179.98,0.0,13142606.67
2024-11-19,30,18012.15,28688192.13,0.0,13142606.67
2024-11-20,33,42678.57,28730870.7,0.0,13142606.67
2024-11-21,35,-50735.73,28680134.97,50735.73,13142606.67
2024-11-22,35,47405.96,28727540.93,3329.77,13142606.67
2024-11-25,34,22860.67,28750401.6,0.0,13142606.67
2024-11-26,35,-32751.94,28717649.66,32751.94,13142606.67
2024-11-27,36,3209.88,28720859.54,29542.06,13142606.67
2024-11-29,37,303953.3,29024812.84,0.0,13142606.67
2024-12-02,38,235338.23,29260151.07,0.0,13142606.67
2024-12-03,39,564966.87,29825117.94,0.0,13142606.67
2024-12-04,39,354364.85,30179482.79,0.0,13142606.67
2024-12-05,37,117100.46,30296583.25,0.0,13142606.67
2024-12-06,36,48071.11,30344654.36,0.0,13142606.67
2024-12-09,35,-29625.18,30315029.18,29625.18,13142606.67
2024-12-10,34,-113835.98,30201193.2,143461.16,13142606.67
2024-12-11,35,-127370.1,30073823.1,270831.26,13142606.67
2024-12-12,35,152584.16,30226407.26,118247.1,13142606.67
2024-12-13,37,164603.73,30391010.99,0.0,13142606.67
2024-12-16,38,376121.91,30767132.9,0.0,13142606.67
2024-12-17,37,282679.34,31049812.24,0.0,13142606.67
2024-12-18,36,-251821.3,30797990.94,251821.3,13142606.67
2024-12-19,28,-36642.86,30761348.08,288464.16,13142606.67
2024-12-20,27,0.0,30761348.08,288464.16,13142606.67
2024-12-23,30,21606.68,30782954.76,266857.48,13142606.67
2024-12-24,28,-91639.84,30691314.92,358497.32,13142606.67
2024-12-26,27,-116557.7,30574757.22,475055.02,13142606.67
2024-12-27,27,-149124.9,30425632.32,624179.92,13142606.67
2024-12-30,27,-73837.09,30351795.23,698017.01,13142606.67
2024-12-31,27,0.0,30351795.23,698017.01,13142606.67
2025-01-02,28,-13598.5,30338196.73,711615.51,13142606.67
2025-01-03,28,12543.34,30350740.07,699072.17,13142606.67
2025-01-06,28,47534.04,30398274.11,651538.13,13142606.67
2025-01-07,29,-95421.97,30302852.14,746960.1,13142606.67
2025-01-08,26,-27466.32,30275385.82,774426.42,13142606.67
2025-01-10,26,-305749.77,29969636.05,1080176.19,13142606.67
2025-01-13,25,-42104.35,29927531.7,1122280.54,13142606.67
2025-01-14,23,0.0,29927531.7,1122280.54,13142606.67
2025-01-15,25,50815.7,29978347.4,1071464.84,13142606.67
2025-01-16,24,0.0,29978347.4,1071464.84,13142606.67
2025-01-17,27,0.0,29978347.4,1071464.84,13142606.67
2025-01-21,28,-27493.46,29950853.94,1098958.3,13142606.67
2025-01-22,30,49211.63,30000065.57,1049746.67,13142606.67
2025-01-23,30,-275958.94,29724106.63,1325705.61,13142606.67
2025-01-24,26,57301.46,29781408.09,1268404.15,13142606.67
2025-01-27,27,-390602.67,29390805.42,1659006.82,13142606.67
2025-01-28,26,-3348.81,29387456.61,1662355.63,13142606.67
2025-01-29,27,-104289.8,29283166.81,1766645.43,13142606.67
2025-01-30,29,61345.91,29344512.72,1705299.52,13142606.67
2025-01-31,28,-208149.98,29136362.74,1913449.5,13142606.67
2025-02-03,30,-123136.15,29013226.59,2036585.65,13142606.67
2025-02-04,32,-69075.81,28944150.78,2105661.46,13142606.67
2025-02-05,36,-292395.17,28651755.61,2398056.63,13142606.67
2025-02-06,39,-122200.54,28529555.07,2520257.17,13142606.67
2025-02-07,39,-106500.99,28423054.08,2626758.16,13142606.67
2025-02-10,39,117448.2,28540502.28,2509309.96,13142606.67
2025-02-11,39,0.0,28540502.28,2509309.96,13142606.67
2025-02-12,42,98158.3,28638660.58,2411151.66,13142606.67
2025-02-13,40,0.0,28638660.58,2411151.66,13142606.67
2025-02-14,43,0.0,28638660.58,2411151.66,13142606.67
2025-02-18,45,-133728.18,28504932.4,2544879.84,13142606.67
2025-02-19,46,142748.89,28647681.29,2402130.95,13142606.67
2025-02-20,47,50349.71,28698031.0,2351781.24,13142606.67
2025-02-21,51,-49159.82,28648871.18,2400941.06,13142606.67
2025-02-24,51,-400560.8,28248310.38,2801501.86,13142606.67
2025-02-25,50,-27516.26,28220794.12,2829018.12,13142606.67
2025-02-26,49,-102455.13,28118338.99,2931473.25,13142606.67
2025-02-27,49,-108354.34,28009984.65,3039827.59,13142606.67
2025-02-28,49,361965.15,28371949.8,2677862.44,13142606.67
2025-03-03,50,-299803.73,28072146.07,2977666.17,13142606.67
2025-03-04,51,-431803.39,27640342.68,3409469.56,13142606.67
2025-03-05,47,-64270.31,27576072.37,3473739.87,13142606.67
2025-03-06,44,-338806.88,27237265.49,3812546.75,13142606.67
2025-03-07,42,-260554.66,26976710.83,4073101.41,13142606.67
2025-03-10,41,26118.87,27002829.7,4046982.54,13142606.67
2025-03-11,42,22961.22,27025790.92,4024021.32,13142606.67
2025-03-12,39,-55095.79,26970695.13,4079117.11,13142606.67
2025-03-13,37,-261167.34,26709527.79,4340284.45,13142606.67
2025-03-14,34,62611.53,26772139.32,4277672.92,13142606.67
2025-03-17,34,30786.14,26802925.46,4246886.78,13142606.67
2025-03-18,36,0.0,26802925.46,4246886.78,13142606.67
2025-03-19,37,23414.69,26826340.15,4223472.09,13142606.67
2025-03-20,37,42332.0,26868672.15,4181140.09,13142606.67
2025-03-21,36,4836.74,26873508.89,4176303.35,13142606.67
2025-03-24,36,0.0,26873508.89,4176303.35,13142606.67
2025-03-25,36,3011.4,26876520.29,4173291.95,13142606.67
2025-03-26,35,0.0,26876520.29,4173291.95,13142606.67
2025-03-27,35,51603.39,26928123.68,4121688.56,13142606.67
2025-03-28,35,-204232.39,26723891.29,4325920.95,13142606.67
2025-03-31,33,-166398.11,26557493.18,4492319.06,13142606.67
2025-04-01,33,-21635.05,26535858.13,4513954.11,13142606.67
2025-04-02,32,110597.99,26646456.12,4403356.12,13142606.67
2025-04-03,30,-255206.78,26391249.34,4658562.9,13142606.67
2025-04-04,28,-856440.83,25534808.51,5515003.73,13142606.67
2025-04-07,19,-416538.73,25118269.78,5931542.46,13142606.67
2025-04-08,14,-62752.62,25055517.16,5994295.08,13142606.67
2025-04-09,15,-24211.3,25031305.86,6018506.38,13142606.67
2025-04-10,15,0.0,25031305.86,6018506.38,13142606.67
2025-04-11,15,27520.82,25058826.68,5990985.56,13142606.67
2025-04-14,16,-62111.76,24996714.92,6053097.32,13142606.67
2025-04-15,16,0.0,24996714.92,6053097.32,13142606.67
2025-04-16,17,0.0,24996714.92,6053097.32,13142606.67
2025-04-17,19,-141724.61,24854990.31,6194821.93,13142606.67
2025-04-21,20,-277745.43,24577244.88,6472567.36,13142606.67
2025-04-22,20,-78879.43,24498365.45,6551446.79,13142606.67
2025-04-23,20,0.0,24498365.45,6551446.79,13142606.67
2025-04-24,21,0.0,24498365.45,6551446.79,13142606.67
2025-04-25,23,0.0,24498365.45,6551446.79,13142606.67
2025-04-28,25,0.0,24498365.45,6551446.79,13142606.67
2025-04-29,26,-18923.12,24479442.33,6570369.91,13142606.67
2025-04-30,26,203740.21,24683182.54,6366629.7,13142606.67
2025-05-01,28,0.0,24683182.54,6366629.7,13142606.67
2025-05-02,31,-171082.96,24512099.58,6537712.66,13142606.67
2025-05-05,32,140297.85,24652397.43,6397414.81,13142606.67
2025-05-06,35,-169812.31,24482585.12,6567227.12,13142606.67
2025-05-07,34,163088.5,24645673.62,6404138.62,13142606.67
2025-05-08,35,0.0,24645673.62,6404138.62,13142606.67
2025-05-09,37,0.0,24645673.62,6404138.62,13142606.67
2025-05-12,39,295724.79,24941398.41,6108413.83,13142606.67
2025-05-13,39,73152.08,25014550.49,6035261.75,13142606.67
2025-05-14,39,-187260.35,24827290.14,6222522.1,13142606.67
2025-05-15,40,329525.17,25156815.31,5892996.93,13142606.67
2025-05-16,40,276300.56,25433115.87,5616696.37,13142606.67
2025-05-19,43,-13413.94,25419701.93,5630110.31,13142606.67
2025-05-20,45,82630.49,25502332.42,5547479.82,13142606.67
2025-05-21,47,-33241.6,25469090.82,5580721.42,13142606.67
2025-05-22,50,-172926.1,25296164.72,5753647.52,13142606.67
2025-05-23,49,-299462.18,24996702.54,6053109.7,13142606.67
2025-05-27,46,-46130.1,24950572.44,6099239.8,13142606.67
2025-05-28,48,0.0,24950572.44,6099239.8,13142606.67
2025-05-29,52,-31141.7,24919430.74,6130381.5,13142606.67
2025-05-30,51,75955.22,24995385.96,6054426.28,13142606.67
2025-06-02,49,119309.9,25114695.86,5935116.38,13142606.67
2025-06-03,50,528260.96,25642956.82,5406855.42,13142606.67
2025-06-04,48,506607.14,26149563.96,4900248.28,13142606.67
2025-06-05,47,114414.25,26263978.21,4785834.03,13142606.67
2025-06-06,45,21457.3,26285435.51,4764376.73,13142606.67
2025-06-09,45,20149.99,26305585.5,4744226.74,13142606.67
2025-06-10,45,43418.46,26349003.96,4700808.28,13142606.67
2025-06-11,49,65183.8,26414187.76,4635624.48,13142606.67
2025-06-12,50,-229099.26,26185088.5,4864723.74,13142606.67
2025-06-13,50,-76514.16,26108574.34,4941237.9,13142606.67
2025-06-16,52,305502.69,26414077.03,4635735.21,13142606.67
2025-06-17,50,402556.63,26816633.66,4233178.58,13142606.67
2025-06-18,50,-45992.09,26770641.57,4279170.67,13142606.67
2025-06-20,49,372782.08,27143423.65,3906388.59,13142606.67
2025-06-23,47,65709.02,27209132.67,3840679.57,13142606.67
2025-06-24,47,134876.54,27344009.21,3705803.03,13142606.67
2025-06-25,49,285249.89,27629259.1,3420553.14,13142606.67
2025-06-26,47,281827.33,27911086.43,3138725.81,13142606.67
2025-06-27,46,0.0,27911086.43,3138725.81,13142606.67
2025-06-30,48,65462.13,27976548.56,3073263.68,13142606.67
2025-07-01,49,191364.77,28167913.33,2881898.91,13142606.67
2025-07-02,47,315314.19,28483227.52,2566584.72,13142606.67
2025-07-03,48,-136460.71,28346766.81,2703045.43,13142606.67
2025-07-07,47,184698.89,28531465.7,2518346.54,13142606.67
2025-07-08,47,-32648.72,28498816.98,2550995.26,13142606.67
2025-07-09,48,194678.41,28693495.39,2356316.85,13142606.67
2025-07-10,48,650626.75,29344122.14,1705690.1,13142606.67
2025-07-11,46,160329.26,29504451.4,1545360.84,13142606.67
2025-07-14,44,182631.11,29687082.51,1362729.73,13142606.67
2025-07-15,42,211997.26,29899079.77,1150732.47,13142606.67
2025-07-16,41,342764.73,30241844.5,807967.74,13142606.67
2025-07-17,42,104822.69,30346667.19,703145.05,13142606.67
2025-07-18,40,991347.46,31338014.65,0.0,13142606.67
2025-07-21,41,-64949.32,31273065.33,64949.32,13142606.67
2025-07-22,41,110025.67,31383091.0,0.0,13142606.67
2025-07-23,39,217126.2,31600217.2,0.0,13142606.67
2025-07-24,39,-36806.14,31563411.06,36806.14,13142606.67
2025-07-25,40,604318.63,32167729.69,0.0,13142606.67
2025-07-28,40,94984.81,32262714.5,0.0,13142606.67
2025-07-29,40,-118178.11,32144536.39,118178.11,13142606.67
2025-07-30,39,-142759.09,32001777.3,260937.2,13142606.67
2025-07-31,39,-222397.5,31779379.8,483334.7,13142606.67
2025-08-01,37,-624257.72,31155122.08,1107592.42,13142606.67
2025-08-04,34,109816.5,31264938.58,997775.92,13142606.67
2025-08-05,35,-232562.26,31032376.32,1230338.18,13142606.67
2025-08-06,34,-219612.67,30812763.65,1449950.85,13142606.67
2025-08-07,33,4839.59,30817603.24,1445111.26,13142606.67
2025-08-08,33,-32876.75,30784726.49,1477988.01,13142606.67
2025-08-11,33,283280.12,31068006.61,1194707.89,13142606.67
2025-08-12,33,199307.34,31267313.95,995400.55,13142606.67
2025-08-13,33,265881.98,31533195.93,729518.57,13142606.67
2025-08-14,31,0.0,31533195.93,729518.57,13142606.67
2025-08-15,34,-80006.0,31453189.93,809524.57,13142606.67
2025-08-18,33,38187.24,31491377.17,771337.33,13142606.67
2025-08-19,32,724.56,31492101.73,770612.77,13142606.67
2025-08-20,33,-84385.36,31407716.37,854998.13,13142606.67
2025-08-21,33,-42963.22,31364753.15,897961.35,13142606.67
2025-08-22,32,0.0,31364753.15,897961.35,13142606.67
2025-08-25,33,-168931.52,31195821.63,1066892.87,13142606.67
2025-08-26,35,115243.38,31311065.01,951649.49,13142606.67
2025-08-27,33,71126.7,31382191.71,880522.79,13142606.67
2025-08-28,33,61240.88,31443432.59,819281.91,13142606.67
2025-08-29,33,715232.06,32158664.65,104049.85,13142606.67
2025-09-02,32,-84714.74,32073949.91,188764.59,13142606.67
2025-09-03,32,-36917.81,32037032.1,225682.4,13142606.67
2025-09-04,33,-36721.34,32000310.76,262403.74,13142606.67
2025-09-05,33,128315.0,32128625.76,134088.74,13142606.67
2025-09-08,34,36252.05,32164877.81,97836.69,13142606.67
2025-09-09,35,100795.14,32265672.95,0.0,13142606.67
2025-09-10,35,7515.52,32273188.47,0.0,13142606.67
2025-09-11,35,478425.16,32751613.63,0.0,13142606.67
2025-09-12,34,-62368.44,32689245.19,62368.44,13142606.67
2025-09-15,32,28959.56,32718204.75,33408.88,13142606.67
2025-09-16,33,-1416.78,32716787.97,34825.66,13142606.67
2025-09-17,33,349579.2,33066367.17,0.0,13142606.67
2025-09-18,32,55985.19,33122352.36,0.0,13142606.67
2025-09-19,32,249612.83,33371965.19,0.0,13142606.67
2025-09-22,34,0.0,33371965.19,0.0,13142606.67
2025-09-23,35,131153.01,33503118.2,0.0,13142606.67
2025-09-24,32,35834.84,33538953.04,0.0,13142606.67
2025-09-25,33,54929.56,33593882.6,0.0,13142606.67
2025-09-26,32,155668.47,33749551.07,0.0,13142606.67
2025-09-29,31,50576.53,33800127.6,0.0,13142606.67
2025-09-30,32,119590.08,33919717.68,0.0,13142606.67
2025-10-01,30,178257.46,34097975.14,0.0,13142606.67
2025-10-02,30,405081.34,34503056.48,0.0,13142606.67
2025-10-03,32,-168410.94,34334645.54,168410.94,13142606.67
2025-10-06,30,306829.54,34641475.08,0.0,13142606.67
2025-10-07,29,40272.13,34681747.21,0.0,13142606.67
2025-10-08,29,250206.98,34931954.19,0.0,13142606.67
2025-10-09,30,0.0,34931954.19,0.0,13142606.67
2025-10-10,32,-107481.29,34824472.9,107481.29,13142606.67
2025-10-13,27,-1642.45,34822830.45,109123.74,13142606.67
2025-10-14,27,652.79,34823483.24,108470.95,13142606.67
2025-10-15,28,402693.99,35226177.23,0.0,13142606.67
2025-10-16,29,263379.79,35489557.02,0.0,13142606.67
2025-10-17,29,335432.42,35824989.44,0.0,13142606.67
2025-10-20,28,-90583.95,35734405.49,90583.95,13142606.67
2025-10-21,30,-118633.24,35615772.25,209217.19,13142606.67
2025-10-22,31,268149.26,35883921.51,0.0,13142606.67
2025-10-23,32,0.0,35883921.51,0.0,13142606.67
2025-10-24,32,0.0,35883921.51,0.0,13142606.67
2025-10-27,36,96155.6,35980077.11,0.0,13142606.67
2025-10-28,35,39394.25,36019471.36,0.0,13142606.67
2025-10-29,39,75098.85,36094570.21,0.0,13142606.67
2025-10-30,39,-304083.01,35790487.2,304083.01,13142606.67
2025-10-31,36,0.0,35790487.2,304083.01,13142606.67
2025-11-03,37,-167702.27,35622784.93,471785.28,13142606.67
2025-11-04,39,-407201.86,35215583.07,878987.14,13142606.67
2025-11-05,37,-72590.54,35142992.53,951577.68,13142606.67
2025-11-06,35,-421009.35,34721983.18,1372587.03,13142606.67
2025-11-07,34,-100494.55,34621488.63,1473081.58,13142606.67
2025-11-10,33,54092.78,34675581.41,1418988.8,13142606.67
2025-11-11,33,0.0,34675581.41,1418988.8,13142606.67
2025-11-12,34,15709.18,34691290.59,1403279.62,13142606.67
2025-11-13,34,-113435.19,34577855.4,1516714.81,13142606.67
2025-11-14,35,-213518.16,34364337.24,1730232.97,13142606.67
2025-11-17,34,-89326.37,34275010.87,1819559.34,13142606.67
2025-11-18,33,128976.03,34403986.9,1690583.31,13142606.67
2025-11-19,32,263566.8,34667553.7,1427016.51,13142606.67
2025-11-20,30,-266972.49,34400581.21,1693989.0,13142606.67
2025-11-21,31,-228872.39,34171708.82,1922861.39,13142606.67
2025-11-24,28,0.0,34171708.82,1922861.39,13142606.67
2025-11-25,30,236537.35,34408246.17,1686324.04,13142606.67
2025-11-26,29,-44258.95,34363987.22,1730582.99,13142606.67
2025-11-28,29,129439.12,34493426.34,1601143.87,13142606.67
2025-12-01,31,0.0,34493426.34,1601143.87,13142606.67
2025-12-02,33,71691.71,34565118.05,1529452.16,13142606.67
2025-12-03,31,107705.07,34672823.12,1421747.09,13142606.67
2025-12-04,30,-310229.48,34362593.64,1731976.57,13142606.67
2025-12-05,30,2872.76,34365466.4,1729103.81,13142606.67
2025-12-08,29,29740.91,34395207.31,1699362.9,13142606.67
2025-12-09,30,31366.99,34426574.3,1667995.91,13142606.67
2025-12-10,30,0.0,34426574.3,1667995.91,13142606.67
2025-12-11,32,72056.92,34498631.22,1595938.99,13142606.67
2025-12-12,31,338795.99,34837427.21,1257143.0,13142606.67
2025-12-15,30,-28984.78,34808442.43,1286127.78,13142606.67
2025-12-16,32,-22991.23,34785451.2,1309119.01,13142606.67
2025-12-17,32,-115029.78,34670421.42,1424148.79,13142606.67
2025-12-18,33,8907.12,34679328.54,1415241.67,13142606.67
2025-12-19,33,278486.4,34957814.94,1136755.27,13142606.67
2025-12-22,31,4283.89,34962098.83,1132471.38,13142606.67
2025-12-23,31,13905.17,34976004.0,1118566.21,13142606.67
2025-12-24,32,37356.15,35013360.15,1081210.06,13142606.67
2025-12-26,32,33728.08,35047088.23,1047481.98,13142606.67
2025-12-29,30,297565.09,35344653.32,749916.89,13142606.67
2025-12-30,29,131151.56,35475804.88,618765.33,13142606.67
2025-12-31,28,0.0,35475804.88,618765.33,13142606.67
2026-01-02,31,0.0,35475804.88,618765.33,13142606.67
2026-01-05,32,-93068.0,35382736.88,711833.33,13142606.67
2026-01-06,32,-29851.67,35352885.21,741685.0,13142606.67
2026-01-07,30,176993.37,35529878.58,564691.63,13142606.67
2026-01-08,30,28712.66,35558591.24,535978.97,13142606.67
2026-01-09,30,223778.57,35782369.81,312200.4,13142606.67
2026-01-12,30,-156569.89,35625799.92,468770.29,13142606.67
2026-01-13,29,-253520.47,35372279.45,722290.76,13142606.67
2026-01-14,30,-219755.31,35152524.14,942046.07,13142606.67
2026-01-15,31,104190.29,35256714.43,837855.78,13142606.67
2026-01-16,32,0.0,35256714.43,837855.78,13142606.67
2026-01-20,33,-26479.89,35230234.54,864335.67,13142606.67
2026-01-21,34,-76923.28,35153311.26,941258.95,13142606.67
2026-01-22,34,126970.9,35280282.16,814288.05,13142606.67
2026-01-23,36,-34575.51,35245706.65,848863.56,13142606.67
2026-01-26,39,90548.56,35336255.21,758315.0,13142606.67
2026-01-27,41,-150004.63,35186250.58,908319.63,13142606.67
2026-01-28,40,-126096.54,35060154.04,1034416.17,13142606.67
2026-01-29,38,87357.31,35147511.35,947058.86,13142606.67
2026-01-30,39,-13622.32,35133889.03,960681.18,13142606.67
2026-02-02,37,-26800.51,35107088.52,987481.69,13142606.67
2026-02-03,39,212147.13,35319235.65,775334.56,13142606.67
2026-02-04,38,-203631.71,35115603.94,978966.27,13142606.67
2026-02-05,37,87874.17,35203478.11,891092.1,13142606.67
2026-02-06,38,184870.18,35388348.29,706221.92,13142606.67
2026-02-09,37,94577.77,35482926.06,611644.15,13142606.67
2026-02-10,39,400508.95,35883435.01,211135.2,13142606.67
2026-02-11,39,363097.9,36246532.91,0.0,13142606.67
2026-02-12,38,66581.83,36313114.74,0.0,13142606.67
2026-02-13,36,149243.16,36462357.9,0.0,13142606.67
2026-02-17,34,0.0,36462357.9,0.0,13142606.67
2026-02-18,37,1449167.72,37911525.62,0.0,13142606.67
2026-02-19,36,93352.55,38004878.17,0.0,13142606.67
2026-02-20,37,315838.32,38320716.49,0.0,13142606.67
2026-02-23,35,146964.34,38467680.83,0.0,13142606.67
2026-02-24,34,44681.49,38512362.32,0.0,13142606.67
2026-02-25,33,74598.64,38586960.96,0.0,13142606.67
2026-02-26,34,-158767.96,38428193.0,158767.96,13142606.67
2026-02-27,34,-187954.02,38240238.98,346721.98,13142606.67
2026-03-02,36,16871.12,38257110.1,329850.86,13142606.67
2026-03-03,34,56276.22,38313386.32,273574.64,13142606.67
2026-03-04,30,-25905.41,38287480.91,299480.05,13142606.67
2026-03-05,31,-449786.97,37837693.94,749267.02,13142606.67
2026-03-06,28,-253742.95,37583950.99,1003009.97,13142606.67
2026-03-09,24,-56097.34,37527853.65,1059107.31,13142606.67
2026-03-10,23,174022.78,37701876.43,885084.53,13142606.67
2026-03-11,20,108897.17,37810773.6,776187.36,13142606.67
2026-03-12,18,-54486.02,37756287.58,830673.38,13142606.67
2026-03-13,17,0.0,37756287.58,830673.38,13142606.67
2026-03-16,17,103379.09,37859666.67,727294.29,13142606.67
2026-03-17,16,216316.95,38075983.62,510977.34,13142606.67
2026-03-18,13,-233380.16,37842603.46,744357.5,13142606.67
2026-03-19,10,-168993.53,37673609.93,913351.03,13142606.67
2026-03-20,8,-178010.97,37495598.96,1091362.0,13142606.67
2026-03-23,6,-48275.26,37447323.7,1139637.26,13142606.67
2026-03-24,5,0.0,37447323.7,1139637.26,13142606.67
2026-03-25,5,28648.56,37475972.26,1110988.7,13142606.67
2026-03-26,4,0.0,37475972.26,1110988.7,13142606.67
2026-03-27,4,-105349.1,37370623.16,1216337.8,13142606.67
2026-03-30,1,0.0,37370623.16,1216337.8,13142606.67
2026-03-31,1,0.0,37370623.16,1216337.8,13142606.67
2026-04-01,1,51083.73,37421706.89,1165254.07,13142606.67
