feature,winner_mean,loser_mean,cohens_d,t_stat,p_value,spearman_r,spearman_p,q1_mean_ret,q2_mean_ret,q3_mean_ret,q4_mean_ret,q5_mean_ret,q1_wr,q5_wr,q_return_spread,q_wr_spread,monotonic_score,n_valid,abs_d,abs_t
exit_rsi_14,61.90104592182926,44.109769175713076,2.1447989732844603,57.36594197941186,0.0,0.8423824603404693,0.0,-13.911704347826088,-4.737947826086957,1.6998086956521739,7.365547826086956,16.316000000000003,0.01217391304347826,0.9860869565217392,30.22770434782609,0.9739130434782609,1.0,2875,2.1447989732844603,57.36594197941186
exit_bb_pctb,0.7265605976809233,0.2736524563059976,1.941637717782984,51.92681997483366,0.0,0.7520111764336773,0.0,-10.711756521739131,-6.394956521739131,1.5720869565217392,8.815565217391304,13.450765217391304,0.04521739130434783,0.9617391304347827,24.162521739130433,0.9165217391304348,1.0,2875,1.941637717782984,51.92681997483366
exit_minus_di,17.327932741079657,27.32723827645634,-1.6855175532715903,-44.31099056278428,0.0,-0.7484505059525957,0.0,14.808904347826088,7.558626086956521,0.6132,-4.4817217391304345,-11.767304347826087,0.9617391304347827,0.059130434782608696,-26.576208695652177,-0.9026086956521739,-1.0,2875,1.6855175532715903,44.31099056278428
exit_roc_20,10.606119148413866,-9.20930243672652,1.5995751101375224,44.142379776057446,0.0,0.9871726628937938,0.0,-16.499478260869566,-4.361060869565217,0.7576,5.591652173913043,21.242991304347825,0.0017391304347826088,0.9982608695652174,37.74246956521739,0.9965217391304348,1.0,2875,1.5995751101375224,44.142379776057446
exit_plus_di,30.71261707647188,20.931539420037016,1.5810818454753521,42.93832187819257,3.6894107098966e-311,0.7463175049069984,0.0,-11.810208695652173,-4.251860869565218,0.5559304347826086,6.664608695652174,15.573234782608697,0.06260869565217392,0.951304347826087,27.383443478260872,0.8886956521739131,1.0,2875,1.5810818454753521,42.93832187819257
exit_stoch_d,67.0320779259751,32.531745732156644,1.526882789891323,40.81462334437612,1.9737886593782528e-286,0.6767347538653192,0.0,-10.995391304347827,-3.7872347826086954,1.1408347826086958,8.063565217391305,12.30993043478261,0.10086956521739131,0.9182608695652174,23.305321739130434,0.817391304347826,1.0,2875,1.526882789891323,40.81462334437612
exit_sma20_slope_5d,2.6217329865688748,-1.7965476966785745,1.4959870489911362,40.44307147204876,1.8725324335384267e-283,0.9041041143217001,0.0,-15.318052173913042,-4.012365217391305,0.9296347826086956,5.247826086956522,19.884660869565217,0.0052173913043478265,0.9669565217391304,35.202713043478255,0.9617391304347825,1.0,2875,1.4959870489911362,40.44307147204876
exit_stoch_k,66.5781944955343,31.87308494089043,1.3778591356287182,36.875910169391695,2.240629883561754e-243,0.6268198031795641,0.0,-9.777860869565218,-4.032121739130434,1.5405391304347826,6.911547826086957,12.0896,0.1356521739130435,0.8956521739130435,21.86746086956522,0.76,1.0,2875,1.3778591356287182,36.875910169391695
exit_dist_sma20_pct,4.319712692945044,-4.686223259475762,1.3352200794301807,36.03982395435373,5.260970931421575e-235,0.8199056757586581,0.0,-13.948,-3.5907652173913043,0.8386260869565217,4.8628347826086955,18.569008695652176,0.05565217391304348,0.9495652173913044,32.51700869565218,0.893913043478261,1.0,2875,1.3352200794301807,36.03982395435373
exit_dist_sma50_pct,12.98727173604277,-2.833471658815178,1.280337612988128,35.19869638275517,2.0043480506680897e-223,0.8509684529125866,0.0,-14.482069565217392,-3.8363478260869566,0.921008695652174,5.092904347826087,19.036208695652174,0.036521739130434785,0.9530434782608695,33.518278260869565,0.9165217391304348,1.0,2875,1.280337612988128,35.19869638275517
exit_pct_from_20d_high,-4.655877601886563,-13.284163751673853,1.1291140886931466,29.194016641713624,1.7519523365239127e-157,0.6327661985253111,0.0,-11.167478260869565,-1.1344347826086956,3.372591304347826,6.933947826086957,8.727078260869565,0.1582608695652174,0.9530434782608695,19.89455652173913,0.7947826086956522,1.0,2875,1.1291140886931466,29.194016641713624
exit_roc_10,4.903744794745174,-4.47613976273934,0.9920569652930975,26.93341040605831,1.4501641875359114e-142,0.6468537384435848,0.0,-10.824139130434784,-2.5827999999999998,0.6278608695652174,4.112295652173914,15.398486956521738,0.14608695652173914,0.8678260869565217,26.222626086956524,0.7217391304347827,1.0,2875,0.9920569652930975,26.93341040605831
exit_sma50_slope_5d,2.2724124916036206,0.5274124521399545,0.7983405582360337,21.823631375388846,1.3728244708401208e-97,0.5758708989919913,1.1258457732318117e-253,-9.69384347826087,-2.8334434782608695,1.3949739130434782,4.0364695652173905,13.827547826086956,0.1582608695652174,0.7913043478260869,23.521391304347826,0.6330434782608696,1.0,2875,0.7983405582360337,21.823631375388846
exit_adx_14,30.05903319405735,22.560042355497437,0.7508809437403867,20.635225192967155,6.146313985463401e-88,0.3673382469549824,1.497958768025235e-92,-2.639408695652174,-2.0529565217391306,-1.3195478260869566,1.3347304347826088,11.408886956521739,0.36,0.8417391304347827,14.048295652173913,0.48173913043478267,1.0,2875,0.7508809437403867,20.635225192967155
spy_exit_roc_20,2.4702533155729203,-1.02713923778337,0.7496131672520288,19.6185989687824,1.3384545341618444e-79,0.40814731863868864,7.568579375980201e-116,-7.101373913043478,-0.7785565217391304,1.448,5.196921739130435,7.9667130434782605,0.22608695652173913,0.7565217391304347,15.06808695652174,0.5304347826086956,1.0,2875,0.7496131672520288,19.6185989687824
exit_pct_from_20d_low,15.677404231631263,5.857424564886009,0.7366392610869814,20.634750831486667,1.3914209986340314e-86,0.6376471888183424,0.0,-8.094226086956523,-3.891113043478261,-1.099791304347826,3.041234782608696,16.775599999999997,0.07304347826086957,0.84,24.86982608695652,0.7669565217391304,1.0,2875,0.7366392610869814,20.634750831486667
exit_dist_sma8_pct,1.4515835583412224,-1.758748549994249,0.6993943168925485,18.623183851714117,5.171144847268695e-73,0.45564077981194706,2.190563146232171e-147,-7.3759304347826085,-1.573808695652174,1.2991304347826087,3.51615652173913,10.86615652173913,0.23304347826086957,0.7443478260869565,18.24208695652174,0.5113043478260869,1.0,2875,0.6993943168925485,18.623183851714117
exit_pct_from_52w_high,-13.045664473899036,-25.93856566839382,0.6769349976263728,17.605021318912208,1.9758549866019305e-65,0.44832285540387024,3.6292943806024824e-139,-5.826287744227353,-0.6438612099644128,0.38738898756660756,4.196992882562277,8.833623445825932,0.30905861456483125,0.9342806394316163,14.659911190053286,0.625222024866785,1.0,2813,0.6769349976263728,17.605021318912208
spy_exit_rsi_14,58.06591360620545,51.01080580258598,0.6517012103922716,17.25157247975684,2.695471588614191e-63,0.3259833758313578,3.7115667980782156e-72,-5.449530434782608,-1.2296,3.022017391304348,3.7985565217391306,6.590260869565218,0.29043478260869565,0.7269565217391304,12.039791304347826,0.43652173913043474,1.0,2875,0.6517012103922716,17.25157247975684
exit_dist_sma200_pct,24.159050002248918,1.5854449802923427,0.6466581056678056,17.863332946403094,3.808270216209877e-67,0.5383948383322135,3.695027920259756e-213,-9.19012323943662,-2.613961267605634,1.8901234567901235,3.584735915492958,13.289665492957747,0.2306338028169014,0.7992957746478874,22.47978873239437,0.568661971830986,1.0,2839,0.6466581056678056,17.863332946403094
spy_exit_dist_sma50_pct,2.2937553804783737,-0.27748375027241684,0.6154799319390654,16.06153125464478,3.9102161752948664e-55,0.3375615384629138,1.474064346122942e-77,-5.136573913043478,-1.0978608695652174,1.783321739130435,4.2273565217391305,6.955460869565218,0.3026086956521739,0.7408695652173913,12.092034782608696,0.4382608695652174,1.0,2875,0.6154799319390654,16.06153125464478
spy_exit_dist_sma20_pct,1.0853090778853571,-0.5726659576424438,0.6022509581349407,15.681438484293974,1.0631632124536326e-52,0.31995763119143744,1.9439172368506603e-69,-5.831182608695652,0.1461565217391305,1.9349913043478264,3.8104521739130437,6.671286956521739,0.2747826086956522,0.697391304347826,12.502469565217392,0.42260869565217385,1.0,2875,0.6022509581349407,15.681438484293974
spy_exit_bb_pctb,0.670197257194829,0.4905709948471264,0.5833506016212912,15.409695880964167,2.3842436946828213e-51,0.2870168955680436,1.200214853899039e-55,-4.905495652173912,-0.8885217391304349,2.801408695652174,4.504365217391305,5.2199478260869565,0.30434782608695654,0.6556521739130434,10.12544347826087,0.3513043478260869,1.0,2875,0.5833506016212912,15.409695880964167
spy_exit_pct_from_20d_high,-1.7870140146156746,-3.7503355332494337,0.5668689330986777,14.593481064349005,6.714924116020025e-46,0.30564391147555525,3.1711331710108634e-63,-5.648313043478261,-0.7412521739130435,3.147113043478261,4.878869565217391,5.095286956521739,0.2956521739130435,0.688695652173913,10.7436,0.39304347826086955,1.0,2875,0.5668689330986777,14.593481064349005
exit_macd,4.6356059302280626,-1.1472290499881503,0.5112233544282276,14.341807139260936,1.2994201573743638e-44,0.7298476963039747,0.0,-13.212678260869565,-4.095582608695652,4.186139130434783,8.566991304347827,11.286834782608697,0.02782608695652174,0.9026086956521739,24.49951304347826,0.8747826086956522,1.0,2875,0.5112233544282276,14.341807139260936
spy_exit_roc_10,1.1732851022223765,-0.5759409981735222,0.5002281728616631,13.094693356362194,6.769292987321662e-38,0.2613320439139089,4.191223881154714e-46,-4.522608695652174,-0.5231304347826086,2.633339130434783,4.179513043478261,4.964591304347826,0.3356521739130435,0.6504347826086957,9.4872,0.3147826086956522,1.0,2875,0.5002281728616631,13.094693356362194
exit_consec_days,0.4313597918022121,-0.5844544095665172,0.43798791682250243,11.706157783428258,6.119277572176489e-31,0.22745432558805187,4.702723796868545e-35,-3.311234782608696,0.6091130434782609,2.0513391304347826,1.7313217391304347,5.651165217391305,0.38608695652173913,0.6834782608695652,8.9624,0.29739130434782607,0.75,2875,0.43798791682250243,11.706157783428258
spy_exit_macd_hist,0.19772668000421986,-0.45325209532480926,0.4137072108334804,10.941858805773187,2.777136129086794e-27,0.22086680378791052,4.2161659810286736e-33,-3.9128347826086958,0.7209217391304348,2.4966260869565216,3.1259652173913044,4.301026086956522,0.3408695652173913,0.6382608695652174,8.213860869565218,0.2973913043478261,1.0,2875,0.4137072108334804,10.941858805773187
spy_exit_dist_sma200_pct,6.437889142284628,3.5174847424131324,0.40220569811162793,10.590377986969266,1.122012468120711e-25,0.19372635516151543,1.0411993435492494e-25,-2.917773913043478,0.042486956521739165,1.9478608695652173,3.74215652173913,3.9169739130434786,0.391304347826087,0.6121739130434782,6.834747826086957,0.22086956521739126,1.0,2875,0.40220569811162793,10.590377986969266
spy_exit_pct_from_20d_low,5.234811890887785,3.905549299085501,0.39777445233486336,10.737706512123665,2.1304615191011667e-26,0.24545799154964873,1.0301467938287347e-40,-3.492521739130435,-0.09909565217391304,2.2378782608695653,2.794730434782609,5.29071304347826,0.33217391304347826,0.6452173913043479,8.783234782608695,0.3130434782608696,1.0,2875,0.39777445233486336,10.737706512123665
spy_exit_pct_from_52w_high,-4.509420731197673,-7.037392498481466,0.38338493321163525,10.09714659273021,1.5661180598568532e-23,0.2235150423905934,7.038840391021033e-34,-2.266504347826087,-0.8534782608695652,1.0179652173913045,3.5530608695652175,5.280660869565217,0.40347826086956523,0.6817391304347826,7.547165217391305,0.2782608695652174,1.0,2875,0.38338493321163525,10.09714659273021
exit_macd_signal,4.682621814098721,0.06000865876636276,0.3785691005930197,10.69932995106954,5.424499761995823e-26,0.6047721913624858,2.1809288201898393e-286,-11.975147826086957,-2.063026086956522,4.682086956521739,6.924017391304348,9.163773913043478,0.06608695652173913,0.8347826086956521,21.138921739130435,0.768695652173913,1.0,2875,0.3785691005930197,10.69932995106954
exit_macd_hist,-0.0470158838706583,-1.207237708754513,0.36509661308605795,9.6140775906859,1.6108713616610253e-21,0.45241893201160494,4.393256500796183e-145,-5.815478260869566,-2.499913043478261,-0.7565391304347826,3.9522782608695652,11.85135652173913,0.29391304347826086,0.8121739130434783,17.666834782608696,0.5182608695652174,1.0,2875,0.36509661308605795,9.6140775906859
entry_body_pct,0.10941676248967476,-0.0797114722668102,0.363886599082394,9.722098617106079,5.374177011774812e-22,0.21092788771702073,2.8376401299341333e-30,-2.9055826086956524,-0.15151304347826083,1.523286956521739,2.8612521739130434,5.404260869565217,0.4052173913043478,0.6382608695652174,8.30984347826087,0.23304347826086963,1.0,2875,0.363886599082394,9.722098617106079
spy_exit_dist_sma8_pct,0.35795270654628625,-0.20477337117408048,0.32369603560245286,8.44894725021261,5.0961237347839583e-17,0.161546581229177,2.8946025589192498e-18,-3.6904869565217395,1.2750608695652175,2.58024347826087,3.75495652173913,2.811930434782609,0.36869565217391304,0.5634782608695652,6.502417391304348,0.19478260869565217,0.75,2875,0.32369603560245286,8.44894725021261
exit_daily_return_pct,0.40581070765716293,-0.6075167476141394,0.32312692350655836,8.628907755006823,1.0205478677052842e-17,0.19695992347317828,1.552624445447981e-26,-1.9575304347826086,-0.6426782608695651,2.0502608695652174,2.4880347826086955,4.793617391304347,0.3739130434782609,0.6104347826086957,6.751147826086956,0.23652173913043478,1.0,2875,0.32312692350655836,8.628907755006823
spy_exit_pct_from_52w_low,32.475786837889835,27.35717864882915,0.31481725704842084,8.387136585127791,7.827369736119587e-17,0.1847542179485058,1.7178442371647838e-23,-4.177408695652174,2.1342434782608697,2.0745739130434786,2.361391304347826,4.3389043478260865,0.3634782608695652,0.6278260869565218,8.51631304347826,0.26434782608695656,0.75,2875,0.31481725704842084,8.387136585127791
exit_body_pct,0.062477179691657905,-0.09535656496071752,0.3011507831497446,8.05094909982284,1.200053774515556e-15,0.17079077476551446,2.9302083698161107e-20,-1.9032521739130437,-0.031860869565217276,1.951078260869565,2.7627478260869562,3.9529913043478264,0.4226086956521739,0.6173913043478261,5.85624347826087,0.19478260869565217,1.0,2875,0.3011507831497446,8.05094909982284
entry_close_location,0.5521543898539041,0.466682562268039,0.28473360470399606,7.612522697626237,3.64425239676138e-14,0.1683629218217134,1.004346663904651e-19,-2.2520521739130435,-0.24944347826086957,2.0031304347826087,2.4564,4.773669565217392,0.42782608695652175,0.648695652173913,7.025721739130436,0.22086956521739126,1.0,2875,0.28473360470399606,7.612522697626237
entry_consec_days,0.7325959661678595,0.0343796711509716,0.27752044630327416,7.4639528433947016,1.1077102180637404e-13,0.15408203360712613,9.74987825025744e-17,-1.6632695652173912,-0.8417739130434783,2.623565217391304,3.8545913043478257,2.758591304347826,0.44173913043478263,0.6086956521739131,4.421860869565217,0.16695652173913045,0.75,2875,0.27752044630327416,7.4639528433947016
entry_daily_return_pct,0.5249738448895757,-0.5374803407574966,0.2763594693921078,7.263695565839361,5.007168018332018e-13,0.20434696900349347,1.771332854658941e-28,-2.553495652173913,0.32711304347826087,0.40408695652173915,2.8624521739130437,5.691547826086956,0.39652173913043476,0.6226086956521739,8.245043478260868,0.22608695652173916,1.0,2875,0.2763594693921078,7.263695565839361
exit_close_location,0.5369123867418985,0.45717481486017314,0.26585911882434654,7.106495131760872,1.5023702589701198e-12,0.1512524398530393,3.53744211174458e-16,-2.2223130434782608,0.5236695652173913,2.141982608695652,3.095026086956522,3.193339130434783,0.41043478260869565,0.6434782608695652,5.415652173913044,0.23304347826086952,1.0,2875,0.26585911882434654,7.106495131760872
entry_stoch_k,73.43212041316241,67.18277033120226,0.2433824454739387,6.471651761880312,1.1444803022142564e-10,0.13173377613574422,1.3286910632000956e-12,0.36617391304347824,-0.10674782608695649,0.810208695652174,2.195217391304348,3.466852173913044,0.4608695652173913,0.6434782608695652,3.1006782608695653,0.18260869565217386,0.75,2875,0.2433824454739387,6.471651761880312
spy_exit_rvol_20d,15.836561625451287,18.45792468921434,-0.2353720069403221,-6.191581283354168,6.932413058668447e-10,-0.16099575917152123,3.774265845675368e-18,3.658313043478261,3.6573565217391306,0.8485043478260871,1.219704347826087,-2.652173913043478,0.6208695652173913,0.41739130434782606,-6.310486956521739,-0.20347826086956528,-0.75,2875,0.2353720069403221,6.191581283354168
spy_exit_consec_days,0.5374105400130124,0.0515695067264574,0.2084599339620746,5.566322302516631,2.8482557916971265e-08,0.08844613208681282,2.037755482820364e-06,-0.7444521739130435,1.4003130434782607,1.3340347826086958,2.1858434782608698,2.5559652173913046,0.4643478260869565,0.6069565217391304,3.300417391304348,0.14260869565217388,0.75,2875,0.2084599339620746,5.566322302516631
entry_bb_pctb,0.7631963726016929,0.7072567586478288,0.20682896020721042,5.507468408081159,3.9755897862474906e-08,0.11965746009267152,1.224511825548358e-10,0.6146434782608696,-0.5988695652173913,1.425617391304348,1.642486956521739,3.6478260869565218,0.4834782608695652,0.6052173913043478,3.033182608695652,0.12173913043478263,0.75,2875,0.20682896020721042,5.507468408081159
entry_pct_from_20d_high,-4.505019350706981,-5.7864900482204105,0.19965820782087887,5.270505195379455,1.4722476275844273e-07,0.10677394630837864,9.521596599237956e-09,1.4944347826086957,0.39669565217391306,1.029095652173913,1.680573913043478,2.1309043478260867,0.4591304347826087,0.6260869565217392,0.6364695652173911,0.1669565217391305,0.75,2875,0.19965820782087887,5.270505195379455
entry_rsi_14,63.16873107716668,61.02346043261642,0.19358645193205598,5.175358139818415,2.434809782300908e-07,0.10126282515230893,5.290974689416424e-08,0.727408695652174,-0.3915478260869565,1.259895652173913,1.7149217391304348,3.4210260869565214,0.4608695652173913,0.6017391304347826,2.6936173913043473,0.14086956521739125,0.75,2875,0.19358645193205598,5.175358139818415
exit_gap_bps,19.567494343634817,-16.755194368001565,0.1835807690270581,4.832604641812313,1.4279457495214205e-06,0.08722272174330876,2.8175343884479893e-06,0.6499478260869564,0.48754782608695657,0.9528347826086957,2.009878260869565,2.6314956521739132,0.44173913043478263,0.551304347826087,1.9815478260869568,0.10956521739130431,0.75,2875,0.1835807690270581,4.832604641812313
spy_entry_daily_return_pct,0.15073745394658167,-0.07185927268443522,0.17853375353057513,4.797710616682036,1.687224530103665e-06,0.10693234843640155,9.05185647442077e-09,-1.029113043478261,1.5540347826086958,0.38593043478260874,1.979913043478261,3.8409391304347826,0.44869565217391305,0.6208695652173913,4.870052173913043,0.1721739130434783,0.75,2875,0.17853375353057513,4.797710616682036
z_score,0.8151781392322708,0.9250460388639762,-0.17810616737860493,-4.796198848360465,1.6996194588258818e-06,-0.0999953131975292,7.752750881817727e-08,4.482017391304348,0.13139130434782612,1.769426086956522,-0.20132173913043475,0.5501913043478261,0.6469565217391304,0.48869565217391303,-3.931826086956522,-0.1582608695652174,0.5,2875,0.17810616737860493,4.796198848360465
entry_pct_from_52w_high,-16.20949544640671,-19.565701156150073,0.16228459785775257,4.244556798235789,2.2672202843248636e-05,0.05567686649407887,0.0031695381791803567,1.0154982206405694,2.0458467023172906,1.5715686274509806,0.6594652406417113,1.6921530249110321,0.4608540925266904,0.608540925266904,0.6766548042704628,0.14768683274021355,0.5,2807,0.16228459785775257,4.244556798235789
exit_range_bps,328.2667904441408,374.6882630836148,-0.16165742299763988,-4.333119438307656,1.5211452395365397e-05,-0.06838782297971109,0.00024293938250453793,1.0332347826086956,1.6635826086956522,0.6436173913043479,1.7786086956521738,1.6126608695652176,0.6156521739130435,0.45565217391304347,0.579426086956522,-0.16000000000000003,0.5,2875,0.16165742299763988,4.333119438307656
exit_pct_from_52w_low,110.4474403150817,62.99804338825611,0.16033866372824845,4.40895920001226,1.0850746693462234e-05,0.3772555333654102,7.715403817184723e-96,-6.813410301953819,-1.0515658362989324,1.2822202486678507,4.028042704626335,9.501545293072825,0.261101243339254,0.6660746003552398,16.314955595026642,0.4049733570159858,1.0,2813,0.16033866372824845,4.40895920001226
exit_rvol_10d,39.795453209595266,45.114798074072034,-0.15860551149935492,-4.208672893040711,2.652553752506196e-05,-0.06854108014862828,0.00023522354377472385,1.3345565217391304,0.9145391304347826,1.8216695652173913,0.5409391304347826,2.12,0.6191304347826087,0.4643478260869565,0.7854434782608697,-0.15478260869565214,0.5,2875,0.15860551149935492,4.208672893040711
spy_entry_rvol_20d,17.21416197050229,15.848698592618264,0.1401318763991552,3.8167930503886027,0.0001380974018789883,0.06338853565191628,0.0006719540507316191,-0.632991304347826,1.9840347826086955,2.5794434782608695,-0.8831478260869565,3.6843652173913046,0.47304347826086957,0.6034782608695652,4.31735652173913,0.13043478260869568,0.75,2875,0.1401318763991552,3.8167930503886027
spy_exit_daily_return_pct,0.08975094964358411,-0.07138414508357449,0.12605712518808065,3.2836251073468152,0.0010402941002989401,0.056848026851147974,0.0022939340172435725,-1.2506608695652175,1.945513043478261,2.5758956521739127,2.9236173913043477,0.5373391304347827,0.43130434782608695,0.5008695652173913,1.7880000000000003,0.06956521739130439,0.75,2875,0.12605712518808065,3.2836251073468152
entry_stoch_d,73.52142981956122,70.74106259608452,0.12131235616456797,3.2369656156123026,0.0012222207923702527,0.06592939359447925,0.000404115370124831,1.7577739130434784,0.4748173913043478,1.049008695652174,1.3077913043478262,2.1423130434782607,0.5078260869565218,0.6086956521739131,0.3845391304347823,0.10086956521739132,0.75,2875,0.12131235616456797,3.2369656156123026
exit_rvol_20d,42.09760675094396,46.28967333348079,-0.12089958027899862,-3.2432235218282988,0.0011955082773131539,-0.059368704033386,0.001448956226693316,1.2674782608695652,1.006208695652174,1.2137739130434781,0.38,2.8642434782608697,0.6139130434782609,0.48,1.5967652173913045,-0.13391304347826094,0.5,2875,0.12089958027899862,3.2432235218282988
exit_rvol,0.9730180345667507,1.0318204188526785,-0.11522243394198159,-3.0575581763362143,0.00225333356137624,-0.050992613680844526,0.006242492721368626,2.5111826086956524,1.4208,1.1997391304347826,1.3612869565217391,0.2386956521739131,0.5721739130434783,0.4643478260869565,-2.2724869565217394,-0.1078260869565218,-0.75,2875,0.11522243394198159,3.0575581763362143
entry_dist_sma8_pct,2.923020152050748,1.8085518430563456,0.11024304366558386,3.0058710704562244,0.0026716031867526305,0.14093541544657368,3.163397651860705e-14,-0.6177391304347826,-0.3309391304347826,1.3592521739130436,1.8452869565217391,4.475843478260869,0.43478260869565216,0.591304347826087,5.093582608695652,0.15652173913043482,1.0,2875,0.11024304366558386,3.0058710704562244
spy_exit_close,476.4201691607027,464.5694020926756,0.10945559698639809,2.931113808855717,0.0034045308609089433,0.053045613045871284,0.0044408591453598874,2.1701739130434783,-0.10650434782608692,1.6889217391304348,0.07834782608695653,2.9007652173913043,0.5165217391304348,0.5860869565217391,0.730591304347826,0.06956521739130439,0.5,2875,0.10945559698639809,2.931113808855717
entry_minus_di,17.13258962783025,17.80681748112947,-0.10590044030840748,-2.8296837064284066,0.004692505852489115,-0.04064806659952493,0.02929731420276624,1.9812521739130435,1.4866608695652173,1.4222608695652175,0.13530434782608697,1.7062260869565218,0.542608695652174,0.5095652173913043,-0.27502608695652175,-0.03304347826086962,-0.75,2875,0.10590044030840748,2.8296837064284066
spy_entry_pct_from_52w_low,30.827215757093622,29.131447132209168,0.1040428769876958,2.7853514296107527,0.005382583413174766,0.06865159501874461,0.00022980287101877306,0.8644695652173914,0.20133913043478252,-0.0629043478260869,1.6307304347826086,4.098069565217391,0.5095652173913043,0.6034782608695652,3.2335999999999996,0.0939130434782609,0.5,2875,0.1040428769876958,2.7853514296107527
exit_bb_bandwidth,0.18096502060498226,0.1976535463515652,-0.09863582424709988,-2.662000082803527,0.007811066362037674,-0.029026444026063875,0.119703171778018,0.5771478260869566,1.2918608695652174,0.7946608695652174,0.9549739130434783,3.1130608695652175,0.5704347826086956,0.4747826086956522,2.535913043478261,-0.09565217391304343,0.75,2875,0.09863582424709988,2.662000082803527
entry_plus_di,32.32003807126145,31.575045337139247,0.08750779101383176,2.3451641527141938,0.019087218994433157,0.04829161539753942,0.009605003095072345,1.5760695652173913,1.2156869565217392,0.03935652173913048,-0.006434782608695612,3.9070260869565216,0.5130434782608696,0.5878260869565217,2.3309565217391306,0.07478260869565212,-0.75,2875,0.08750779101383176,2.3451641527141938
entry_atr_14,4.500098941133813,5.10970889996235,-0.08498546592343699,-2.2407835370278826,0.02512508770661412,-0.03933063218103397,0.03496452310686978,2.7816,1.7154260869565217,1.5687652173913045,0.054573913043478264,0.6113391304347826,0.5234782608695652,0.5060869565217392,-2.1702608695652175,-0.017391304347825987,-0.75,2875,0.08498546592343699,2.2407835370278826
spy_entry_pct_from_20d_low,4.941407671266003,4.662359145455658,0.07854122620870009,2.102505190148565,0.0355972207344843,0.042493805492650985,0.02269592340089443,0.10436521739130436,2.7422956521739135,1.134313043478261,1.3274086956521738,1.4233217391304347,0.4747826086956522,0.5547826086956522,1.3189565217391304,0.08000000000000002,0.75,2875,0.07854122620870009,2.102505190148565
entry_range_bps,355.4791433568509,383.0152513765441,-0.07812588826142677,-2.0563763084173727,0.03984842606965727,-0.002844586741553098,0.8788257519905237,0.1791304347826087,0.8085913043478261,1.8332173913043481,1.4257739130434781,2.4849913043478264,0.5478260869565217,0.48,2.3058608695652176,-0.0678260869565217,0.75,2875,0.07812588826142677,2.0563763084173727
exit_price,171.1553632400781,151.66613781763826,0.07795039917173194,2.1168781570717514,0.03435653846562755,0.061894402263351904,0.0008986983619733479,0.9593913043478263,0.9898608695652173,1.380486956521739,1.9256521739130434,1.4763130434782608,0.46260869565217394,0.551304347826087,0.5169217391304345,0.08869565217391301,0.75,2875,0.07795039917173194,2.1168781570717514
entry_rvol_20d,44.391318481927456,47.801550601415585,-0.07380498213132748,-1.9813591405997215,0.047646878460251965,0.0021297318528843943,0.9091231529069939,0.11812173913043479,0.5969913043478261,1.5274608695652174,1.3208,3.1683304347826087,0.5495652173913044,0.49043478260869566,3.0502086956521737,-0.05913043478260871,0.75,2875,0.07380498213132748,1.9813591405997215
spy_entry_bb_pctb,0.6194035414547111,0.5968245107867985,0.07166303275480455,1.9095276293650663,0.056297240311955335,0.029236351353919943,0.1170497273871592,0.5613565217391305,1.822991304347826,1.3637565217391303,1.5394086956521738,1.444191304347826,0.5026086956521739,0.5495652173913044,0.8828347826086955,0.04695652173913045,0.5,2875,0.07166303275480455,1.9095276293650663
spy_entry_consec_days,0.47234873129473,0.3064275037369208,0.07078054705043918,1.8826255752942667,0.059856887311681754,0.06276162765042709,0.0007597040948978189,-0.9771304347826087,1.1621739130434783,2.4605565217391305,2.2437913043478264,1.8423130434782606,0.47130434782608693,0.5582608695652174,2.8194434782608693,0.08695652173913043,0.5,2875,0.07078054705043918,1.8826255752942667
entry_dist_sma200_pct,17.351941121741355,12.81713204312127,0.06988655677961864,1.945048081178704,0.05189979163906478,0.06183940413701888,0.0009989166930943335,-0.09425795053003526,0.8314310954063604,1.756849557522124,1.8502826855123675,2.594575971731449,0.4734982332155477,0.5265017667844523,2.6888339222614843,0.05300353356890458,1.0,2829,0.06988655677961864,1.945048081178704
entry_dist_sma20_pct,7.5437843593896545,6.090591276283803,0.06562428975094305,1.8037957652976813,0.0713754570926721,0.09458987714895187,3.7543941313352693e-07,0.299495652173913,0.012782608695652169,1.0134608695652174,0.6194782608695651,4.786486956521739,0.4852173913043478,0.5947826086956521,4.486991304347826,0.10956521739130431,0.5,2875,0.06562428975094305,1.8037957652976813
exit_squeeze,0.05855562784645413,0.07473841554559044,-0.0651509107614046,-1.7289057463163897,0.08394013769329094,-0.036139672960750054,0.05267639987795578,4.06264347826087,-2.1121739130434785,2.1678434782608695,0.49062608695652177,2.1227652173913043,0.5895652173913043,0.5739130434782609,-1.9398782608695653,-0.01565217391304341,0.5,2875,0.0651509107614046,1.7289057463163897
spy_entry_dist_sma8_pct,0.19820338958709605,0.08687178681497916,0.06469399813316806,1.7365076139893667,0.08258211524359688,0.048564093104253775,0.009204502559666492,-0.2633391304347826,1.913495652173913,1.7997739130434784,2.0476869565217393,1.2340869565217392,0.4747826086956522,0.5391304347826087,1.4974260869565217,0.0643478260869565,0.5,2875,0.06469399813316806,1.7365076139893667
entry_macd_signal,3.0680368054702774,3.507696666940478,-0.06441148668611113,-1.722770872415434,0.0850396345034935,-0.05571742808330733,0.0028031685995188404,2.808191304347826,2.2270086956521737,1.2964521739130435,0.6817913043478261,-0.2817391304347826,0.5478260869565217,0.4956521739130435,-3.0899304347826084,-0.05217391304347818,-1.0,2875,0.06441148668611113,1.722770872415434
exit_sma_8,169.3920841411841,154.47149010650224,0.059628588636699204,1.615961560314654,0.10621273706804567,0.04506741343717341,0.015664163536451007,1.2755130434782609,1.0121739130434784,1.2577739130434784,2.3317565217391305,0.8544869565217391,0.46956521739130436,0.5373913043478261,-0.4210260869565218,0.06782608695652176,0.5,2875,0.059628588636699204,1.615961560314654
exit_ema_8,169.23686327308636,154.34892810871563,0.05961723346747818,1.61558483749254,0.10629421379956688,0.044992985558585136,0.01583689979069668,1.2848,0.951791304347826,1.32,2.3372869565217393,0.8378260869565217,0.46956521739130436,0.5373913043478261,-0.4469739130434782,0.06782608695652176,0.5,2875,0.05961723346747818,1.61558483749254
entry_gap_bps,7.524557110549302,-5.4201979875294874,0.05554797306410562,1.4582367306572694,0.14490228214641215,0.011809571486626114,0.5267568715451599,2.0671304347826087,0.7396695652173912,0.9253043478260868,0.4639304347826087,2.5356695652173915,0.5060869565217392,0.542608695652174,0.4685391304347828,0.03652173913043477,0.5,2875,0.05554797306410562,1.4582367306572694
exit_ema_12,167.95656775894463,155.45967107009076,0.050163852771264096,1.3579137249090598,0.1745978408918332,0.03604243229896677,0.05331662517304931,1.6022782608695654,0.8998608695652173,1.2512173913043478,2.2931304347826087,0.6852173913043478,0.4765217391304348,0.5339130434782609,-0.9170608695652176,0.05739130434782608,0.5,2875,0.050163852771264096,1.3579137249090598
entry_macd,3.8000503075042444,4.2028455197178385,-0.04955545751992005,-1.3258536252780033,0.18499547078601442,-0.030345364073989668,0.10378894788801647,2.428834782608696,2.1129739130434784,1.4243478260869564,0.9607304347826087,-0.1951826086956522,0.5339130434782609,0.5008695652173913,-2.624017391304348,-0.03304347826086951,-1.0,2875,0.04955545751992005,1.3258536252780033
exit_sma_12,168.22954446432445,155.92419856751368,0.04910178217868073,1.3291266942492133,0.18391185334587665,0.035199934873278285,0.059140117859429714,1.6209391304347827,0.9265739130434782,1.2285043478260869,2.2455652173913045,0.7101217391304347,0.4747826086956522,0.5356521739130434,-0.9108173913043479,0.06086956521739123,0.5,2875,0.04910178217868073,1.3291266942492133
entry_adx_14,26.746629576962253,27.22196801066759,-0.04841944535295424,-1.292189322399038,0.1963985138776184,-0.026570272373395973,0.15435848066719285,1.9679999999999997,0.8759652173913044,2.1154782608695655,0.3194260869565217,1.4528347826086956,0.5443478260869565,0.5095652173913043,-0.5151652173913042,-0.034782608695652195,0.5,2875,0.04841944535295424,1.292189322399038
spy_entry_dist_sma50_pct,1.361867621854882,1.550989621657828,-0.04591070161463634,-1.2385840380089919,0.21560078670013344,0.0007818168150037284,0.9665767956759858,2.063582608695652,0.10488695652173916,1.3098260869565217,1.4267999999999998,1.8266086956521739,0.551304347826087,0.5252173913043479,-0.23697391304347803,-0.02608695652173909,0.75,2875,0.04591070161463634,1.2385840380089919
entry_rvol_10d,45.506258410849135,48.19003600980202,-0.044891678022692665,-1.2106644346295332,0.22612365572235774,0.00983541424891553,0.5980902944973715,0.21297391304347826,0.47493913043478264,1.3394956521739132,1.4552521739130435,3.2490434782608695,0.5460869565217391,0.49217391304347824,3.036069565217391,-0.05391304347826087,1.0,2875,0.044891678022692665,1.2106644346295332
spy_exit_adx_14,22.77251772996879,23.120304862523582,-0.04381348764180841,-1.1718423897762031,0.24135936614036455,-0.03417978372123615,0.06688810648633119,1.2398260869565216,2.143026086956522,2.069478260869565,1.0959304347826089,0.18344347826086949,0.5391304347826087,0.5008695652173913,-1.0563826086956523,-0.03826086956521735,-0.75,2875,0.04381348764180841,1.1718423897762031
entry_roc_10,12.305435726559722,8.712875915259126,0.04038409379002648,1.1423814409591873,0.2534395176084556,0.08391149919466467,6.629690768567224e-06,0.32017391304347836,0.1447478260869565,1.9846434782608697,0.3228869565217391,3.9592521739130437,0.4817391304347826,0.5878260869565217,3.6390782608695655,0.1060869565217391,0.5,2875,0.04038409379002648,1.1423814409591873
spy_entry_adx_14,22.658822420603713,22.974371414188912,-0.040106249966467354,-1.0726983862375028,0.28349827753915996,-0.023240413657094214,0.21285446632614358,2.954539130434783,2.219826086956522,-0.6981913043478261,1.4735826086956523,0.7819478260869566,0.56,0.5356521739130434,-2.1725913043478267,-0.024347826086956625,-0.75,2875,0.040106249966467354,1.0726983862375028
entry_dist_sma50_pct,13.263494551207678,11.81848157823589,0.036742834503112824,1.0242131158881096,0.30584094706681797,0.04545779037988179,0.014785018595141487,1.5621913043478262,0.2806608695652174,0.2635130434782608,1.2010434782608697,3.424295652173913,0.4991304347826087,0.5339130434782609,1.8621043478260868,0.03478260869565214,0.5,2875,0.036742834503112824,1.0242131158881096
spy_entry_dist_sma200_pct,5.223777466138375,5.483516103671293,-0.03604235798944647,-0.9672273307418742,0.33351247221258395,-0.021632265412362694,0.24623928625385275,2.058208695652174,1.074504347826087,2.0659652173913043,0.5359130434782609,0.9971130434782609,0.5443478260869565,0.5095652173913043,-1.0610956521739132,-0.034782608695652195,0.5,2875,0.03604235798944647,0.9672273307418742
exit_ema_20,165.25145358541684,156.5190093859619,0.035366942410714516,0.9556600953443003,0.3393244017622888,0.021814521076130182,0.24228122805256216,2.135617391304348,0.7506782608695652,1.4867304347826087,1.7910956521739132,0.5675826086956521,0.49043478260869566,0.5269565217391304,-1.5680347826086958,0.03652173913043477,0.5,2875,0.035366942410714516,0.9556600953443003
days_held,20.00065061808718,20.0,0.03488472240217316,0.9999999999982697,0.3174680152446042,-0.00019104180804553706,0.9918305857464147,3.681808695652174,-1.3782782608695652,0.7589913043478261,1.9879478260869563,1.6812347826086957,0.5756521739130435,0.551304347826087,-2.0005739130434783,-0.024347826086956514,0.5,2875,0.03488472240217316,0.9999999999982697
entry_rvol,1.0707004029670737,1.0508567848910004,0.03476727627666752,0.9276480393549643,0.3536704256120604,0.05104891837996033,0.006185392423763291,0.9716695652173913,0.7539304347826088,-0.10855652173913043,1.9097739130434785,3.204886956521739,0.5043478260869565,0.56,2.2332173913043474,0.05565217391304356,0.5,2875,0.03476727627666752,0.9276480393549643
entry_roc_20,16.095555551770058,13.190114272490728,0.03263794774902666,0.9244207230308275,0.355387048423776,0.05014341765127966,0.0071631281649120505,1.1943304347826087,0.0465217391304348,0.7943304347826087,0.9985043478260869,3.698017391304348,0.5008695652173913,0.542608695652174,2.5036869565217392,0.04173913043478261,0.75,2875,0.03263794774902666,0.9244207230308275
spy_entry_roc_20,1.2749221207447559,1.4304600225874728,-0.031677278572108634,-0.8525119969877989,0.39400121095452684,-0.011654443226906423,0.5322012145104315,1.443008695652174,1.6569391304347827,1.3929217391304347,1.2229565217391305,1.0158782608695651,0.5269565217391304,0.5165217391304348,-0.4271304347826088,-0.01043478260869568,-0.75,2875,0.031677278572108634,0.8525119969877989
entry_price,158.2360495770982,165.05677182361734,-0.02790684723047147,-0.7489812803036936,0.45393028260919444,-0.03758798316531849,0.04387670688116751,3.930591304347826,0.36749565217391306,2.0548,0.7585913043478261,-0.3797739130434783,0.5269565217391304,0.4973913043478261,-4.310365217391304,-0.029565217391304355,-0.75,2875,0.02790684723047147,0.7489812803036936
exit_sma_20,165.4576633636955,158.5680926772048,0.027741876297865786,0.7489963823648039,0.4539207024795009,0.014894019733177713,0.4246965186976836,2.2144173913043477,0.8479130434782609,1.6638260869565218,1.6316695652173914,0.37387826086956516,0.49043478260869566,0.5252173913043479,-1.8405391304347825,0.034782608695652195,-0.75,2875,0.027741876297865786,0.7489963823648039
entry_sma_12,153.46538902624158,159.94190597085202,-0.02715696476906827,-0.7290137826599146,0.46605308612329194,-0.037722286223398946,0.04312756365710716,3.8499652173913046,0.41495652173913045,1.8900521739130434,0.8388521739130436,-0.26212173913043485,0.5304347826086957,0.5008695652173913,-4.11208695652174,-0.029565217391304355,-0.75,2875,0.02715696476906827,0.7290137826599146
entry_sma_8,155.55888967143787,162.10761378914424,-0.02712101125997571,-0.7279348729684096,0.4667132292614898,-0.037421230172131,0.04482211068765335,4.018608695652174,0.30485217391304353,1.9160521739130436,0.7774782608695653,-0.28528695652173913,0.5304347826086957,0.4991304347826087,-4.303895652173913,-0.03130434782608699,-0.75,2875,0.02712101125997571,0.7279348729684096
entry_ema_8,155.64100137970357,162.099306740958,-0.026755486108793882,-0.7181589955446904,0.4727180919417352,-0.037024210914954836,0.047142313651899234,3.95744347826087,0.4411652173913043,1.8793217391304347,0.7137913043478261,-0.2600173913043478,0.528695652173913,0.4991304347826087,-4.217460869565218,-0.0295652173913043,-0.75,2875,0.026755486108793882,0.7181589955446904
entry_ema_12,154.07454490551433,160.4467407045812,-0.026635701161181184,-0.7149553223713973,0.4746951770588993,-0.03717183839666799,0.0462680425099398,3.887565217391304,0.42871304347826084,1.8039304347826086,0.8759652173913044,-0.26446956521739134,0.528695652173913,0.5008695652173913,-4.152034782608696,-0.027826086956521667,-0.75,2875,0.026635701161181184,0.7149553223713973
entry_sma_20,150.66077264150945,156.80561369271302,-0.026132574874824045,-0.7015812719341786,0.4829975595544223,-0.03748154016423754,0.044478220581059,3.552608695652174,0.7861739130434783,1.836991304347826,0.7946608695652174,-0.23873043478260872,0.5252173913043479,0.5008695652173913,-3.7913391304347828,-0.024347826086956514,-0.75,2875,0.026132574874824045,0.7015812719341786
entry_ema_20,151.6521868423203,157.79476899226373,-0.026068209757296165,-0.6996666734302494,0.4841925742451052,-0.0371860263597597,0.0461847427137533,3.600208695652174,0.6541217391304348,1.8147826086956522,0.9017391304347826,-0.23914782608695656,0.5269565217391304,0.5008695652173913,-3.8393565217391306,-0.02608695652173909,-0.75,2875,0.026068209757296165,0.6996666734302494
entry_pct_from_20d_low,23.05710605693446,20.48112469071366,0.025971170133194395,0.7329811041167654,0.46365733500500195,0.06314420616641601,0.0007049689930469702,0.09582608695652178,0.23203478260869562,1.1140695652173913,1.5866782608695653,3.7030956521739133,0.4973913043478261,0.5356521739130434,3.6072695652173916,0.03826086956521735,1.0,2875,0.025971170133194395,0.7329811041167654
exit_atr_14,5.074873523117574,5.352479100177031,-0.024127683748597015,-0.6633759799411847,0.5071469005177552,-0.008160953586833242,0.6618217349034241,0.7335652173913044,2.2006782608695654,1.5536521739130436,1.4104347826086956,0.8333739130434783,0.5060869565217392,0.4956521739130435,0.09980869565217387,-0.01043478260869568,-0.75,2875,0.024127683748597015,0.6633759799411847
entry_ema_50,146.93224283364893,152.32874053326876,-0.023714600545653625,-0.6363962658387309,0.5245692813871783,-0.03655353629197548,0.050022957902231505,3.594834782608696,0.8484173913043478,1.6722434782608697,0.9220521739130434,-0.3058434782608696,0.5252173913043479,0.5008695652173913,-3.9006782608695656,-0.024347826086956514,-0.75,2875,0.023714600545653625,0.6363962658387309
entry_sma_50,144.63903677570593,149.93472029920775,-0.02366035320241354,-0.6346538561104851,0.5257051999772099,-0.035411916565748096,0.05762732542922411,3.5506608695652178,0.9553913043478262,1.714486956521739,0.9160695652173914,-0.404904347826087,0.5234782608695652,0.4991304347826087,-3.955565217391305,-0.02434782608695646,-0.75,2875,0.02366035320241354,0.6346538561104851
spy_entry_pct_from_52w_high,-5.596542363239759,-5.444197296479166,-0.023330863706583004,-0.6272094936508009,0.5305719669569512,-0.015120569048084639,0.4176850672452619,1.398295652173913,0.6037391304347826,2.5179478260869566,1.487721739130435,0.724,0.5060869565217392,0.5234782608695652,-0.674295652173913,0.017391304347825987,-0.75,2875,0.023330863706583004,0.6272094936508009
spy_entry_pct_from_20d_high,-2.523559956299748,-2.452822909231483,-0.02129376908710396,-0.5768998759481948,0.5640524029134881,0.004831919438617411,0.7956571062438389,1.3409565217391304,0.7523826086956522,2.219304347826087,1.0468,1.3722608695652174,0.5217391304347826,0.5617391304347826,0.03130434782608704,0.040000000000000036,0.5,2875,0.02129376908710396,0.5768998759481948
entry_sma_100,142.69779961398828,147.1576304119357,-0.020261467119930106,-0.5437559904531974,0.5866519243540486,-0.03647870315146691,0.050494273829501654,3.460713043478261,0.9691652173913043,1.8869391304347827,0.7597565217391304,-0.34486956521739126,0.5217391304347826,0.5060869565217392,-3.8055826086956523,-0.01565217391304341,-0.75,2875,0.020261467119930106,0.5437559904531974
entry_sma_200,143.22255639568647,147.30803328621386,-0.018970002140987974,-0.5057423867163491,0.6130771423786555,-0.049072493434492555,0.009040893293080028,3.985141342756184,1.38791519434629,1.5156814159292036,0.23756183745583045,-0.18784452296819792,0.5265017667844523,0.5017667844522968,-4.172985865724382,-0.02473498233215543,-0.75,2829,0.018970002140987974,0.5057423867163491
spy_entry_close,466.5768249837345,468.53689835575483,-0.01831071125374346,-0.4915971248291602,0.6230419930338685,-0.031854520968359175,0.0876922100215781,4.038295652173913,1.0174782608695654,-0.31198260869565214,0.2574434782608696,1.7304695652173914,0.5843478260869566,0.5373913043478261,-2.3078260869565215,-0.04695652173913045,0.5,2875,0.01831071125374346,0.4915971248291602
entry_sma50_slope_5d,1.717906426553352,1.7820082283680714,-0.018168297035524486,-0.5078026603944931,0.6116414595373628,-0.026692448982801056,0.15247158706148783,1.555286956521739,1.3712521739130434,0.6655652173913045,1.4054260869565218,1.7341739130434781,0.5582608695652174,0.48,0.17888695652173903,-0.07826086956521738,0.5,2875,0.018168297035524486,0.5078026603944931
entry_macd_hist,0.7320135020339673,0.6951488527773599,0.01583769867647019,0.4269337753608592,0.6694595734280305,0.03895369259483627,0.036748841324820966,0.6593391304347828,1.0856000000000001,2.2950608695652175,1.7528521739130434,0.9388521739130435,0.5026086956521739,0.5547826086956522,0.2795130434782608,0.05217391304347829,0.5,2875,0.01583769867647019,0.4269337753608592
entry_pct_from_52w_low,87.54105866258405,83.15587372431472,0.015724140403373426,0.4151075960882935,0.6780956460007583,0.04807253580720383,0.010856768709645512,0.03911032028469759,0.17729055258467022,1.5676114081996435,2.075222816399287,3.1244839857651248,0.5088967971530249,0.5213523131672598,3.0853736654804274,0.01245551601423489,1.0,2807,0.015724140403373426,0.4151075960882935
exit_sma_200,145.0722941957753,148.50121447668565,-0.015629067446995687,-0.4175392046316936,0.6763158046402538,-0.042714502547979025,0.02284828539423773,3.9568838028169018,1.2213028169014086,1.594126984126984,0.28230633802816907,-0.09470070422535218,0.528169014084507,0.5088028169014085,-4.051584507042254,-0.01936619718309851,-0.75,2839,0.015629067446995687,0.4175392046316936
spy_entry_sma_50,460.1585865972674,461.7030638266069,-0.014845793587802697,-0.3979917858479868,0.690666135580976,-0.025249262909540382,0.1759061931480629,3.2782608695652176,2.036904347826087,-1.029304347826087,1.4179652173913044,1.0278782608695651,0.568695652173913,0.5095652173913043,-2.250382608695652,-0.05913043478260871,-0.75,2875,0.014845793587802697,0.3979917858479868
spy_entry_sma_200,443.0152274886142,444.238175896861,-0.012831954288698239,-0.3442507713983747,0.7306831216003828,-0.020105349617052196,0.2811813223157172,3.681808695652174,1.6147652173913043,0.2646608695652174,-0.5141217391304347,1.684591304347826,0.5756521739130435,0.551304347826087,-1.9972173913043478,-0.024347826086956514,-0.75,2875,0.012831954288698239,0.3442507713983747
entry_squeeze,0.048145738451528954,0.05082212257100149,-0.012347511414569008,-0.32965004430233324,0.7416890853587086,0.001777478675675946,0.9241040995331926,4.031339130434783,-2.2505217391304346,2.115791304347826,0.2841217391304348,2.550973913043478,0.5843478260869566,0.5878260869565217,-1.4803652173913049,0.003478260869565153,0.5,2875,0.012347511414569008,0.32965004430233324
entry_bb_bandwidth,0.23448666972228316,0.23818442968543946,-0.011797739734865913,-0.31928197221737503,0.7495359402279123,0.02736539695156741,0.14239168143399974,0.21606956521739132,1.2789739130434783,0.3945913043478261,1.331321739130435,3.5107478260869565,0.5217391304347826,0.5234782608695652,3.2946782608695653,0.0017391304347825765,0.75,2875,0.011797739734865913,0.31928197221737503
spy_entry_roc_10,0.5678230497018524,0.5302056423629302,0.01062628078670842,0.2864521757082854,0.7745524839915777,0.016311910877807374,0.3819513079486182,1.3315304347826087,1.2310956521739131,1.6817217391304349,2.0662956521739133,0.4210608695652174,0.528695652173913,0.5217391304347826,-0.9104695652173913,-0.006956521739130417,0.5,2875,0.01062628078670842,0.2864521757082854
exit_ema_50,157.3956384948738,155.04763270250444,0.009862786494175185,0.2656557195501504,0.7905234543336864,-0.0032557263555952195,0.8614776973052578,2.870313043478261,0.6321391304347826,1.6419826086956522,1.2948521739130434,0.2924173913043478,0.5095652173913043,0.5165217391304348,-2.577895652173913,0.006956521739130417,-0.75,2875,0.009862786494175185,0.2656557195501504
exit_sma_100,147.385217912622,149.58261763646487,-0.00973636917920373,-0.261604159661379,0.7936454866468727,-0.023754937946997214,0.20289656126963712,3.228052173913044,0.8003826086956521,1.8952869565217392,0.9701391304347827,-0.16215652173913048,0.5165217391304348,0.5095652173913043,-3.3902086956521744,-0.006956521739130417,-0.75,2875,0.00973636917920373,0.261604159661379
spy_exit_squeeze,0.03383214053350683,0.032137518684603884,0.009477203240809586,0.25390481641264073,0.7995874990619313,0.021367507899348964,0.25206938067588824,3.580782608695652,-2.2496,1.9094782608695653,1.3060347826086958,2.185008695652174,0.591304347826087,0.56,-1.3957739130434779,-0.03130434782608693,0.5,2875,0.009477203240809586,0.25390481641264073
spy_entry_squeeze,0.02992843201040989,0.03139013452914798,-0.008482811231477424,-0.22651149175862725,0.8208201584869905,0.0001508463287580778,0.9935494001850751,3.622278260869565,-2.18535652173913,1.5567652173913042,1.3252869565217393,2.4127304347826084,0.577391304347826,0.5669565217391305,-1.2095478260869568,-0.01043478260869557,0.5,2875,0.008482811231477424,0.22651149175862725
spy_entry_macd_hist,-0.022043225005486323,-0.03529503805518775,0.008287769416446905,0.22287803325358094,0.8236463328672928,-0.003976373720467611,0.8312353837889366,1.355217391304348,2.8255478260869564,0.9496347826086958,1.5767130434782608,0.024591304347826057,0.5391304347826087,0.5252173913043479,-1.3306260869565218,-0.013913043478260834,0.5,2875,0.008287769416446905,0.22287803325358094
spy_exit_sma_50,466.1329838646715,465.3064674140508,0.007821892845528634,0.20978120550555823,0.8338534615198396,-0.013588015915910226,0.4664342652839522,3.3703826086956523,1.628121739130435,-0.673391304347826,0.9381739130434783,1.468417391304348,0.577391304347826,0.5234782608695652,-1.9019652173913044,-0.05391304347826087,0.5,2875,0.007821892845528634,0.20978120550555823
entry_sma20_slope_5d,2.931662487986046,2.8653301779765696,0.0077263366793461595,0.21585456873815023,0.8291205421352333,0.0134635955289101,0.47052589151525215,1.3138782608695652,0.9984173913043479,0.4724695652173913,0.961304347826087,2.9856347826086957,0.5113043478260869,0.5113043478260869,1.6717565217391306,0.0,0.5,2875,0.0077263366793461595,0.21585456873815023
spy_exit_sma_200,447.6753702992843,448.21481109865465,-0.005554050045821876,-0.14900996169654107,0.8815563221917366,-0.017689478573457162,0.34305089217724244,3.681808695652174,1.7015478260869565,-0.144904347826087,-0.19133913043478254,1.684591304347826,0.5756521739130435,0.551304347826087,-1.9972173913043478,-0.024347826086956514,-0.75,2875,0.005554050045821876,0.14900996169654107
spy_entry_rsi_14,55.576372402041905,55.63089976930635,-0.0048701017865466325,-0.12962936548180484,0.8968691340952009,-0.007824361697728438,0.6749540517740878,0.6622608695652175,1.3273391304347826,2.636608695652174,2.517495652173913,-0.41200000000000003,0.4991304347826087,0.4852173913043478,-1.0742608695652174,-0.01391304347826089,0.5,2875,0.0048701017865466325,0.12962936548180484
spy_entry_dist_sma20_pct,0.5235219775840746,0.5146349739300252,0.00314628021115937,0.08474887456399362,0.9324669517219163,0.014721385426325598,0.4300852111903582,0.8840521739130436,1.3998608695652173,2.047634782608696,1.309808695652174,1.0903478260869566,0.5113043478260869,0.5356521739130434,0.206295652173913,0.024347826086956514,0.5,2875,0.00314628021115937,0.08474887456399362
exit_sma_50,154.7852261769681,155.47337610402093,-0.0029114944628114347,-0.0783033712013069,0.9375922072189633,-0.014879423865290262,0.425150589558593,2.9810260869565215,0.7952521739130435,1.9049043478260868,1.0554782608695652,-0.004956521739130465,0.5130434782608696,0.5095652173913043,-2.985982608695652,-0.003478260869565264,-0.75,2875,0.0029114944628114347,0.0783033712013069
